2024-07-19 03:44:33,779 - DEBUG - Init schema document for None
2024-07-19 03:44:33,825 - DEBUG - register_type('{http://www.w3.org/2001/XMLSchema}string', <zeep.xsd.types.builtins.String object at 0x0000022DF17AB140>)
2024-07-19 03:44:33,835 - DEBUG - register_type('{http://www.w3.org/2001/XMLSchema}boolean', <zeep.xsd.types.builtins.Boolean object at 0x0000022DF17AA840>)
2024-07-19 03:44:33,848 - DEBUG - register_type('{http://www.w3.org/2001/XMLSchema}decimal', <zeep.xsd.types.builtins.Decimal object at 0x0000022DF1A347A0>)
2024-07-19 03:44:33,861 - DEBUG - register_type('{http://www.w3.org/2001/XMLSchema}float', <zeep.xsd.types.builtins.Float object at 0x0000022DF1A34E30>)
2024-07-19 03:44:33,872 - DEBUG - register_type('{http://www.w3.org/2001/XMLSchema}double', <zeep.xsd.types.builtins.Double object at 0x0000022DF1A37290>)
2024-07-19 03:44:33,883 - DEBUG - register_type('{http://www.w3.org/2001/XMLSchema}duration', <zeep.xsd.types.builtins.Duration object at 0x0000022DF17A9340>)
2024-07-19 03:44:33,895 - DEBUG - register_type('{http://www.w3.org/2001/XMLSchema}dateTime', <zeep.xsd.types.builtins.DateTime object at 0x0000022DF17AA810>)
2024-07-19 03:44:33,906 - DEBUG - register_type('{http://www.w3.org/2001/XMLSchema}time', <zeep.xsd.types.builtins.Time object at 0x0000022DF1687560>)
2024-07-19 03:44:33,918 - DEBUG - register_type('{http://www.w3.org/2001/XMLSchema}date', <zeep.xsd.types.builtins.Date object at 0x0000022DF17A9AC0>)
2024-07-19 03:44:33,931 - DEBUG - register_type('{http://www.w3.org/2001/XMLSchema}gYearMonth', <zeep.xsd.types.builtins.gYearMonth object at 0x0000022DF1686C00>)
2024-07-19 03:44:33,947 - DEBUG - register_type('{http://www.w3.org/2001/XMLSchema}gYear', <zeep.xsd.types.builtins.gYear object at 0x0000022DF1687D40>)
2024-07-19 03:44:33,958 - DEBUG - register_type('{http://www.w3.org/2001/XMLSchema}gMonthDay', <zeep.xsd.types.builtins.gMonthDay object at 0x0000022DF1686960>)
2024-07-19 03:44:33,967 - DEBUG - register_type('{http://www.w3.org/2001/XMLSchema}gDay', <zeep.xsd.types.builtins.gDay object at 0x0000022DF17A9880>)
2024-07-19 03:44:33,979 - DEBUG - register_type('{http://www.w3.org/2001/XMLSchema}gMonth', <zeep.xsd.types.builtins.gMonth object at 0x0000022DF1687470>)
2024-07-19 03:44:33,988 - DEBUG - register_type('{http://www.w3.org/2001/XMLSchema}hexBinary', <zeep.xsd.types.builtins.HexBinary object at 0x0000022DF1686FF0>)
2024-07-19 03:44:34,000 - DEBUG - register_type('{http://www.w3.org/2001/XMLSchema}base64Binary', <zeep.xsd.types.builtins.Base64Binary object at 0x0000022DF16864E0>)
2024-07-19 03:44:34,011 - DEBUG - register_type('{http://www.w3.org/2001/XMLSchema}anyURI', <zeep.xsd.types.builtins.AnyURI object at 0x0000022DF1687290>)
2024-07-19 03:44:34,020 - DEBUG - register_type('{http://www.w3.org/2001/XMLSchema}QName', <zeep.xsd.types.builtins.QName object at 0x0000022DF17A9730>)
2024-07-19 03:44:34,031 - DEBUG - register_type('{http://www.w3.org/2001/XMLSchema}NOTATION', <zeep.xsd.types.builtins.Notation object at 0x0000022DF17A9940>)
2024-07-19 03:44:34,044 - DEBUG - register_type('{http://www.w3.org/2001/XMLSchema}normalizedString', <zeep.xsd.types.builtins.NormalizedString object at 0x0000022DF17ABBF0>)
2024-07-19 03:44:34,053 - DEBUG - register_type('{http://www.w3.org/2001/XMLSchema}token', <zeep.xsd.types.builtins.Token object at 0x0000022DF17A9E50>)
2024-07-19 03:44:34,063 - DEBUG - register_type('{http://www.w3.org/2001/XMLSchema}language', <zeep.xsd.types.builtins.Language object at 0x0000022DF17A9790>)
2024-07-19 03:44:34,075 - DEBUG - register_type('{http://www.w3.org/2001/XMLSchema}NMTOKEN', <zeep.xsd.types.builtins.NmToken object at 0x0000022DF17A9DC0>)
2024-07-19 03:44:34,085 - DEBUG - register_type('{http://www.w3.org/2001/XMLSchema}NMTOKENS', <zeep.xsd.types.builtins.NmTokens object at 0x0000022DF16879B0>)
2024-07-19 03:44:34,095 - DEBUG - register_type('{http://www.w3.org/2001/XMLSchema}Name', <zeep.xsd.types.builtins.Name object at 0x0000022DF1687C20>)
2024-07-19 03:44:34,105 - DEBUG - register_type('{http://www.w3.org/2001/XMLSchema}NCName', <zeep.xsd.types.builtins.NCName object at 0x0000022DF1687F80>)
2024-07-19 03:44:34,114 - DEBUG - register_type('{http://www.w3.org/2001/XMLSchema}ID', <zeep.xsd.types.builtins.ID object at 0x0000022DF16844D0>)
2024-07-19 03:44:34,125 - DEBUG - register_type('{http://www.w3.org/2001/XMLSchema}IDREF', <zeep.xsd.types.builtins.IDREF object at 0x0000022DF17A9400>)
2024-07-19 03:44:34,135 - DEBUG - register_type('{http://www.w3.org/2001/XMLSchema}IDREFS', <zeep.xsd.types.builtins.IDREFS object at 0x0000022DF16875F0>)
2024-07-19 03:44:34,147 - DEBUG - register_type('{http://www.w3.org/2001/XMLSchema}ENTITY', <zeep.xsd.types.builtins.Entity object at 0x0000022DF17A96D0>)
2024-07-19 03:44:34,159 - DEBUG - register_type('{http://www.w3.org/2001/XMLSchema}ENTITIES', <zeep.xsd.types.builtins.Entities object at 0x0000022DF1687380>)
2024-07-19 03:44:34,168 - DEBUG - register_type('{http://www.w3.org/2001/XMLSchema}integer', <zeep.xsd.types.builtins.Integer object at 0x0000022DF1687110>)
2024-07-19 03:44:34,181 - DEBUG - register_type('{http://www.w3.org/2001/XMLSchema}nonPositiveInteger', <zeep.xsd.types.builtins.NonPositiveInteger object at 0x0000022DF16865D0>)
2024-07-19 03:44:34,192 - DEBUG - register_type('{http://www.w3.org/2001/XMLSchema}negativeInteger', <zeep.xsd.types.builtins.NegativeInteger object at 0x0000022DF1684770>)
2024-07-19 03:44:34,202 - DEBUG - register_type('{http://www.w3.org/2001/XMLSchema}long', <zeep.xsd.types.builtins.Long object at 0x0000022DF1687B60>)
2024-07-19 03:44:34,213 - DEBUG - register_type('{http://www.w3.org/2001/XMLSchema}int', <zeep.xsd.types.builtins.Int object at 0x0000022DF17ABA70>)
2024-07-19 03:44:34,225 - DEBUG - register_type('{http://www.w3.org/2001/XMLSchema}short', <zeep.xsd.types.builtins.Short object at 0x0000022DF1686C60>)
2024-07-19 03:44:34,236 - DEBUG - register_type('{http://www.w3.org/2001/XMLSchema}byte', <zeep.xsd.types.builtins.Byte object at 0x0000022DF1A35670>)
2024-07-19 03:44:34,247 - DEBUG - register_type('{http://www.w3.org/2001/XMLSchema}nonNegativeInteger', <zeep.xsd.types.builtins.NonNegativeInteger object at 0x0000022DF17AA3C0>)
2024-07-19 03:44:34,258 - DEBUG - register_type('{http://www.w3.org/2001/XMLSchema}unsignedByte', <zeep.xsd.types.builtins.UnsignedByte object at 0x0000022DF1686D20>)
2024-07-19 03:44:34,268 - DEBUG - register_type('{http://www.w3.org/2001/XMLSchema}unsignedInt', <zeep.xsd.types.builtins.UnsignedInt object at 0x0000022DF1687530>)
2024-07-19 03:44:34,280 - DEBUG - register_type('{http://www.w3.org/2001/XMLSchema}unsignedLong', <zeep.xsd.types.builtins.UnsignedLong object at 0x0000022DF1687D70>)
2024-07-19 03:44:34,292 - DEBUG - register_type('{http://www.w3.org/2001/XMLSchema}unsignedShort', <zeep.xsd.types.builtins.UnsignedShort object at 0x0000022DF16877A0>)
2024-07-19 03:44:34,306 - DEBUG - register_type('{http://www.w3.org/2001/XMLSchema}positiveInteger', <zeep.xsd.types.builtins.PositiveInteger object at 0x0000022DF1687FE0>)
2024-07-19 03:44:34,319 - DEBUG - register_type('{http://www.w3.org/2001/XMLSchema}anyType', <zeep.xsd.types.any.AnyType object at 0x0000022DF1687650>)
2024-07-19 03:44:34,332 - DEBUG - register_type('{http://www.w3.org/2001/XMLSchema}anySimpleType', <zeep.xsd.types.simple.AnySimpleType object at 0x0000022DF1686900>)
2024-07-19 03:44:34,345 - DEBUG - register_element('{http://www.w3.org/2001/XMLSchema}schema', <zeep.xsd.elements.builtins.Schema object at 0x0000022DF17A97C0>)
2024-07-19 03:44:34,354 - DEBUG - Add document with tns http://www.w3.org/2001/XMLSchema to schema 2396348129808
2024-07-19 03:44:34,364 - DEBUG - Loading remote data from: https://pilotosiatservicios.impuestos.gob.bo/v2/FacturacionCodigos?wsdl
2024-07-19 03:44:34,377 - DEBUG - Starting new HTTPS connection (1): pilotosiatservicios.impuestos.gob.bo:443
2024-07-19 03:44:35,027 - DEBUG - https://pilotosiatservicios.impuestos.gob.bo:443 "GET /v2/FacturacionCodigos?wsdl HTTP/1.1" 200 3385
2024-07-19 03:44:35,046 - DEBUG - Creating definition for https://pilotosiatservicios.impuestos.gob.bo/v2/FacturacionCodigos?wsdl
2024-07-19 03:44:35,055 - DEBUG - Loading remote data from: https://pilotosiatservicios.impuestos.gob.bo/v2/FacturacionCodigos?wsdl=ServicioFacturacionCodigos.wsdl
2024-07-19 03:44:35,088 - DEBUG - https://pilotosiatservicios.impuestos.gob.bo:443 "GET /v2/FacturacionCodigos?wsdl=ServicioFacturacionCodigos.wsdl HTTP/1.1" 200 None
2024-07-19 03:44:35,100 - DEBUG - Creating definition for https://pilotosiatservicios.impuestos.gob.bo/v2/FacturacionCodigos?wsdl=ServicioFacturacionCodigos.wsdl
2024-07-19 03:44:35,111 - DEBUG - Init schema document for 'https://pilotosiatservicios.impuestos.gob.bo/v2/FacturacionCodigos?wsdl=ServicioFacturacionCodigos.wsdl'
2024-07-19 03:44:35,121 - DEBUG - Add document with tns https://siat.impuestos.gob.bo/ to schema 2396348129808
2024-07-19 03:44:35,131 - DEBUG - register_element('{https://siat.impuestos.gob.bo/}cufd', <Element(name='cufd', type=<UnresolvedType(qname='{https://siat.impuestos.gob.bo/}cufd')>)>)
2024-07-19 03:44:35,144 - DEBUG - register_element('{https://siat.impuestos.gob.bo/}cufdMasivo', <Element(name='cufdMasivo', type=<UnresolvedType(qname='{https://siat.impuestos.gob.bo/}cufdMasivo')>)>)
2024-07-19 03:44:35,157 - DEBUG - register_element('{https://siat.impuestos.gob.bo/}cufdMasivoResponse', <Element(name='cufdMasivoResponse', type=<UnresolvedType(qname='{https://siat.impuestos.gob.bo/}cufdMasivoResponse')>)>)
2024-07-19 03:44:35,168 - DEBUG - register_element('{https://siat.impuestos.gob.bo/}cufdResponse', <Element(name='cufdResponse', type=<UnresolvedType(qname='{https://siat.impuestos.gob.bo/}cufdResponse')>)>)
2024-07-19 03:44:35,181 - DEBUG - register_element('{https://siat.impuestos.gob.bo/}cuis', <Element(name='cuis', type=<UnresolvedType(qname='{https://siat.impuestos.gob.bo/}cuis')>)>)
2024-07-19 03:44:35,193 - DEBUG - register_element('{https://siat.impuestos.gob.bo/}cuisMasivo', <Element(name='cuisMasivo', type=<UnresolvedType(qname='{https://siat.impuestos.gob.bo/}cuisMasivo')>)>)
2024-07-19 03:44:35,204 - DEBUG - register_element('{https://siat.impuestos.gob.bo/}cuisMasivoResponse', <Element(name='cuisMasivoResponse', type=<UnresolvedType(qname='{https://siat.impuestos.gob.bo/}cuisMasivoResponse')>)>)
2024-07-19 03:44:35,218 - DEBUG - register_element('{https://siat.impuestos.gob.bo/}cuisResponse', <Element(name='cuisResponse', type=<UnresolvedType(qname='{https://siat.impuestos.gob.bo/}cuisResponse')>)>)
2024-07-19 03:44:35,231 - DEBUG - register_element('{https://siat.impuestos.gob.bo/}notificaCertificadoRevocado', <Element(name='notificaCertificadoRevocado', type=<UnresolvedType(qname='{https://siat.impuestos.gob.bo/}notificaCertificadoRevocado')>)>)
2024-07-19 03:44:35,245 - DEBUG - register_element('{https://siat.impuestos.gob.bo/}notificaCertificadoRevocadoResponse', <Element(name='notificaCertificadoRevocadoResponse', type=<UnresolvedType(qname='{https://siat.impuestos.gob.bo/}notificaCertificadoRevocadoResponse')>)>)
2024-07-19 03:44:35,258 - DEBUG - register_element('{https://siat.impuestos.gob.bo/}verificarComunicacion', <Element(name='verificarComunicacion', type=<UnresolvedType(qname='{https://siat.impuestos.gob.bo/}verificarComunicacion')>)>)
2024-07-19 03:44:35,295 - DEBUG - register_element('{https://siat.impuestos.gob.bo/}verificarComunicacionResponse', <Element(name='verificarComunicacionResponse', type=<UnresolvedType(qname='{https://siat.impuestos.gob.bo/}verificarComunicacionResponse')>)>)
2024-07-19 03:44:35,316 - DEBUG - register_element('{https://siat.impuestos.gob.bo/}verificarNit', <Element(name='verificarNit', type=<UnresolvedType(qname='{https://siat.impuestos.gob.bo/}verificarNit')>)>)
2024-07-19 03:44:35,335 - DEBUG - register_element('{https://siat.impuestos.gob.bo/}verificarNitResponse', <Element(name='verificarNitResponse', type=<UnresolvedType(qname='{https://siat.impuestos.gob.bo/}verificarNitResponse')>)>)
2024-07-19 03:44:35,347 - DEBUG - register_type('{https://siat.impuestos.gob.bo/}verificarComunicacion', <zeep.xsd.dynamic_types.verificarComunicacion object at 0x0000022DF17A9130>)
2024-07-19 03:44:35,359 - DEBUG - register_type('{https://siat.impuestos.gob.bo/}verificarComunicacionResponse', <zeep.xsd.dynamic_types.verificarComunicacionResponse object at 0x0000022DF16C6D80>)
2024-07-19 03:44:35,370 - DEBUG - register_type('{https://siat.impuestos.gob.bo/}respuestaComunicacion', <zeep.xsd.dynamic_types.respuestaComunicacion object at 0x0000022DF16C4560>)
2024-07-19 03:44:35,383 - DEBUG - register_type('{https://siat.impuestos.gob.bo/}modelDto', <zeep.xsd.dynamic_types.modelDto object at 0x0000022DF16C5A60>)
2024-07-19 03:44:35,395 - DEBUG - register_type('{https://siat.impuestos.gob.bo/}model', <zeep.xsd.dynamic_types.model object at 0x0000022DF17AAA80>)
2024-07-19 03:44:35,408 - DEBUG - register_type('{https://siat.impuestos.gob.bo/}mensajeServicio', <zeep.xsd.dynamic_types.mensajeServicio object at 0x0000022DF16C4290>)
2024-07-19 03:44:35,419 - DEBUG - register_type('{https://siat.impuestos.gob.bo/}verificarNit', <zeep.xsd.dynamic_types.verificarNit object at 0x0000022DF16C5FA0>)
2024-07-19 03:44:35,432 - DEBUG - register_type('{https://siat.impuestos.gob.bo/}solicitudVerificarNit', <zeep.xsd.dynamic_types.solicitudVerificarNit object at 0x0000022DF16C7E90>)
2024-07-19 03:44:35,445 - DEBUG - register_type('{https://siat.impuestos.gob.bo/}verificarNitResponse', <zeep.xsd.dynamic_types.verificarNitResponse object at 0x0000022DF17AA0F0>)
2024-07-19 03:44:35,458 - DEBUG - register_type('{https://siat.impuestos.gob.bo/}respuestaVerificarNit', <zeep.xsd.dynamic_types.respuestaVerificarNit object at 0x0000022DF16C5520>)
2024-07-19 03:44:35,469 - DEBUG - register_type('{https://siat.impuestos.gob.bo/}respuestaConfiguracion', <zeep.xsd.dynamic_types.respuestaConfiguracion object at 0x0000022DF16C4AD0>)
2024-07-19 03:44:35,482 - DEBUG - register_type('{https://siat.impuestos.gob.bo/}cuisMasivo', <zeep.xsd.dynamic_types.cuisMasivo object at 0x0000022DF16C5DC0>)
2024-07-19 03:44:35,494 - DEBUG - register_type('{https://siat.impuestos.gob.bo/}solicitudCuisMasivoSistemas', <zeep.xsd.dynamic_types.solicitudCuisMasivoSistemas object at 0x0000022DF16C5130>)
2024-07-19 03:44:35,508 - DEBUG - register_type('{https://siat.impuestos.gob.bo/}solicitudListaCuisDto', <zeep.xsd.dynamic_types.solicitudListaCuisDto object at 0x0000022DF16C70E0>)
2024-07-19 03:44:35,519 - DEBUG - register_type('{https://siat.impuestos.gob.bo/}cuisMasivoResponse', <zeep.xsd.dynamic_types.cuisMasivoResponse object at 0x0000022DF16C6030>)
2024-07-19 03:44:35,531 - DEBUG - register_type('{https://siat.impuestos.gob.bo/}respuestaCuisMasivo', <zeep.xsd.dynamic_types.respuestaCuisMasivo object at 0x0000022DF1744650>)
2024-07-19 03:44:35,543 - DEBUG - register_type('{https://siat.impuestos.gob.bo/}respuestaListaRegistroCuisSoapDto', <zeep.xsd.dynamic_types.respuestaListaRegistroCuisSoapDto object at 0x0000022DF17442C0>)
2024-07-19 03:44:35,556 - DEBUG - register_type('{https://siat.impuestos.gob.bo/}cufd', <zeep.xsd.dynamic_types.cufd object at 0x0000022DF17AA570>)
2024-07-19 03:44:35,567 - DEBUG - register_type('{https://siat.impuestos.gob.bo/}solicitudCufd', <zeep.xsd.dynamic_types.solicitudCufd object at 0x0000022DF17AA6F0>)
2024-07-19 03:44:35,579 - DEBUG - register_type('{https://siat.impuestos.gob.bo/}cufdResponse', <zeep.xsd.dynamic_types.cufdResponse object at 0x0000022DF17A9DF0>)
2024-07-19 03:44:35,592 - DEBUG - register_type('{https://siat.impuestos.gob.bo/}respuestaCufd', <zeep.xsd.dynamic_types.respuestaCufd object at 0x0000022DF17AA7B0>)
2024-07-19 03:44:35,603 - DEBUG - register_type('{https://siat.impuestos.gob.bo/}notificaCertificadoRevocado', <zeep.xsd.dynamic_types.notificaCertificadoRevocado object at 0x0000022DF17AAFF0>)
2024-07-19 03:44:35,616 - DEBUG - register_type('{https://siat.impuestos.gob.bo/}solicitudNotifcaRevocado', <zeep.xsd.dynamic_types.solicitudNotifcaRevocado object at 0x0000022DF17A9AF0>)
2024-07-19 03:44:35,629 - DEBUG - register_type('{https://siat.impuestos.gob.bo/}notificaCertificadoRevocadoResponse', <zeep.xsd.dynamic_types.notificaCertificadoRevocadoResponse object at 0x0000022DE051AE70>)
2024-07-19 03:44:35,642 - DEBUG - register_type('{https://siat.impuestos.gob.bo/}respuestaNotificaRevocado', <zeep.xsd.dynamic_types.respuestaNotificaRevocado object at 0x0000022DE051B830>)
2024-07-19 03:44:35,653 - DEBUG - register_type('{https://siat.impuestos.gob.bo/}cuis', <zeep.xsd.dynamic_types.cuis object at 0x0000022DE0519040>)
2024-07-19 03:44:35,667 - DEBUG - register_type('{https://siat.impuestos.gob.bo/}solicitudCuis', <zeep.xsd.dynamic_types.solicitudCuis object at 0x0000022DF17A8FB0>)
2024-07-19 03:44:35,680 - DEBUG - register_type('{https://siat.impuestos.gob.bo/}cuisResponse', <zeep.xsd.dynamic_types.cuisResponse object at 0x0000022DF17AAB70>)
2024-07-19 03:44:35,692 - DEBUG - register_type('{https://siat.impuestos.gob.bo/}respuestaCuis', <zeep.xsd.dynamic_types.respuestaCuis object at 0x0000022DE0518710>)
2024-07-19 03:44:35,704 - DEBUG - register_type('{https://siat.impuestos.gob.bo/}cufdMasivo', <zeep.xsd.dynamic_types.cufdMasivo object at 0x0000022DE051A720>)
2024-07-19 03:44:35,716 - DEBUG - register_type('{https://siat.impuestos.gob.bo/}solicitudCufdMasivo', <zeep.xsd.dynamic_types.solicitudCufdMasivo object at 0x0000022DF17AA3F0>)
2024-07-19 03:44:35,729 - DEBUG - register_type('{https://siat.impuestos.gob.bo/}solicitudListaCufdDto', <zeep.xsd.dynamic_types.solicitudListaCufdDto object at 0x0000022DF17AA870>)
2024-07-19 03:44:35,742 - DEBUG - register_type('{https://siat.impuestos.gob.bo/}cufdMasivoResponse', <zeep.xsd.dynamic_types.cufdMasivoResponse object at 0x0000022DF17A8D10>)
2024-07-19 03:44:35,753 - DEBUG - register_type('{https://siat.impuestos.gob.bo/}respuestaCufdMasivo', <zeep.xsd.dynamic_types.respuestaCufdMasivo object at 0x0000022DE051BE30>)
2024-07-19 03:44:35,766 - DEBUG - register_type('{https://siat.impuestos.gob.bo/}respuestaListaRegistroCufdSoapDto', <zeep.xsd.dynamic_types.respuestaListaRegistroCufdSoapDto object at 0x0000022DE05183B0>)
2024-07-19 03:44:35,778 - DEBUG - Resolving in schema <SchemaDocument(location='https://pilotosiatservicios.impuestos.gob.bo/v2/FacturacionCodigos?wsdl=ServicioFacturacionCodigos.wsdl', tns='https://siat.impuestos.gob.bo/', is_empty=False)>
2024-07-19 03:44:35,789 - DEBUG - Adding message: {https://siat.impuestos.gob.bo/}verificarNit
2024-07-19 03:44:35,799 - DEBUG - Adding message: {https://siat.impuestos.gob.bo/}verificarComunicacion
2024-07-19 03:44:35,809 - DEBUG - Adding message: {https://siat.impuestos.gob.bo/}verificarComunicacionResponse
2024-07-19 03:44:35,818 - DEBUG - Adding message: {https://siat.impuestos.gob.bo/}cuisResponse
2024-07-19 03:44:35,829 - DEBUG - Adding message: {https://siat.impuestos.gob.bo/}cufdMasivoResponse
2024-07-19 03:44:35,840 - DEBUG - Adding message: {https://siat.impuestos.gob.bo/}cufdResponse
2024-07-19 03:44:35,849 - DEBUG - Adding message: {https://siat.impuestos.gob.bo/}cuisMasivo
2024-07-19 03:44:35,860 - DEBUG - Adding message: {https://siat.impuestos.gob.bo/}cuisMasivoResponse
2024-07-19 03:44:35,870 - DEBUG - Adding message: {https://siat.impuestos.gob.bo/}cufd
2024-07-19 03:44:35,880 - DEBUG - Adding message: {https://siat.impuestos.gob.bo/}notificaCertificadoRevocadoResponse
2024-07-19 03:44:35,892 - DEBUG - Adding message: {https://siat.impuestos.gob.bo/}notificaCertificadoRevocado
2024-07-19 03:44:35,901 - DEBUG - Adding message: {https://siat.impuestos.gob.bo/}cuis
2024-07-19 03:44:35,912 - DEBUG - Adding message: {https://siat.impuestos.gob.bo/}verificarNitResponse
2024-07-19 03:44:35,922 - DEBUG - Adding message: {https://siat.impuestos.gob.bo/}cufdMasivo
2024-07-19 03:44:35,933 - DEBUG - Adding port: {https://siat.impuestos.gob.bo/}ServicioFacturacionCodigos
2024-07-19 03:44:35,945 - DEBUG - Adding binding: {https://siat.impuestos.gob.bo/FacturacionCodigos}ServicioFacturacionCodigosSoapBinding
2024-07-19 03:44:35,954 - DEBUG - Adding service: ServicioFacturacionCodigos
2024-07-19 03:44:35,969 - DEBUG - Opciones de métodos de pago: ['DEBITO AUTOMATICO -  VALE', 'DEBITO AUTOMATICO -  PAGO POSTERIOR', 'DEBITO AUTOMATICO -  TRANSFERENCIA BANCARIA', 'DEBITO AUTOMATICO -  DEPOSITO EN CUENTA', 'DEBITO AUTOMATICO -  TRANSFERENCIA SWIFT', 'DEBITO AUTOMATICO -  GIFT CARD', 'DEBITO AUTOMATICO -  CANAL DE PAGO', 'DEBITO AUTOMATICO -  BILLETERA MOVIL', 'DEBITO AUTOMATICO -  PAGO ONLINE', 'DEBITO AUTOMATICO – OTRO', 'EFECTIVO-TARJETA', 'EFECTIVO-CHEQUE', 'EFECTIVO-VALES', 'EFECTIVO – TRANSFERENCIA BANCARIA', 'EFECTIVO-DEPOSITO EN CUENTA', 'EFECTIVO – TRANSFERENCIA BANCARIA SWIFT', 'TARJETA-CHEQUE', 'TARJETA-VALES', 'TARJETA-TRANSFERENCIA BANCARIA', 'TARJETA-DEPOSITO EN CUENTA', 'TARJETA-TRANSFERENCIA SWIFT', 'VALES-TRANSFERENCIA BANCARIA', 'VALES – DEPOSITO EN CUENTA', 'VALES-TRANSFERENCIA SWIFT', 'TRANSFERENCIA BANCARIA-DEPOSITO EN CUENTA', 'TRANSFERENCIA BANCARIA-TRANSFERENCIA SWIFT', 'DEPOSITO EN CUENTA – TRANSFERENCIA SWIFT', 'PAGO POSTERIOR', 'TRANSFERENCIA BANCARIA', 'GIFT-CARD', 'DEPOSITO EN CUENTA', 'TRANSFERENCIA SWIFT', 'GIFT-CARD OTROS', 'CANAL DE PAGO', 'BILLETERA MOVIL', 'PAGO ONLINE', 'EFECTIVO – PAGO POSTERIOR', 'EFECTIVO – GIFT CARD', 'EFECTIVO – CANAL PAGO', 'EFECTIVO – BILLETERA MOVIL', 'EFECTIVO – PAGO ONLINE', 'TARJETA – PAGO POSTERIOR', 'TARJETA – GIFT', 'TARJETA – CANAL PAGO', 'TARJETA – BILLETERA MOVIL', 'TARJETA – PAGO ONLINE', 'CHEQUE – VALES', 'CHEQUE – PAGO POSTERIOR', 'CHEQUE – TRANSFERENCIA BANCARIA', 'CHEQUE – DEPOSITO', 'CHEQUE – SWIFT', 'CHEQUE – GIFT', 'CHEQUE – CANAL PAGO', 'CHEQUE – BILLETERA', 'CHEQUE – PAGO ONLINE', 'VALES – GIFT', 'VALES – CANAL DE PAGO', 'VALES – BILLETERA MOVIL', 'VALES – PAGO ONLINE', 'PAGO POSTERIOR – TRANSFERENCIA BANCARIA', 'PAGO POSTERIOR – DEPOSITO EN CUENTA', 'PAGO POSTERIOR – SWIFT', 'PAGO POSTERIOR – GIFT', 'PAGO POSTERIOR – CANAL', 'PAGO POSTERIOR – BILLETERA', 'PAGO POSTERIOR – PAGO ONLINE', 'EFECTIVO', 'TRANSFERENCIA BANCARIA – GIFT-CARD', 'TARJETA', 'TRANSFERENCIA BANCARIA – CANAL DE PAGO', 'CHEQUE', 'TRANSFERENCIA BANCARIA – BILLETERA MOVIL', 'VALES', 'TRANSFERENCIA BANCARIA – PAGO ONLINE', 'OTROS', 'DEPOSITO EN CUENTA – GIFT-CARD', 'DEPOSITO EN CUENTA – CANAL DE PAGO', 'DEPOSITO EN CUENTA – BILLETERA MOVIL', 'DEPOSITO EN CUENTA  – PAGO ONLINE', 'SWIFT – GIFT', 'SWIFT – CANAL DE PAGO', 'SWIFT – BILLETERA MOVIL', 'SWIFT – PAGO ONLINE', 'GIFT-CARD – CANAL DE PAGO', 'GIFT – BILLETERA', 'GIFT – PAGO ONLINE', 'CANAL DE PAGO – BILLETERA MOVIL', 'CANAL DE PAGO – PAGO ONLINE', 'BILLETERA MOVIL – PAGO ONLINE', 'EFECTIVO - TARJETA - PAGO POSTERIOR', 'EFECTIVO - TARJETA - TRANSFERENCIA BANCARIA', 'EFECTIVO - TARJETA - DEPOSITO EN CUENTA', 'EFECTIVO - TARJETA - TRANSFERENCIA SWIFT', 'EFECTIVO - TARJETA - GIFT-CARD', 'EFECTIVO - TARJETA - CANAL DE PAGO', 'EFECTIVO - TARJETA - BILLETERA MOVIL', 'EFECTIVO - TARJETA - PAGO ONLINE', 'EFECTIVO – CHEQUE - PAGO POSTERIOR', 'EFECTIVO – CHEQUE - TRANSFERENCIA BANCARIA', 'EFECTIVO – CHEQUE - DEPOSITO EN CUENTA', 'EFECTIVO – CHEQUE - TRANSFERENCIA SWIFT', 'EFECTIVO – CHEQUE - GIFT-CARD', 'EFECTIVO – CHEQUE - CANAL DE PAGO', 'EFECTIVO – CHEQUE - BILLETERA MOVIL', 'EFECTIVO – CHEQUE - PAGO ONLINE', 'EFECTIVO – VALES - PAGO POSTERIOR', 'EFECTIVO – VALES - TRANSFERENCIA BANCARIA', 'EFECTIVO – VALES - DEPOSITO EN CUENTA', 'EFECTIVO – VALES - TRANSFERENCIA SWIFT', 'EFECTIVO – VALES - GIFT-CARD', 'EFECTIVO – VALES - CANAL DE PAGO', 'EFECTIVO – VALES - BILLETERA MOVIL', 'EFECTIVO – VALES - PAGO ONLINE', 'EFECTIVO – PAGO POSTERIOR - TRANSFERENCIA BANCARIA', 'EFECTIVO – PAGO POSTERIOR - DEPOSITO EN CUENTA', 'EFECTIVO – PAGO POSTERIOR - TRANSFERENCIA SWIFT', 'EFECTIVO – PAGO POSTERIOR - GIFT-CARD', 'EFECTIVO – PAGO POSTERIOR - CANAL DE PAGO', 'EFECTIVO – PAGO POSTERIOR - BILLETERA MOVIL', 'EFECTIVO – PAGO POSTERIOR - PAGO ONLINE', 'EFECTIVO – TRANSFERENCIA BANCARIA  – DEPOSITO EN CUENTA', 'EFECTIVO – TRANSFERENCIA BANCARIA  – TRANSFERENCIA SWIFT', 'EFECTIVO – TRANSFERENCIA BANCARIA  – GIFT-CARD', 'EFECTIVO – TRANSFERENCIA BANCARIA  – CANAL DE PAGO', 'EFECTIVO – TRANSFERENCIA BANCARIA  – BILLETERA MOVIL', 'EFECTIVO – TRANSFERENCIA BANCARIA  – PAGO ONLINE', 'EFECTIVO – DEPOSITO EN CUENTA  – TRANSFERENCIA SWIFT', 'EFECTIVO – DEPOSITO EN CUENTA  – GIFT-CARD', 'EFECTIVO – DEPOSITO EN CUENTA  – CANAL DE PAGO', 'EFECTIVO – DEPOSITO EN CUENTA  – BILLETERA MOVIL', 'EFECTIVO – DEPOSITO EN CUENTA  – PAGO ONLINE', 'EFECTIVO – SWIFT - GIFT-CARD', 'EFECTIVO – SWIFT - CANAL DE PAGO', 'EFECTIVO – SWIFT - BILLETERA MOVIL', 'EFECTIVO – SWIFT - PAGO ONLINE', 'EFECTIVO – GIFT CARD - CANAL DE PAGO', 'EFECTIVO – GIFT CARD - BILLETERA MOVIL', 'EFECTIVO – GIFT CARD - PAGO ONLINE', 'EFECTIVO – CANAL PAGO - BILLETERA MOVIL', 'EFECTIVO – CANAL PAGO - PAGO ONLINE', 'EFECTIVO – BILLETERA MOVIL - PAGO ONLINE', 'TARJETA – CHEQUE - PAGO POSTERIOR', 'TARJETA – CHEQUE - TRANSFERENCIA BANCARIA', 'TARJETA – CHEQUE - DEPOSITO EN CUENTA', 'TARJETA – CHEQUE - TRANSFERENCIA SWIFT', 'TARJETA – CHEQUE - GIFT-CARD', 'TARJETA – CHEQUE - CANAL DE PAGO', 'TARJETA – CHEQUE - BILLETERA MOVIL', 'TARJETA – CHEQUE - PAGO ONLINE', 'TARJETA – VALES - PAGO POSTERIOR', 'TARJETA – VALES - TRANSFERENCIA BANCARIA', 'TARJETA – VALES - DEPOSITO EN CUENTA', 'TARJETA – VALES - TRANSFERENCIA SWIFT', 'TARJETA – VALES - GIFT-CARD', 'TARJETA – VALES - CANAL DE PAGO', 'TARJETA – VALES - BILLETERA MOVIL', 'TARJETA – VALES - PAGO ONLINE', 'TARJETA – PAGO POSTERIOR - TRANSFERENCIA BANCARIA', 'TARJETA – PAGO POSTERIOR - DEPOSITO EN CUENTA', 'TARJETA – PAGO POSTERIOR - TRANSFERENCIA SWIFT', 'TARJETA – PAGO POSTERIOR - GIFT-CARD', 'TARJETA – PAGO POSTERIOR - CANAL DE PAGO', 'TARJETA – PAGO POSTERIOR - BILLETERA MOVIL', 'TARJETA – PAGO POSTERIOR - PAGO ONLINE', 'TARJETA – TRANSFERENCIA BANCARIA – DEPOSITO EN CUENTA', 'TARJETA – TRANSFERENCIA BANCARIA - TRANSFERENCIA SWIFT', 'TARJETA – TRANSFERENCIA BANCARIA – GIFT-CARD', 'TARJETA – TRANSFERENCIA BANCARIA – CANAL DE PAGO', 'TARJETA – TRANSFERENCIA  BANCARIA – BILLETERA MOVIL', 'TARJETA – TRANSFERENCIA BANCARIA – PAGO ONLINE', 'TARJETA – DEPOSITO EN CUENTA – TRANSFERENCIA SWIFT', 'TARJETA – DEPOSITO EN CUENTA – GIFT-CARD', 'TARJETA – DEPOSITO EN CUENTA – CANAL DE PAGO', 'TARJETA – DEPOSITO EN CUENTA  – BILLETERA MOVIL', 'TARJETA – DEPOSITO EN CUENTA – PAGO ONLINE', 'TARJETA – SWIFT - GIFT-CARD', 'TARJETA – SWIFT - CANAL DE PAGO', 'TARJETA – SWIFT - BILLETERA MOVIL', 'TARJETA – SWIFT - PAGO ONLINE', 'TARJETA – GIFT - CANAL DE PAGO', 'TARJETA – GIFT - BILLETERA MOVIL', 'TARJETA – GIFT - PAGO ONLINE', 'TARJETA – CANAL PAGO - BILLETERA MOVIL', 'TARJETA – CANAL PAGO - PAGO ONLINE', 'TARJETA – BILLETERA MOVIL - PAGO ONLINE', 'CHEQUE – VALES - PAGO POSTERIOR', 'CHEQUE – VALES - TRANSFERENCIA BANCARIA', 'CHEQUE – VALES - DEPOSITO EN CUENTA', 'CHEQUE – VALES - TRANSFERENCIA SWIFT', 'CHEQUE – VALES - GIFT-CARD', 'CHEQUE – VALES - CANAL DE PAGO', 'CHEQUE – VALES - BILLETERA MOVIL', 'CHEQUE – VALES - PAGO ONLINE', 'CHEQUE – PAGO POSTERIOR - TRANSFERENCIA BANCARIA', 'CHEQUE – PAGO POSTERIOR - DEPOSITO EN CUENTA', 'CHEQUE – PAGO POSTERIOR - TRANSFERENCIA SWIFT', 'CHEQUE – PAGO POSTERIOR - GIFT-CARD', 'CHEQUE – PAGO POSTERIOR - CANAL DE PAGO', 'CHEQUE – PAGO POSTERIOR - BILLETERA MOVIL', 'CHEQUE – PAGO POSTERIOR - PAGO ONLINE', 'CHEQUE – TRANSFERENCIA BANCARIA – DEPOSITO EN CUENTA', 'CHEQUE – TRANSFERENCIA BANCARIA – TRANSFERENCIA SWIFT', 'CHEQUE – TRANSFERENCIA BANCARIA – GIFT-CARD', 'CHEQUE – TRANSFERENCIA BANCARIA – CANAL DE PAGO', 'CHEQUE – TRANSFERENCIA BANCARIA – BILLETERA MOVIL', 'CHEQUE – TRANSFERENCIA BANCARIA – PAGO ONLINE', 'CHEQUE – DEPOSITO EN CUENTA - TRANSFERENCIA SWIFT', 'CHEQUE – DEPOSITO EN CUENTA - GIFT-CARD', 'CHEQUE – DEPOSITO EN CUENTA - CANAL DE PAGO', 'CHEQUE – DEPOSITO EN CUENTA - BILLETERA MOVIL', 'CHEQUE – DEPOSITO EN CUENTA - PAGO ONLINE', 'CHEQUE – SWIFT - GIFT-CARD', 'CHEQUE – SWIFT - CANAL DE PAGO', 'CHEQUE – SWIFT - BILLETERA MOVIL', 'CHEQUE – SWIFT - PAGO ONLINE', 'CHEQUE – GIFT - CANAL DE PAGO', 'CHEQUE – GIFT - BILLETERA MOVIL', 'CHEQUE – GIFT - PAGO ONLINE', 'CHEQUE – CANAL PAGO - BILLETERA MOVIL', 'CHEQUE – CANAL PAGO - PAGO ONLINE', 'CHEQUE – BILLETERA MOVIL  – PAGO ONLINE', 'VALES – SWIFT - TRANSFERENCIA BANCARIA', 'VALES – SWIFT - DEPOSITO EN CUENTA', 'VALES – SWIFT - TRANSFERENCIA SWIFT', 'VALES – SWIFT - GIFT-CARD', 'VALES – SWIFT - CANAL DE PAGO', 'VALES – SWIFT - BILLETERA MOVIL', 'VALES – SWIFT - PAGO ONLINE', 'VALES – GIFT - DEPOSITO EN CUENTA', 'VALES – GIFT - TRANSFERENCIA SWIFT', 'VALES – GIFT-CARD – TARJETA', 'VALES – GIFT - CANAL DE PAGO', 'VALES – GIFT - BILLETERA MOVIL', 'VALES – GIFT - PAGO ONLINE', 'VALES – CANAL DE PAGO  – TRANSFERENCIA SWIFT', 'VALES – CANAL DE PAGO  – GIFT-CARD', 'VALES – CANAL DE PAGO  – CANAL DE PAGO', 'VALES – CANAL DE PAGO  – BILLETERA MOVIL', 'VALES – CANAL DE PAGO  – PAGO ONLINE', 'VALES – BILLETERA MOVIL – GIFT-CARD', 'VALES – BILLETERA MOVIL – CANAL DE PAGO', 'VALES – BILLETERA MOVIL – BILLETERA MOVIL', 'VALES – BILLETERA MOVIL – PAGO ONLINE', 'VALES – PAGO ONLINE - CANAL DE PAGO', 'VALES – PAGO ONLINE - BILLETERA MOVIL', 'VALES – PAGO ONLINE - PAGO ONLINE', 'PAGO POSTERIOR – TRANSFERENCIA BANCARIA  – DEPOSITO EN CUENTA', 'PAGO POSTERIOR – TRANSFERENCIA BANCARIA  – TRANSFERENCIA SWIFT', 'PAGO POSTERIOR – TRANSFERENCIA BANCARIA  – GIFT-CARD', 'PAGO POSTERIOR – TRANSFERENCIA BANCARIA  – CANAL DE PAGO', 'PAGO POSTERIOR – TRANSFERENCIA BANCARIA  – BILLETERA MOVIL', 'PAGO POSTERIOR – TRANSFERENCIA BANCARIA  – PAGO ONLINE', 'PAGO POSTERIOR – DEPOSITO EN CUENTA  – TRANSFERENCIA SWIFT', 'PAGO POSTERIOR – DEPOSITO EN CUENTA  – GIFT-CARD', 'PAGO POSTERIOR – DEPOSITO EN CUENTA  – CANAL DE PAGO', 'PAGO POSTERIOR – DEPOSITO EN CUENTA  – BILLETERA MOVIL', 'PAGO POSTERIOR – DEPOSITO EN CUENTA  – PAGO ONLINE', 'PAGO POSTERIOR – SWIFT - GIFT-CARD', 'PAGO POSTERIOR – SWIFT - CANAL DE PAGO', 'PAGO POSTERIOR – SWIFT - BILLETERA MOVIL', 'PAGO POSTERIOR – SWIFT - PAGO ONLINE', 'PAGO POSTERIOR – GIFT - CANAL DE PAGO', 'PAGO POSTERIOR – GIFT - BILLETERA MOVIL', 'PAGO POSTERIOR – GIFT - PAGO ONLINE', 'PAGO POSTERIOR – CANAL DE PAGO - BILLETERA MOVIL', 'PAGO POSTERIOR – CANAL DE PAGO - PAGO ONLINE', 'PAGO POSTERIOR – BILLETERA MOVIL - PAGO ONLINE', 'TRANSFERENCIA BANCARIA – DEPOSITO EN CUENTA  – TRANSFERENCIA SWIFT', 'TRANSFERENCIA BANCARIA – DEPOSITO  EN CUENTA – GIFT-CARD', 'TRANSFERENCIA BANCARIA – DEPOSITO  EN CUENTA – CANAL DE PAGO', 'TRANSFERENCIA BANCARIA – DEPOSITO EN CUENTA   – BILLETERA MOVIL', 'TRANSFERENCIA BANCARIA– DEPOSITO  EN CUENTA – PAGO ONLINE', 'TRANSFERENCIA BANCARIA – SWIFT  – GIFT-CARD', 'TRANSFERENCIA BANCARIA – SWIFT  – CANAL DE PAGO', 'TRANSFERENCIA BANCARIA – SWIFT  – BILLETERA MOVIL', 'TRANSFERENCIA BANCARIA – SWIFT  – PAGO ONLINE', 'TRANSFERENCIA BANCARIA – GIFT-CARD  – CANAL DE PAGO', 'TRANSFERENCIA BANCARIA – GIFT-CARD  – BILLETERA MOVIL', 'TRANSFERENCIA BANCARIA – GIFT-CARD  – PAGO ONLINE', 'TRANSFERENCIA BANCARIA – CANAL DE PAGO – BILLETERA MOVIL', 'TRANSFERENCIA BANCARIA – CANAL DE PAGO – PAGO ONLINE', 'TRANSFERENCIA BANCARIA – BILLETERA MOVIL – PAGO ONLINE', 'DEPOSITO EN CUENTA  – SWIFT  – GIFT-CARD', 'DEPOSITO EN CUENTA  – SWIFT  – CANAL DE PAGO', 'DEPOSITO EN CUENTA  – SWIFT  – BILLETERA MOVIL', 'DEPOSITO EN CUENTA  – SWIFT  – PAGO ONLINE', 'DEPOSITO EN CUENTA – GIFT-CARD  – CANAL DE PAGO', 'DEPOSITO EN CUENTA – GIFT-CARD  – BILLETERA MOVIL', 'DEPOSITO EN CUENTA  – GIFT-CARD  – PAGO ONLINE', 'DEPOSITO EN CUENTA –  CANAL DE PAGO  – BILLETERA MOVIL', 'DEPOSITO EN CUENTA – CANAL DE PAGO   – PAGO ONLINE', 'DEPOSITO EN CUENTA – BILLETERA MOVIL  – PAGO ONLINE', 'SWIFT – GIFT - CANAL DE PAGO', 'SWIFT – GIFT - BILLETERA MOVIL', 'SWIFT – GIFT - PAGO ONLINE', 'SWIFT – CANAL DE PAGO  – BILLETERA MOVIL', 'SWIFT – CANAL  DE PAGO – PAGO ONLINE', 'SWIFT – BILLETERA MOVIL  – PAGO ONLINE', 'GIFT-CARD – CANAL DE PAGO  – BILLETERA MOVIL', 'GIFT-CARD – CANAL DE PAGO  – PAGO ONLINE', 'GIFT-CARD – BILLETERA MOVIL - PAGO ONLINE', 'CANAL DE PAGO – BILLETERA MOVIL  – PAGO ONLINE', 'DEBITO AUTOMATICO', 'DEBITO AUTOMATICO – EFECTIVO', 'DEBITO AUTOMATICO -TARJETA', 'DEBITO AUTOMATICO – CHEQUE']
2024-07-19 03:44:35,998 - DEBUG - Índice del método de pago predeterminado: 0
2024-07-19 03:44:36,007 - DEBUG - Método de pago seleccionado: EFECTIVO
2024-07-19 03:44:36,016 - INFO - Código clasificador del método de pago seleccionado: 1 (<class 'int'>)
2024-07-19 03:44:36,028 - DEBUG - Aplicar Descuento: False
2024-07-19 03:44:36,036 - INFO - Verificando si el código clasificador 1 (<class 'int'>) está en la lista de códigos de gift card: [102, 109, 115, 120, 124, 128, 129, 130, 138, 146, 153, 159, 164, 168, 172, 173, 174, 182, 189, 195, 200, 204, 208, 209, 210, 217, 221, 222, 223, 224, 225, 226, 228, 232, 241, 246, 250, 254, 255, 256, 261, 265, 269, 270, 271, 275, 279, 280, 281, 285, 286, 287, 291, 292, 293, 30, 304, 35, 40, 49, 53, 60, 64, 68, 72, 76, 77, 78, 86, 94]
2024-07-19 03:44:36,045 - WARNING - El código del método de pago seleccionado (1) no permite aplicar Gift Card.
2024-07-19 03:44:36,053 - DEBUG - Descuento Adicional Final: 0
2024-07-19 03:44:36,064 - DEBUG - Monto Gift Card Final: 0
2024-07-19 03:44:43,047 - DEBUG - Opciones de métodos de pago: ['DEBITO AUTOMATICO -  VALE', 'DEBITO AUTOMATICO -  PAGO POSTERIOR', 'DEBITO AUTOMATICO -  TRANSFERENCIA BANCARIA', 'DEBITO AUTOMATICO -  DEPOSITO EN CUENTA', 'DEBITO AUTOMATICO -  TRANSFERENCIA SWIFT', 'DEBITO AUTOMATICO -  GIFT CARD', 'DEBITO AUTOMATICO -  CANAL DE PAGO', 'DEBITO AUTOMATICO -  BILLETERA MOVIL', 'DEBITO AUTOMATICO -  PAGO ONLINE', 'DEBITO AUTOMATICO – OTRO', 'EFECTIVO-TARJETA', 'EFECTIVO-CHEQUE', 'EFECTIVO-VALES', 'EFECTIVO – TRANSFERENCIA BANCARIA', 'EFECTIVO-DEPOSITO EN CUENTA', 'EFECTIVO – TRANSFERENCIA BANCARIA SWIFT', 'TARJETA-CHEQUE', 'TARJETA-VALES', 'TARJETA-TRANSFERENCIA BANCARIA', 'TARJETA-DEPOSITO EN CUENTA', 'TARJETA-TRANSFERENCIA SWIFT', 'VALES-TRANSFERENCIA BANCARIA', 'VALES – DEPOSITO EN CUENTA', 'VALES-TRANSFERENCIA SWIFT', 'TRANSFERENCIA BANCARIA-DEPOSITO EN CUENTA', 'TRANSFERENCIA BANCARIA-TRANSFERENCIA SWIFT', 'DEPOSITO EN CUENTA – TRANSFERENCIA SWIFT', 'PAGO POSTERIOR', 'TRANSFERENCIA BANCARIA', 'GIFT-CARD', 'DEPOSITO EN CUENTA', 'TRANSFERENCIA SWIFT', 'GIFT-CARD OTROS', 'CANAL DE PAGO', 'BILLETERA MOVIL', 'PAGO ONLINE', 'EFECTIVO – PAGO POSTERIOR', 'EFECTIVO – GIFT CARD', 'EFECTIVO – CANAL PAGO', 'EFECTIVO – BILLETERA MOVIL', 'EFECTIVO – PAGO ONLINE', 'TARJETA – PAGO POSTERIOR', 'TARJETA – GIFT', 'TARJETA – CANAL PAGO', 'TARJETA – BILLETERA MOVIL', 'TARJETA – PAGO ONLINE', 'CHEQUE – VALES', 'CHEQUE – PAGO POSTERIOR', 'CHEQUE – TRANSFERENCIA BANCARIA', 'CHEQUE – DEPOSITO', 'CHEQUE – SWIFT', 'CHEQUE – GIFT', 'CHEQUE – CANAL PAGO', 'CHEQUE – BILLETERA', 'CHEQUE – PAGO ONLINE', 'VALES – GIFT', 'VALES – CANAL DE PAGO', 'VALES – BILLETERA MOVIL', 'VALES – PAGO ONLINE', 'PAGO POSTERIOR – TRANSFERENCIA BANCARIA', 'PAGO POSTERIOR – DEPOSITO EN CUENTA', 'PAGO POSTERIOR – SWIFT', 'PAGO POSTERIOR – GIFT', 'PAGO POSTERIOR – CANAL', 'PAGO POSTERIOR – BILLETERA', 'PAGO POSTERIOR – PAGO ONLINE', 'EFECTIVO', 'TRANSFERENCIA BANCARIA – GIFT-CARD', 'TARJETA', 'TRANSFERENCIA BANCARIA – CANAL DE PAGO', 'CHEQUE', 'TRANSFERENCIA BANCARIA – BILLETERA MOVIL', 'VALES', 'TRANSFERENCIA BANCARIA – PAGO ONLINE', 'OTROS', 'DEPOSITO EN CUENTA – GIFT-CARD', 'DEPOSITO EN CUENTA – CANAL DE PAGO', 'DEPOSITO EN CUENTA – BILLETERA MOVIL', 'DEPOSITO EN CUENTA  – PAGO ONLINE', 'SWIFT – GIFT', 'SWIFT – CANAL DE PAGO', 'SWIFT – BILLETERA MOVIL', 'SWIFT – PAGO ONLINE', 'GIFT-CARD – CANAL DE PAGO', 'GIFT – BILLETERA', 'GIFT – PAGO ONLINE', 'CANAL DE PAGO – BILLETERA MOVIL', 'CANAL DE PAGO – PAGO ONLINE', 'BILLETERA MOVIL – PAGO ONLINE', 'EFECTIVO - TARJETA - PAGO POSTERIOR', 'EFECTIVO - TARJETA - TRANSFERENCIA BANCARIA', 'EFECTIVO - TARJETA - DEPOSITO EN CUENTA', 'EFECTIVO - TARJETA - TRANSFERENCIA SWIFT', 'EFECTIVO - TARJETA - GIFT-CARD', 'EFECTIVO - TARJETA - CANAL DE PAGO', 'EFECTIVO - TARJETA - BILLETERA MOVIL', 'EFECTIVO - TARJETA - PAGO ONLINE', 'EFECTIVO – CHEQUE - PAGO POSTERIOR', 'EFECTIVO – CHEQUE - TRANSFERENCIA BANCARIA', 'EFECTIVO – CHEQUE - DEPOSITO EN CUENTA', 'EFECTIVO – CHEQUE - TRANSFERENCIA SWIFT', 'EFECTIVO – CHEQUE - GIFT-CARD', 'EFECTIVO – CHEQUE - CANAL DE PAGO', 'EFECTIVO – CHEQUE - BILLETERA MOVIL', 'EFECTIVO – CHEQUE - PAGO ONLINE', 'EFECTIVO – VALES - PAGO POSTERIOR', 'EFECTIVO – VALES - TRANSFERENCIA BANCARIA', 'EFECTIVO – VALES - DEPOSITO EN CUENTA', 'EFECTIVO – VALES - TRANSFERENCIA SWIFT', 'EFECTIVO – VALES - GIFT-CARD', 'EFECTIVO – VALES - CANAL DE PAGO', 'EFECTIVO – VALES - BILLETERA MOVIL', 'EFECTIVO – VALES - PAGO ONLINE', 'EFECTIVO – PAGO POSTERIOR - TRANSFERENCIA BANCARIA', 'EFECTIVO – PAGO POSTERIOR - DEPOSITO EN CUENTA', 'EFECTIVO – PAGO POSTERIOR - TRANSFERENCIA SWIFT', 'EFECTIVO – PAGO POSTERIOR - GIFT-CARD', 'EFECTIVO – PAGO POSTERIOR - CANAL DE PAGO', 'EFECTIVO – PAGO POSTERIOR - BILLETERA MOVIL', 'EFECTIVO – PAGO POSTERIOR - PAGO ONLINE', 'EFECTIVO – TRANSFERENCIA BANCARIA  – DEPOSITO EN CUENTA', 'EFECTIVO – TRANSFERENCIA BANCARIA  – TRANSFERENCIA SWIFT', 'EFECTIVO – TRANSFERENCIA BANCARIA  – GIFT-CARD', 'EFECTIVO – TRANSFERENCIA BANCARIA  – CANAL DE PAGO', 'EFECTIVO – TRANSFERENCIA BANCARIA  – BILLETERA MOVIL', 'EFECTIVO – TRANSFERENCIA BANCARIA  – PAGO ONLINE', 'EFECTIVO – DEPOSITO EN CUENTA  – TRANSFERENCIA SWIFT', 'EFECTIVO – DEPOSITO EN CUENTA  – GIFT-CARD', 'EFECTIVO – DEPOSITO EN CUENTA  – CANAL DE PAGO', 'EFECTIVO – DEPOSITO EN CUENTA  – BILLETERA MOVIL', 'EFECTIVO – DEPOSITO EN CUENTA  – PAGO ONLINE', 'EFECTIVO – SWIFT - GIFT-CARD', 'EFECTIVO – SWIFT - CANAL DE PAGO', 'EFECTIVO – SWIFT - BILLETERA MOVIL', 'EFECTIVO – SWIFT - PAGO ONLINE', 'EFECTIVO – GIFT CARD - CANAL DE PAGO', 'EFECTIVO – GIFT CARD - BILLETERA MOVIL', 'EFECTIVO – GIFT CARD - PAGO ONLINE', 'EFECTIVO – CANAL PAGO - BILLETERA MOVIL', 'EFECTIVO – CANAL PAGO - PAGO ONLINE', 'EFECTIVO – BILLETERA MOVIL - PAGO ONLINE', 'TARJETA – CHEQUE - PAGO POSTERIOR', 'TARJETA – CHEQUE - TRANSFERENCIA BANCARIA', 'TARJETA – CHEQUE - DEPOSITO EN CUENTA', 'TARJETA – CHEQUE - TRANSFERENCIA SWIFT', 'TARJETA – CHEQUE - GIFT-CARD', 'TARJETA – CHEQUE - CANAL DE PAGO', 'TARJETA – CHEQUE - BILLETERA MOVIL', 'TARJETA – CHEQUE - PAGO ONLINE', 'TARJETA – VALES - PAGO POSTERIOR', 'TARJETA – VALES - TRANSFERENCIA BANCARIA', 'TARJETA – VALES - DEPOSITO EN CUENTA', 'TARJETA – VALES - TRANSFERENCIA SWIFT', 'TARJETA – VALES - GIFT-CARD', 'TARJETA – VALES - CANAL DE PAGO', 'TARJETA – VALES - BILLETERA MOVIL', 'TARJETA – VALES - PAGO ONLINE', 'TARJETA – PAGO POSTERIOR - TRANSFERENCIA BANCARIA', 'TARJETA – PAGO POSTERIOR - DEPOSITO EN CUENTA', 'TARJETA – PAGO POSTERIOR - TRANSFERENCIA SWIFT', 'TARJETA – PAGO POSTERIOR - GIFT-CARD', 'TARJETA – PAGO POSTERIOR - CANAL DE PAGO', 'TARJETA – PAGO POSTERIOR - BILLETERA MOVIL', 'TARJETA – PAGO POSTERIOR - PAGO ONLINE', 'TARJETA – TRANSFERENCIA BANCARIA – DEPOSITO EN CUENTA', 'TARJETA – TRANSFERENCIA BANCARIA - TRANSFERENCIA SWIFT', 'TARJETA – TRANSFERENCIA BANCARIA – GIFT-CARD', 'TARJETA – TRANSFERENCIA BANCARIA – CANAL DE PAGO', 'TARJETA – TRANSFERENCIA  BANCARIA – BILLETERA MOVIL', 'TARJETA – TRANSFERENCIA BANCARIA – PAGO ONLINE', 'TARJETA – DEPOSITO EN CUENTA – TRANSFERENCIA SWIFT', 'TARJETA – DEPOSITO EN CUENTA – GIFT-CARD', 'TARJETA – DEPOSITO EN CUENTA – CANAL DE PAGO', 'TARJETA – DEPOSITO EN CUENTA  – BILLETERA MOVIL', 'TARJETA – DEPOSITO EN CUENTA – PAGO ONLINE', 'TARJETA – SWIFT - GIFT-CARD', 'TARJETA – SWIFT - CANAL DE PAGO', 'TARJETA – SWIFT - BILLETERA MOVIL', 'TARJETA – SWIFT - PAGO ONLINE', 'TARJETA – GIFT - CANAL DE PAGO', 'TARJETA – GIFT - BILLETERA MOVIL', 'TARJETA – GIFT - PAGO ONLINE', 'TARJETA – CANAL PAGO - BILLETERA MOVIL', 'TARJETA – CANAL PAGO - PAGO ONLINE', 'TARJETA – BILLETERA MOVIL - PAGO ONLINE', 'CHEQUE – VALES - PAGO POSTERIOR', 'CHEQUE – VALES - TRANSFERENCIA BANCARIA', 'CHEQUE – VALES - DEPOSITO EN CUENTA', 'CHEQUE – VALES - TRANSFERENCIA SWIFT', 'CHEQUE – VALES - GIFT-CARD', 'CHEQUE – VALES - CANAL DE PAGO', 'CHEQUE – VALES - BILLETERA MOVIL', 'CHEQUE – VALES - PAGO ONLINE', 'CHEQUE – PAGO POSTERIOR - TRANSFERENCIA BANCARIA', 'CHEQUE – PAGO POSTERIOR - DEPOSITO EN CUENTA', 'CHEQUE – PAGO POSTERIOR - TRANSFERENCIA SWIFT', 'CHEQUE – PAGO POSTERIOR - GIFT-CARD', 'CHEQUE – PAGO POSTERIOR - CANAL DE PAGO', 'CHEQUE – PAGO POSTERIOR - BILLETERA MOVIL', 'CHEQUE – PAGO POSTERIOR - PAGO ONLINE', 'CHEQUE – TRANSFERENCIA BANCARIA – DEPOSITO EN CUENTA', 'CHEQUE – TRANSFERENCIA BANCARIA – TRANSFERENCIA SWIFT', 'CHEQUE – TRANSFERENCIA BANCARIA – GIFT-CARD', 'CHEQUE – TRANSFERENCIA BANCARIA – CANAL DE PAGO', 'CHEQUE – TRANSFERENCIA BANCARIA – BILLETERA MOVIL', 'CHEQUE – TRANSFERENCIA BANCARIA – PAGO ONLINE', 'CHEQUE – DEPOSITO EN CUENTA - TRANSFERENCIA SWIFT', 'CHEQUE – DEPOSITO EN CUENTA - GIFT-CARD', 'CHEQUE – DEPOSITO EN CUENTA - CANAL DE PAGO', 'CHEQUE – DEPOSITO EN CUENTA - BILLETERA MOVIL', 'CHEQUE – DEPOSITO EN CUENTA - PAGO ONLINE', 'CHEQUE – SWIFT - GIFT-CARD', 'CHEQUE – SWIFT - CANAL DE PAGO', 'CHEQUE – SWIFT - BILLETERA MOVIL', 'CHEQUE – SWIFT - PAGO ONLINE', 'CHEQUE – GIFT - CANAL DE PAGO', 'CHEQUE – GIFT - BILLETERA MOVIL', 'CHEQUE – GIFT - PAGO ONLINE', 'CHEQUE – CANAL PAGO - BILLETERA MOVIL', 'CHEQUE – CANAL PAGO - PAGO ONLINE', 'CHEQUE – BILLETERA MOVIL  – PAGO ONLINE', 'VALES – SWIFT - TRANSFERENCIA BANCARIA', 'VALES – SWIFT - DEPOSITO EN CUENTA', 'VALES – SWIFT - TRANSFERENCIA SWIFT', 'VALES – SWIFT - GIFT-CARD', 'VALES – SWIFT - CANAL DE PAGO', 'VALES – SWIFT - BILLETERA MOVIL', 'VALES – SWIFT - PAGO ONLINE', 'VALES – GIFT - DEPOSITO EN CUENTA', 'VALES – GIFT - TRANSFERENCIA SWIFT', 'VALES – GIFT-CARD – TARJETA', 'VALES – GIFT - CANAL DE PAGO', 'VALES – GIFT - BILLETERA MOVIL', 'VALES – GIFT - PAGO ONLINE', 'VALES – CANAL DE PAGO  – TRANSFERENCIA SWIFT', 'VALES – CANAL DE PAGO  – GIFT-CARD', 'VALES – CANAL DE PAGO  – CANAL DE PAGO', 'VALES – CANAL DE PAGO  – BILLETERA MOVIL', 'VALES – CANAL DE PAGO  – PAGO ONLINE', 'VALES – BILLETERA MOVIL – GIFT-CARD', 'VALES – BILLETERA MOVIL – CANAL DE PAGO', 'VALES – BILLETERA MOVIL – BILLETERA MOVIL', 'VALES – BILLETERA MOVIL – PAGO ONLINE', 'VALES – PAGO ONLINE - CANAL DE PAGO', 'VALES – PAGO ONLINE - BILLETERA MOVIL', 'VALES – PAGO ONLINE - PAGO ONLINE', 'PAGO POSTERIOR – TRANSFERENCIA BANCARIA  – DEPOSITO EN CUENTA', 'PAGO POSTERIOR – TRANSFERENCIA BANCARIA  – TRANSFERENCIA SWIFT', 'PAGO POSTERIOR – TRANSFERENCIA BANCARIA  – GIFT-CARD', 'PAGO POSTERIOR – TRANSFERENCIA BANCARIA  – CANAL DE PAGO', 'PAGO POSTERIOR – TRANSFERENCIA BANCARIA  – BILLETERA MOVIL', 'PAGO POSTERIOR – TRANSFERENCIA BANCARIA  – PAGO ONLINE', 'PAGO POSTERIOR – DEPOSITO EN CUENTA  – TRANSFERENCIA SWIFT', 'PAGO POSTERIOR – DEPOSITO EN CUENTA  – GIFT-CARD', 'PAGO POSTERIOR – DEPOSITO EN CUENTA  – CANAL DE PAGO', 'PAGO POSTERIOR – DEPOSITO EN CUENTA  – BILLETERA MOVIL', 'PAGO POSTERIOR – DEPOSITO EN CUENTA  – PAGO ONLINE', 'PAGO POSTERIOR – SWIFT - GIFT-CARD', 'PAGO POSTERIOR – SWIFT - CANAL DE PAGO', 'PAGO POSTERIOR – SWIFT - BILLETERA MOVIL', 'PAGO POSTERIOR – SWIFT - PAGO ONLINE', 'PAGO POSTERIOR – GIFT - CANAL DE PAGO', 'PAGO POSTERIOR – GIFT - BILLETERA MOVIL', 'PAGO POSTERIOR – GIFT - PAGO ONLINE', 'PAGO POSTERIOR – CANAL DE PAGO - BILLETERA MOVIL', 'PAGO POSTERIOR – CANAL DE PAGO - PAGO ONLINE', 'PAGO POSTERIOR – BILLETERA MOVIL - PAGO ONLINE', 'TRANSFERENCIA BANCARIA – DEPOSITO EN CUENTA  – TRANSFERENCIA SWIFT', 'TRANSFERENCIA BANCARIA – DEPOSITO  EN CUENTA – GIFT-CARD', 'TRANSFERENCIA BANCARIA – DEPOSITO  EN CUENTA – CANAL DE PAGO', 'TRANSFERENCIA BANCARIA – DEPOSITO EN CUENTA   – BILLETERA MOVIL', 'TRANSFERENCIA BANCARIA– DEPOSITO  EN CUENTA – PAGO ONLINE', 'TRANSFERENCIA BANCARIA – SWIFT  – GIFT-CARD', 'TRANSFERENCIA BANCARIA – SWIFT  – CANAL DE PAGO', 'TRANSFERENCIA BANCARIA – SWIFT  – BILLETERA MOVIL', 'TRANSFERENCIA BANCARIA – SWIFT  – PAGO ONLINE', 'TRANSFERENCIA BANCARIA – GIFT-CARD  – CANAL DE PAGO', 'TRANSFERENCIA BANCARIA – GIFT-CARD  – BILLETERA MOVIL', 'TRANSFERENCIA BANCARIA – GIFT-CARD  – PAGO ONLINE', 'TRANSFERENCIA BANCARIA – CANAL DE PAGO – BILLETERA MOVIL', 'TRANSFERENCIA BANCARIA – CANAL DE PAGO – PAGO ONLINE', 'TRANSFERENCIA BANCARIA – BILLETERA MOVIL – PAGO ONLINE', 'DEPOSITO EN CUENTA  – SWIFT  – GIFT-CARD', 'DEPOSITO EN CUENTA  – SWIFT  – CANAL DE PAGO', 'DEPOSITO EN CUENTA  – SWIFT  – BILLETERA MOVIL', 'DEPOSITO EN CUENTA  – SWIFT  – PAGO ONLINE', 'DEPOSITO EN CUENTA – GIFT-CARD  – CANAL DE PAGO', 'DEPOSITO EN CUENTA – GIFT-CARD  – BILLETERA MOVIL', 'DEPOSITO EN CUENTA  – GIFT-CARD  – PAGO ONLINE', 'DEPOSITO EN CUENTA –  CANAL DE PAGO  – BILLETERA MOVIL', 'DEPOSITO EN CUENTA – CANAL DE PAGO   – PAGO ONLINE', 'DEPOSITO EN CUENTA – BILLETERA MOVIL  – PAGO ONLINE', 'SWIFT – GIFT - CANAL DE PAGO', 'SWIFT – GIFT - BILLETERA MOVIL', 'SWIFT – GIFT - PAGO ONLINE', 'SWIFT – CANAL DE PAGO  – BILLETERA MOVIL', 'SWIFT – CANAL  DE PAGO – PAGO ONLINE', 'SWIFT – BILLETERA MOVIL  – PAGO ONLINE', 'GIFT-CARD – CANAL DE PAGO  – BILLETERA MOVIL', 'GIFT-CARD – CANAL DE PAGO  – PAGO ONLINE', 'GIFT-CARD – BILLETERA MOVIL - PAGO ONLINE', 'CANAL DE PAGO – BILLETERA MOVIL  – PAGO ONLINE', 'DEBITO AUTOMATICO', 'DEBITO AUTOMATICO – EFECTIVO', 'DEBITO AUTOMATICO -TARJETA', 'DEBITO AUTOMATICO – CHEQUE']
2024-07-19 03:44:43,090 - DEBUG - Índice del método de pago predeterminado: 0
2024-07-19 03:44:43,100 - DEBUG - Método de pago seleccionado: EFECTIVO
2024-07-19 03:44:43,107 - INFO - Código clasificador del método de pago seleccionado: 1 (<class 'int'>)
2024-07-19 03:44:43,116 - DEBUG - Aplicar Descuento: False
2024-07-19 03:44:43,126 - INFO - Verificando si el código clasificador 1 (<class 'int'>) está en la lista de códigos de gift card: [102, 109, 115, 120, 124, 128, 129, 130, 138, 146, 153, 159, 164, 168, 172, 173, 174, 182, 189, 195, 200, 204, 208, 209, 210, 217, 221, 222, 223, 224, 225, 226, 228, 232, 241, 246, 250, 254, 255, 256, 261, 265, 269, 270, 271, 275, 279, 280, 281, 285, 286, 287, 291, 292, 293, 30, 304, 35, 40, 49, 53, 60, 64, 68, 72, 76, 77, 78, 86, 94]
2024-07-19 03:44:43,136 - WARNING - El código del método de pago seleccionado (1) no permite aplicar Gift Card.
2024-07-19 03:44:43,145 - DEBUG - Descuento Adicional Final: 0
2024-07-19 03:44:43,151 - DEBUG - Monto Gift Card Final: 0
2024-07-19 03:44:46,210 - DEBUG - Opciones de métodos de pago: ['DEBITO AUTOMATICO -  VALE', 'DEBITO AUTOMATICO -  PAGO POSTERIOR', 'DEBITO AUTOMATICO -  TRANSFERENCIA BANCARIA', 'DEBITO AUTOMATICO -  DEPOSITO EN CUENTA', 'DEBITO AUTOMATICO -  TRANSFERENCIA SWIFT', 'DEBITO AUTOMATICO -  GIFT CARD', 'DEBITO AUTOMATICO -  CANAL DE PAGO', 'DEBITO AUTOMATICO -  BILLETERA MOVIL', 'DEBITO AUTOMATICO -  PAGO ONLINE', 'DEBITO AUTOMATICO – OTRO', 'EFECTIVO-TARJETA', 'EFECTIVO-CHEQUE', 'EFECTIVO-VALES', 'EFECTIVO – TRANSFERENCIA BANCARIA', 'EFECTIVO-DEPOSITO EN CUENTA', 'EFECTIVO – TRANSFERENCIA BANCARIA SWIFT', 'TARJETA-CHEQUE', 'TARJETA-VALES', 'TARJETA-TRANSFERENCIA BANCARIA', 'TARJETA-DEPOSITO EN CUENTA', 'TARJETA-TRANSFERENCIA SWIFT', 'VALES-TRANSFERENCIA BANCARIA', 'VALES – DEPOSITO EN CUENTA', 'VALES-TRANSFERENCIA SWIFT', 'TRANSFERENCIA BANCARIA-DEPOSITO EN CUENTA', 'TRANSFERENCIA BANCARIA-TRANSFERENCIA SWIFT', 'DEPOSITO EN CUENTA – TRANSFERENCIA SWIFT', 'PAGO POSTERIOR', 'TRANSFERENCIA BANCARIA', 'GIFT-CARD', 'DEPOSITO EN CUENTA', 'TRANSFERENCIA SWIFT', 'GIFT-CARD OTROS', 'CANAL DE PAGO', 'BILLETERA MOVIL', 'PAGO ONLINE', 'EFECTIVO – PAGO POSTERIOR', 'EFECTIVO – GIFT CARD', 'EFECTIVO – CANAL PAGO', 'EFECTIVO – BILLETERA MOVIL', 'EFECTIVO – PAGO ONLINE', 'TARJETA – PAGO POSTERIOR', 'TARJETA – GIFT', 'TARJETA – CANAL PAGO', 'TARJETA – BILLETERA MOVIL', 'TARJETA – PAGO ONLINE', 'CHEQUE – VALES', 'CHEQUE – PAGO POSTERIOR', 'CHEQUE – TRANSFERENCIA BANCARIA', 'CHEQUE – DEPOSITO', 'CHEQUE – SWIFT', 'CHEQUE – GIFT', 'CHEQUE – CANAL PAGO', 'CHEQUE – BILLETERA', 'CHEQUE – PAGO ONLINE', 'VALES – GIFT', 'VALES – CANAL DE PAGO', 'VALES – BILLETERA MOVIL', 'VALES – PAGO ONLINE', 'PAGO POSTERIOR – TRANSFERENCIA BANCARIA', 'PAGO POSTERIOR – DEPOSITO EN CUENTA', 'PAGO POSTERIOR – SWIFT', 'PAGO POSTERIOR – GIFT', 'PAGO POSTERIOR – CANAL', 'PAGO POSTERIOR – BILLETERA', 'PAGO POSTERIOR – PAGO ONLINE', 'EFECTIVO', 'TRANSFERENCIA BANCARIA – GIFT-CARD', 'TARJETA', 'TRANSFERENCIA BANCARIA – CANAL DE PAGO', 'CHEQUE', 'TRANSFERENCIA BANCARIA – BILLETERA MOVIL', 'VALES', 'TRANSFERENCIA BANCARIA – PAGO ONLINE', 'OTROS', 'DEPOSITO EN CUENTA – GIFT-CARD', 'DEPOSITO EN CUENTA – CANAL DE PAGO', 'DEPOSITO EN CUENTA – BILLETERA MOVIL', 'DEPOSITO EN CUENTA  – PAGO ONLINE', 'SWIFT – GIFT', 'SWIFT – CANAL DE PAGO', 'SWIFT – BILLETERA MOVIL', 'SWIFT – PAGO ONLINE', 'GIFT-CARD – CANAL DE PAGO', 'GIFT – BILLETERA', 'GIFT – PAGO ONLINE', 'CANAL DE PAGO – BILLETERA MOVIL', 'CANAL DE PAGO – PAGO ONLINE', 'BILLETERA MOVIL – PAGO ONLINE', 'EFECTIVO - TARJETA - PAGO POSTERIOR', 'EFECTIVO - TARJETA - TRANSFERENCIA BANCARIA', 'EFECTIVO - TARJETA - DEPOSITO EN CUENTA', 'EFECTIVO - TARJETA - TRANSFERENCIA SWIFT', 'EFECTIVO - TARJETA - GIFT-CARD', 'EFECTIVO - TARJETA - CANAL DE PAGO', 'EFECTIVO - TARJETA - BILLETERA MOVIL', 'EFECTIVO - TARJETA - PAGO ONLINE', 'EFECTIVO – CHEQUE - PAGO POSTERIOR', 'EFECTIVO – CHEQUE - TRANSFERENCIA BANCARIA', 'EFECTIVO – CHEQUE - DEPOSITO EN CUENTA', 'EFECTIVO – CHEQUE - TRANSFERENCIA SWIFT', 'EFECTIVO – CHEQUE - GIFT-CARD', 'EFECTIVO – CHEQUE - CANAL DE PAGO', 'EFECTIVO – CHEQUE - BILLETERA MOVIL', 'EFECTIVO – CHEQUE - PAGO ONLINE', 'EFECTIVO – VALES - PAGO POSTERIOR', 'EFECTIVO – VALES - TRANSFERENCIA BANCARIA', 'EFECTIVO – VALES - DEPOSITO EN CUENTA', 'EFECTIVO – VALES - TRANSFERENCIA SWIFT', 'EFECTIVO – VALES - GIFT-CARD', 'EFECTIVO – VALES - CANAL DE PAGO', 'EFECTIVO – VALES - BILLETERA MOVIL', 'EFECTIVO – VALES - PAGO ONLINE', 'EFECTIVO – PAGO POSTERIOR - TRANSFERENCIA BANCARIA', 'EFECTIVO – PAGO POSTERIOR - DEPOSITO EN CUENTA', 'EFECTIVO – PAGO POSTERIOR - TRANSFERENCIA SWIFT', 'EFECTIVO – PAGO POSTERIOR - GIFT-CARD', 'EFECTIVO – PAGO POSTERIOR - CANAL DE PAGO', 'EFECTIVO – PAGO POSTERIOR - BILLETERA MOVIL', 'EFECTIVO – PAGO POSTERIOR - PAGO ONLINE', 'EFECTIVO – TRANSFERENCIA BANCARIA  – DEPOSITO EN CUENTA', 'EFECTIVO – TRANSFERENCIA BANCARIA  – TRANSFERENCIA SWIFT', 'EFECTIVO – TRANSFERENCIA BANCARIA  – GIFT-CARD', 'EFECTIVO – TRANSFERENCIA BANCARIA  – CANAL DE PAGO', 'EFECTIVO – TRANSFERENCIA BANCARIA  – BILLETERA MOVIL', 'EFECTIVO – TRANSFERENCIA BANCARIA  – PAGO ONLINE', 'EFECTIVO – DEPOSITO EN CUENTA  – TRANSFERENCIA SWIFT', 'EFECTIVO – DEPOSITO EN CUENTA  – GIFT-CARD', 'EFECTIVO – DEPOSITO EN CUENTA  – CANAL DE PAGO', 'EFECTIVO – DEPOSITO EN CUENTA  – BILLETERA MOVIL', 'EFECTIVO – DEPOSITO EN CUENTA  – PAGO ONLINE', 'EFECTIVO – SWIFT - GIFT-CARD', 'EFECTIVO – SWIFT - CANAL DE PAGO', 'EFECTIVO – SWIFT - BILLETERA MOVIL', 'EFECTIVO – SWIFT - PAGO ONLINE', 'EFECTIVO – GIFT CARD - CANAL DE PAGO', 'EFECTIVO – GIFT CARD - BILLETERA MOVIL', 'EFECTIVO – GIFT CARD - PAGO ONLINE', 'EFECTIVO – CANAL PAGO - BILLETERA MOVIL', 'EFECTIVO – CANAL PAGO - PAGO ONLINE', 'EFECTIVO – BILLETERA MOVIL - PAGO ONLINE', 'TARJETA – CHEQUE - PAGO POSTERIOR', 'TARJETA – CHEQUE - TRANSFERENCIA BANCARIA', 'TARJETA – CHEQUE - DEPOSITO EN CUENTA', 'TARJETA – CHEQUE - TRANSFERENCIA SWIFT', 'TARJETA – CHEQUE - GIFT-CARD', 'TARJETA – CHEQUE - CANAL DE PAGO', 'TARJETA – CHEQUE - BILLETERA MOVIL', 'TARJETA – CHEQUE - PAGO ONLINE', 'TARJETA – VALES - PAGO POSTERIOR', 'TARJETA – VALES - TRANSFERENCIA BANCARIA', 'TARJETA – VALES - DEPOSITO EN CUENTA', 'TARJETA – VALES - TRANSFERENCIA SWIFT', 'TARJETA – VALES - GIFT-CARD', 'TARJETA – VALES - CANAL DE PAGO', 'TARJETA – VALES - BILLETERA MOVIL', 'TARJETA – VALES - PAGO ONLINE', 'TARJETA – PAGO POSTERIOR - TRANSFERENCIA BANCARIA', 'TARJETA – PAGO POSTERIOR - DEPOSITO EN CUENTA', 'TARJETA – PAGO POSTERIOR - TRANSFERENCIA SWIFT', 'TARJETA – PAGO POSTERIOR - GIFT-CARD', 'TARJETA – PAGO POSTERIOR - CANAL DE PAGO', 'TARJETA – PAGO POSTERIOR - BILLETERA MOVIL', 'TARJETA – PAGO POSTERIOR - PAGO ONLINE', 'TARJETA – TRANSFERENCIA BANCARIA – DEPOSITO EN CUENTA', 'TARJETA – TRANSFERENCIA BANCARIA - TRANSFERENCIA SWIFT', 'TARJETA – TRANSFERENCIA BANCARIA – GIFT-CARD', 'TARJETA – TRANSFERENCIA BANCARIA – CANAL DE PAGO', 'TARJETA – TRANSFERENCIA  BANCARIA – BILLETERA MOVIL', 'TARJETA – TRANSFERENCIA BANCARIA – PAGO ONLINE', 'TARJETA – DEPOSITO EN CUENTA – TRANSFERENCIA SWIFT', 'TARJETA – DEPOSITO EN CUENTA – GIFT-CARD', 'TARJETA – DEPOSITO EN CUENTA – CANAL DE PAGO', 'TARJETA – DEPOSITO EN CUENTA  – BILLETERA MOVIL', 'TARJETA – DEPOSITO EN CUENTA – PAGO ONLINE', 'TARJETA – SWIFT - GIFT-CARD', 'TARJETA – SWIFT - CANAL DE PAGO', 'TARJETA – SWIFT - BILLETERA MOVIL', 'TARJETA – SWIFT - PAGO ONLINE', 'TARJETA – GIFT - CANAL DE PAGO', 'TARJETA – GIFT - BILLETERA MOVIL', 'TARJETA – GIFT - PAGO ONLINE', 'TARJETA – CANAL PAGO - BILLETERA MOVIL', 'TARJETA – CANAL PAGO - PAGO ONLINE', 'TARJETA – BILLETERA MOVIL - PAGO ONLINE', 'CHEQUE – VALES - PAGO POSTERIOR', 'CHEQUE – VALES - TRANSFERENCIA BANCARIA', 'CHEQUE – VALES - DEPOSITO EN CUENTA', 'CHEQUE – VALES - TRANSFERENCIA SWIFT', 'CHEQUE – VALES - GIFT-CARD', 'CHEQUE – VALES - CANAL DE PAGO', 'CHEQUE – VALES - BILLETERA MOVIL', 'CHEQUE – VALES - PAGO ONLINE', 'CHEQUE – PAGO POSTERIOR - TRANSFERENCIA BANCARIA', 'CHEQUE – PAGO POSTERIOR - DEPOSITO EN CUENTA', 'CHEQUE – PAGO POSTERIOR - TRANSFERENCIA SWIFT', 'CHEQUE – PAGO POSTERIOR - GIFT-CARD', 'CHEQUE – PAGO POSTERIOR - CANAL DE PAGO', 'CHEQUE – PAGO POSTERIOR - BILLETERA MOVIL', 'CHEQUE – PAGO POSTERIOR - PAGO ONLINE', 'CHEQUE – TRANSFERENCIA BANCARIA – DEPOSITO EN CUENTA', 'CHEQUE – TRANSFERENCIA BANCARIA – TRANSFERENCIA SWIFT', 'CHEQUE – TRANSFERENCIA BANCARIA – GIFT-CARD', 'CHEQUE – TRANSFERENCIA BANCARIA – CANAL DE PAGO', 'CHEQUE – TRANSFERENCIA BANCARIA – BILLETERA MOVIL', 'CHEQUE – TRANSFERENCIA BANCARIA – PAGO ONLINE', 'CHEQUE – DEPOSITO EN CUENTA - TRANSFERENCIA SWIFT', 'CHEQUE – DEPOSITO EN CUENTA - GIFT-CARD', 'CHEQUE – DEPOSITO EN CUENTA - CANAL DE PAGO', 'CHEQUE – DEPOSITO EN CUENTA - BILLETERA MOVIL', 'CHEQUE – DEPOSITO EN CUENTA - PAGO ONLINE', 'CHEQUE – SWIFT - GIFT-CARD', 'CHEQUE – SWIFT - CANAL DE PAGO', 'CHEQUE – SWIFT - BILLETERA MOVIL', 'CHEQUE – SWIFT - PAGO ONLINE', 'CHEQUE – GIFT - CANAL DE PAGO', 'CHEQUE – GIFT - BILLETERA MOVIL', 'CHEQUE – GIFT - PAGO ONLINE', 'CHEQUE – CANAL PAGO - BILLETERA MOVIL', 'CHEQUE – CANAL PAGO - PAGO ONLINE', 'CHEQUE – BILLETERA MOVIL  – PAGO ONLINE', 'VALES – SWIFT - TRANSFERENCIA BANCARIA', 'VALES – SWIFT - DEPOSITO EN CUENTA', 'VALES – SWIFT - TRANSFERENCIA SWIFT', 'VALES – SWIFT - GIFT-CARD', 'VALES – SWIFT - CANAL DE PAGO', 'VALES – SWIFT - BILLETERA MOVIL', 'VALES – SWIFT - PAGO ONLINE', 'VALES – GIFT - DEPOSITO EN CUENTA', 'VALES – GIFT - TRANSFERENCIA SWIFT', 'VALES – GIFT-CARD – TARJETA', 'VALES – GIFT - CANAL DE PAGO', 'VALES – GIFT - BILLETERA MOVIL', 'VALES – GIFT - PAGO ONLINE', 'VALES – CANAL DE PAGO  – TRANSFERENCIA SWIFT', 'VALES – CANAL DE PAGO  – GIFT-CARD', 'VALES – CANAL DE PAGO  – CANAL DE PAGO', 'VALES – CANAL DE PAGO  – BILLETERA MOVIL', 'VALES – CANAL DE PAGO  – PAGO ONLINE', 'VALES – BILLETERA MOVIL – GIFT-CARD', 'VALES – BILLETERA MOVIL – CANAL DE PAGO', 'VALES – BILLETERA MOVIL – BILLETERA MOVIL', 'VALES – BILLETERA MOVIL – PAGO ONLINE', 'VALES – PAGO ONLINE - CANAL DE PAGO', 'VALES – PAGO ONLINE - BILLETERA MOVIL', 'VALES – PAGO ONLINE - PAGO ONLINE', 'PAGO POSTERIOR – TRANSFERENCIA BANCARIA  – DEPOSITO EN CUENTA', 'PAGO POSTERIOR – TRANSFERENCIA BANCARIA  – TRANSFERENCIA SWIFT', 'PAGO POSTERIOR – TRANSFERENCIA BANCARIA  – GIFT-CARD', 'PAGO POSTERIOR – TRANSFERENCIA BANCARIA  – CANAL DE PAGO', 'PAGO POSTERIOR – TRANSFERENCIA BANCARIA  – BILLETERA MOVIL', 'PAGO POSTERIOR – TRANSFERENCIA BANCARIA  – PAGO ONLINE', 'PAGO POSTERIOR – DEPOSITO EN CUENTA  – TRANSFERENCIA SWIFT', 'PAGO POSTERIOR – DEPOSITO EN CUENTA  – GIFT-CARD', 'PAGO POSTERIOR – DEPOSITO EN CUENTA  – CANAL DE PAGO', 'PAGO POSTERIOR – DEPOSITO EN CUENTA  – BILLETERA MOVIL', 'PAGO POSTERIOR – DEPOSITO EN CUENTA  – PAGO ONLINE', 'PAGO POSTERIOR – SWIFT - GIFT-CARD', 'PAGO POSTERIOR – SWIFT - CANAL DE PAGO', 'PAGO POSTERIOR – SWIFT - BILLETERA MOVIL', 'PAGO POSTERIOR – SWIFT - PAGO ONLINE', 'PAGO POSTERIOR – GIFT - CANAL DE PAGO', 'PAGO POSTERIOR – GIFT - BILLETERA MOVIL', 'PAGO POSTERIOR – GIFT - PAGO ONLINE', 'PAGO POSTERIOR – CANAL DE PAGO - BILLETERA MOVIL', 'PAGO POSTERIOR – CANAL DE PAGO - PAGO ONLINE', 'PAGO POSTERIOR – BILLETERA MOVIL - PAGO ONLINE', 'TRANSFERENCIA BANCARIA – DEPOSITO EN CUENTA  – TRANSFERENCIA SWIFT', 'TRANSFERENCIA BANCARIA – DEPOSITO  EN CUENTA – GIFT-CARD', 'TRANSFERENCIA BANCARIA – DEPOSITO  EN CUENTA – CANAL DE PAGO', 'TRANSFERENCIA BANCARIA – DEPOSITO EN CUENTA   – BILLETERA MOVIL', 'TRANSFERENCIA BANCARIA– DEPOSITO  EN CUENTA – PAGO ONLINE', 'TRANSFERENCIA BANCARIA – SWIFT  – GIFT-CARD', 'TRANSFERENCIA BANCARIA – SWIFT  – CANAL DE PAGO', 'TRANSFERENCIA BANCARIA – SWIFT  – BILLETERA MOVIL', 'TRANSFERENCIA BANCARIA – SWIFT  – PAGO ONLINE', 'TRANSFERENCIA BANCARIA – GIFT-CARD  – CANAL DE PAGO', 'TRANSFERENCIA BANCARIA – GIFT-CARD  – BILLETERA MOVIL', 'TRANSFERENCIA BANCARIA – GIFT-CARD  – PAGO ONLINE', 'TRANSFERENCIA BANCARIA – CANAL DE PAGO – BILLETERA MOVIL', 'TRANSFERENCIA BANCARIA – CANAL DE PAGO – PAGO ONLINE', 'TRANSFERENCIA BANCARIA – BILLETERA MOVIL – PAGO ONLINE', 'DEPOSITO EN CUENTA  – SWIFT  – GIFT-CARD', 'DEPOSITO EN CUENTA  – SWIFT  – CANAL DE PAGO', 'DEPOSITO EN CUENTA  – SWIFT  – BILLETERA MOVIL', 'DEPOSITO EN CUENTA  – SWIFT  – PAGO ONLINE', 'DEPOSITO EN CUENTA – GIFT-CARD  – CANAL DE PAGO', 'DEPOSITO EN CUENTA – GIFT-CARD  – BILLETERA MOVIL', 'DEPOSITO EN CUENTA  – GIFT-CARD  – PAGO ONLINE', 'DEPOSITO EN CUENTA –  CANAL DE PAGO  – BILLETERA MOVIL', 'DEPOSITO EN CUENTA – CANAL DE PAGO   – PAGO ONLINE', 'DEPOSITO EN CUENTA – BILLETERA MOVIL  – PAGO ONLINE', 'SWIFT – GIFT - CANAL DE PAGO', 'SWIFT – GIFT - BILLETERA MOVIL', 'SWIFT – GIFT - PAGO ONLINE', 'SWIFT – CANAL DE PAGO  – BILLETERA MOVIL', 'SWIFT – CANAL  DE PAGO – PAGO ONLINE', 'SWIFT – BILLETERA MOVIL  – PAGO ONLINE', 'GIFT-CARD – CANAL DE PAGO  – BILLETERA MOVIL', 'GIFT-CARD – CANAL DE PAGO  – PAGO ONLINE', 'GIFT-CARD – BILLETERA MOVIL - PAGO ONLINE', 'CANAL DE PAGO – BILLETERA MOVIL  – PAGO ONLINE', 'DEBITO AUTOMATICO', 'DEBITO AUTOMATICO – EFECTIVO', 'DEBITO AUTOMATICO -TARJETA', 'DEBITO AUTOMATICO – CHEQUE']
2024-07-19 03:44:46,252 - DEBUG - Índice del método de pago predeterminado: 0
2024-07-19 03:44:46,264 - DEBUG - Método de pago seleccionado: EFECTIVO
2024-07-19 03:44:46,272 - INFO - Código clasificador del método de pago seleccionado: 1 (<class 'int'>)
2024-07-19 03:44:46,282 - DEBUG - Aplicar Descuento: False
2024-07-19 03:44:46,292 - INFO - Verificando si el código clasificador 1 (<class 'int'>) está en la lista de códigos de gift card: [102, 109, 115, 120, 124, 128, 129, 130, 138, 146, 153, 159, 164, 168, 172, 173, 174, 182, 189, 195, 200, 204, 208, 209, 210, 217, 221, 222, 223, 224, 225, 226, 228, 232, 241, 246, 250, 254, 255, 256, 261, 265, 269, 270, 271, 275, 279, 280, 281, 285, 286, 287, 291, 292, 293, 30, 304, 35, 40, 49, 53, 60, 64, 68, 72, 76, 77, 78, 86, 94]
2024-07-19 03:44:46,300 - WARNING - El código del método de pago seleccionado (1) no permite aplicar Gift Card.
2024-07-19 03:44:46,309 - DEBUG - Descuento Adicional Final: 0
2024-07-19 03:44:46,317 - DEBUG - Monto Gift Card Final: 0
2024-07-19 03:44:48,284 - DEBUG - Opciones de métodos de pago: ['DEBITO AUTOMATICO -  VALE', 'DEBITO AUTOMATICO -  PAGO POSTERIOR', 'DEBITO AUTOMATICO -  TRANSFERENCIA BANCARIA', 'DEBITO AUTOMATICO -  DEPOSITO EN CUENTA', 'DEBITO AUTOMATICO -  TRANSFERENCIA SWIFT', 'DEBITO AUTOMATICO -  GIFT CARD', 'DEBITO AUTOMATICO -  CANAL DE PAGO', 'DEBITO AUTOMATICO -  BILLETERA MOVIL', 'DEBITO AUTOMATICO -  PAGO ONLINE', 'DEBITO AUTOMATICO – OTRO', 'EFECTIVO-TARJETA', 'EFECTIVO-CHEQUE', 'EFECTIVO-VALES', 'EFECTIVO – TRANSFERENCIA BANCARIA', 'EFECTIVO-DEPOSITO EN CUENTA', 'EFECTIVO – TRANSFERENCIA BANCARIA SWIFT', 'TARJETA-CHEQUE', 'TARJETA-VALES', 'TARJETA-TRANSFERENCIA BANCARIA', 'TARJETA-DEPOSITO EN CUENTA', 'TARJETA-TRANSFERENCIA SWIFT', 'VALES-TRANSFERENCIA BANCARIA', 'VALES – DEPOSITO EN CUENTA', 'VALES-TRANSFERENCIA SWIFT', 'TRANSFERENCIA BANCARIA-DEPOSITO EN CUENTA', 'TRANSFERENCIA BANCARIA-TRANSFERENCIA SWIFT', 'DEPOSITO EN CUENTA – TRANSFERENCIA SWIFT', 'PAGO POSTERIOR', 'TRANSFERENCIA BANCARIA', 'GIFT-CARD', 'DEPOSITO EN CUENTA', 'TRANSFERENCIA SWIFT', 'GIFT-CARD OTROS', 'CANAL DE PAGO', 'BILLETERA MOVIL', 'PAGO ONLINE', 'EFECTIVO – PAGO POSTERIOR', 'EFECTIVO – GIFT CARD', 'EFECTIVO – CANAL PAGO', 'EFECTIVO – BILLETERA MOVIL', 'EFECTIVO – PAGO ONLINE', 'TARJETA – PAGO POSTERIOR', 'TARJETA – GIFT', 'TARJETA – CANAL PAGO', 'TARJETA – BILLETERA MOVIL', 'TARJETA – PAGO ONLINE', 'CHEQUE – VALES', 'CHEQUE – PAGO POSTERIOR', 'CHEQUE – TRANSFERENCIA BANCARIA', 'CHEQUE – DEPOSITO', 'CHEQUE – SWIFT', 'CHEQUE – GIFT', 'CHEQUE – CANAL PAGO', 'CHEQUE – BILLETERA', 'CHEQUE – PAGO ONLINE', 'VALES – GIFT', 'VALES – CANAL DE PAGO', 'VALES – BILLETERA MOVIL', 'VALES – PAGO ONLINE', 'PAGO POSTERIOR – TRANSFERENCIA BANCARIA', 'PAGO POSTERIOR – DEPOSITO EN CUENTA', 'PAGO POSTERIOR – SWIFT', 'PAGO POSTERIOR – GIFT', 'PAGO POSTERIOR – CANAL', 'PAGO POSTERIOR – BILLETERA', 'PAGO POSTERIOR – PAGO ONLINE', 'EFECTIVO', 'TRANSFERENCIA BANCARIA – GIFT-CARD', 'TARJETA', 'TRANSFERENCIA BANCARIA – CANAL DE PAGO', 'CHEQUE', 'TRANSFERENCIA BANCARIA – BILLETERA MOVIL', 'VALES', 'TRANSFERENCIA BANCARIA – PAGO ONLINE', 'OTROS', 'DEPOSITO EN CUENTA – GIFT-CARD', 'DEPOSITO EN CUENTA – CANAL DE PAGO', 'DEPOSITO EN CUENTA – BILLETERA MOVIL', 'DEPOSITO EN CUENTA  – PAGO ONLINE', 'SWIFT – GIFT', 'SWIFT – CANAL DE PAGO', 'SWIFT – BILLETERA MOVIL', 'SWIFT – PAGO ONLINE', 'GIFT-CARD – CANAL DE PAGO', 'GIFT – BILLETERA', 'GIFT – PAGO ONLINE', 'CANAL DE PAGO – BILLETERA MOVIL', 'CANAL DE PAGO – PAGO ONLINE', 'BILLETERA MOVIL – PAGO ONLINE', 'EFECTIVO - TARJETA - PAGO POSTERIOR', 'EFECTIVO - TARJETA - TRANSFERENCIA BANCARIA', 'EFECTIVO - TARJETA - DEPOSITO EN CUENTA', 'EFECTIVO - TARJETA - TRANSFERENCIA SWIFT', 'EFECTIVO - TARJETA - GIFT-CARD', 'EFECTIVO - TARJETA - CANAL DE PAGO', 'EFECTIVO - TARJETA - BILLETERA MOVIL', 'EFECTIVO - TARJETA - PAGO ONLINE', 'EFECTIVO – CHEQUE - PAGO POSTERIOR', 'EFECTIVO – CHEQUE - TRANSFERENCIA BANCARIA', 'EFECTIVO – CHEQUE - DEPOSITO EN CUENTA', 'EFECTIVO – CHEQUE - TRANSFERENCIA SWIFT', 'EFECTIVO – CHEQUE - GIFT-CARD', 'EFECTIVO – CHEQUE - CANAL DE PAGO', 'EFECTIVO – CHEQUE - BILLETERA MOVIL', 'EFECTIVO – CHEQUE - PAGO ONLINE', 'EFECTIVO – VALES - PAGO POSTERIOR', 'EFECTIVO – VALES - TRANSFERENCIA BANCARIA', 'EFECTIVO – VALES - DEPOSITO EN CUENTA', 'EFECTIVO – VALES - TRANSFERENCIA SWIFT', 'EFECTIVO – VALES - GIFT-CARD', 'EFECTIVO – VALES - CANAL DE PAGO', 'EFECTIVO – VALES - BILLETERA MOVIL', 'EFECTIVO – VALES - PAGO ONLINE', 'EFECTIVO – PAGO POSTERIOR - TRANSFERENCIA BANCARIA', 'EFECTIVO – PAGO POSTERIOR - DEPOSITO EN CUENTA', 'EFECTIVO – PAGO POSTERIOR - TRANSFERENCIA SWIFT', 'EFECTIVO – PAGO POSTERIOR - GIFT-CARD', 'EFECTIVO – PAGO POSTERIOR - CANAL DE PAGO', 'EFECTIVO – PAGO POSTERIOR - BILLETERA MOVIL', 'EFECTIVO – PAGO POSTERIOR - PAGO ONLINE', 'EFECTIVO – TRANSFERENCIA BANCARIA  – DEPOSITO EN CUENTA', 'EFECTIVO – TRANSFERENCIA BANCARIA  – TRANSFERENCIA SWIFT', 'EFECTIVO – TRANSFERENCIA BANCARIA  – GIFT-CARD', 'EFECTIVO – TRANSFERENCIA BANCARIA  – CANAL DE PAGO', 'EFECTIVO – TRANSFERENCIA BANCARIA  – BILLETERA MOVIL', 'EFECTIVO – TRANSFERENCIA BANCARIA  – PAGO ONLINE', 'EFECTIVO – DEPOSITO EN CUENTA  – TRANSFERENCIA SWIFT', 'EFECTIVO – DEPOSITO EN CUENTA  – GIFT-CARD', 'EFECTIVO – DEPOSITO EN CUENTA  – CANAL DE PAGO', 'EFECTIVO – DEPOSITO EN CUENTA  – BILLETERA MOVIL', 'EFECTIVO – DEPOSITO EN CUENTA  – PAGO ONLINE', 'EFECTIVO – SWIFT - GIFT-CARD', 'EFECTIVO – SWIFT - CANAL DE PAGO', 'EFECTIVO – SWIFT - BILLETERA MOVIL', 'EFECTIVO – SWIFT - PAGO ONLINE', 'EFECTIVO – GIFT CARD - CANAL DE PAGO', 'EFECTIVO – GIFT CARD - BILLETERA MOVIL', 'EFECTIVO – GIFT CARD - PAGO ONLINE', 'EFECTIVO – CANAL PAGO - BILLETERA MOVIL', 'EFECTIVO – CANAL PAGO - PAGO ONLINE', 'EFECTIVO – BILLETERA MOVIL - PAGO ONLINE', 'TARJETA – CHEQUE - PAGO POSTERIOR', 'TARJETA – CHEQUE - TRANSFERENCIA BANCARIA', 'TARJETA – CHEQUE - DEPOSITO EN CUENTA', 'TARJETA – CHEQUE - TRANSFERENCIA SWIFT', 'TARJETA – CHEQUE - GIFT-CARD', 'TARJETA – CHEQUE - CANAL DE PAGO', 'TARJETA – CHEQUE - BILLETERA MOVIL', 'TARJETA – CHEQUE - PAGO ONLINE', 'TARJETA – VALES - PAGO POSTERIOR', 'TARJETA – VALES - TRANSFERENCIA BANCARIA', 'TARJETA – VALES - DEPOSITO EN CUENTA', 'TARJETA – VALES - TRANSFERENCIA SWIFT', 'TARJETA – VALES - GIFT-CARD', 'TARJETA – VALES - CANAL DE PAGO', 'TARJETA – VALES - BILLETERA MOVIL', 'TARJETA – VALES - PAGO ONLINE', 'TARJETA – PAGO POSTERIOR - TRANSFERENCIA BANCARIA', 'TARJETA – PAGO POSTERIOR - DEPOSITO EN CUENTA', 'TARJETA – PAGO POSTERIOR - TRANSFERENCIA SWIFT', 'TARJETA – PAGO POSTERIOR - GIFT-CARD', 'TARJETA – PAGO POSTERIOR - CANAL DE PAGO', 'TARJETA – PAGO POSTERIOR - BILLETERA MOVIL', 'TARJETA – PAGO POSTERIOR - PAGO ONLINE', 'TARJETA – TRANSFERENCIA BANCARIA – DEPOSITO EN CUENTA', 'TARJETA – TRANSFERENCIA BANCARIA - TRANSFERENCIA SWIFT', 'TARJETA – TRANSFERENCIA BANCARIA – GIFT-CARD', 'TARJETA – TRANSFERENCIA BANCARIA – CANAL DE PAGO', 'TARJETA – TRANSFERENCIA  BANCARIA – BILLETERA MOVIL', 'TARJETA – TRANSFERENCIA BANCARIA – PAGO ONLINE', 'TARJETA – DEPOSITO EN CUENTA – TRANSFERENCIA SWIFT', 'TARJETA – DEPOSITO EN CUENTA – GIFT-CARD', 'TARJETA – DEPOSITO EN CUENTA – CANAL DE PAGO', 'TARJETA – DEPOSITO EN CUENTA  – BILLETERA MOVIL', 'TARJETA – DEPOSITO EN CUENTA – PAGO ONLINE', 'TARJETA – SWIFT - GIFT-CARD', 'TARJETA – SWIFT - CANAL DE PAGO', 'TARJETA – SWIFT - BILLETERA MOVIL', 'TARJETA – SWIFT - PAGO ONLINE', 'TARJETA – GIFT - CANAL DE PAGO', 'TARJETA – GIFT - BILLETERA MOVIL', 'TARJETA – GIFT - PAGO ONLINE', 'TARJETA – CANAL PAGO - BILLETERA MOVIL', 'TARJETA – CANAL PAGO - PAGO ONLINE', 'TARJETA – BILLETERA MOVIL - PAGO ONLINE', 'CHEQUE – VALES - PAGO POSTERIOR', 'CHEQUE – VALES - TRANSFERENCIA BANCARIA', 'CHEQUE – VALES - DEPOSITO EN CUENTA', 'CHEQUE – VALES - TRANSFERENCIA SWIFT', 'CHEQUE – VALES - GIFT-CARD', 'CHEQUE – VALES - CANAL DE PAGO', 'CHEQUE – VALES - BILLETERA MOVIL', 'CHEQUE – VALES - PAGO ONLINE', 'CHEQUE – PAGO POSTERIOR - TRANSFERENCIA BANCARIA', 'CHEQUE – PAGO POSTERIOR - DEPOSITO EN CUENTA', 'CHEQUE – PAGO POSTERIOR - TRANSFERENCIA SWIFT', 'CHEQUE – PAGO POSTERIOR - GIFT-CARD', 'CHEQUE – PAGO POSTERIOR - CANAL DE PAGO', 'CHEQUE – PAGO POSTERIOR - BILLETERA MOVIL', 'CHEQUE – PAGO POSTERIOR - PAGO ONLINE', 'CHEQUE – TRANSFERENCIA BANCARIA – DEPOSITO EN CUENTA', 'CHEQUE – TRANSFERENCIA BANCARIA – TRANSFERENCIA SWIFT', 'CHEQUE – TRANSFERENCIA BANCARIA – GIFT-CARD', 'CHEQUE – TRANSFERENCIA BANCARIA – CANAL DE PAGO', 'CHEQUE – TRANSFERENCIA BANCARIA – BILLETERA MOVIL', 'CHEQUE – TRANSFERENCIA BANCARIA – PAGO ONLINE', 'CHEQUE – DEPOSITO EN CUENTA - TRANSFERENCIA SWIFT', 'CHEQUE – DEPOSITO EN CUENTA - GIFT-CARD', 'CHEQUE – DEPOSITO EN CUENTA - CANAL DE PAGO', 'CHEQUE – DEPOSITO EN CUENTA - BILLETERA MOVIL', 'CHEQUE – DEPOSITO EN CUENTA - PAGO ONLINE', 'CHEQUE – SWIFT - GIFT-CARD', 'CHEQUE – SWIFT - CANAL DE PAGO', 'CHEQUE – SWIFT - BILLETERA MOVIL', 'CHEQUE – SWIFT - PAGO ONLINE', 'CHEQUE – GIFT - CANAL DE PAGO', 'CHEQUE – GIFT - BILLETERA MOVIL', 'CHEQUE – GIFT - PAGO ONLINE', 'CHEQUE – CANAL PAGO - BILLETERA MOVIL', 'CHEQUE – CANAL PAGO - PAGO ONLINE', 'CHEQUE – BILLETERA MOVIL  – PAGO ONLINE', 'VALES – SWIFT - TRANSFERENCIA BANCARIA', 'VALES – SWIFT - DEPOSITO EN CUENTA', 'VALES – SWIFT - TRANSFERENCIA SWIFT', 'VALES – SWIFT - GIFT-CARD', 'VALES – SWIFT - CANAL DE PAGO', 'VALES – SWIFT - BILLETERA MOVIL', 'VALES – SWIFT - PAGO ONLINE', 'VALES – GIFT - DEPOSITO EN CUENTA', 'VALES – GIFT - TRANSFERENCIA SWIFT', 'VALES – GIFT-CARD – TARJETA', 'VALES – GIFT - CANAL DE PAGO', 'VALES – GIFT - BILLETERA MOVIL', 'VALES – GIFT - PAGO ONLINE', 'VALES – CANAL DE PAGO  – TRANSFERENCIA SWIFT', 'VALES – CANAL DE PAGO  – GIFT-CARD', 'VALES – CANAL DE PAGO  – CANAL DE PAGO', 'VALES – CANAL DE PAGO  – BILLETERA MOVIL', 'VALES – CANAL DE PAGO  – PAGO ONLINE', 'VALES – BILLETERA MOVIL – GIFT-CARD', 'VALES – BILLETERA MOVIL – CANAL DE PAGO', 'VALES – BILLETERA MOVIL – BILLETERA MOVIL', 'VALES – BILLETERA MOVIL – PAGO ONLINE', 'VALES – PAGO ONLINE - CANAL DE PAGO', 'VALES – PAGO ONLINE - BILLETERA MOVIL', 'VALES – PAGO ONLINE - PAGO ONLINE', 'PAGO POSTERIOR – TRANSFERENCIA BANCARIA  – DEPOSITO EN CUENTA', 'PAGO POSTERIOR – TRANSFERENCIA BANCARIA  – TRANSFERENCIA SWIFT', 'PAGO POSTERIOR – TRANSFERENCIA BANCARIA  – GIFT-CARD', 'PAGO POSTERIOR – TRANSFERENCIA BANCARIA  – CANAL DE PAGO', 'PAGO POSTERIOR – TRANSFERENCIA BANCARIA  – BILLETERA MOVIL', 'PAGO POSTERIOR – TRANSFERENCIA BANCARIA  – PAGO ONLINE', 'PAGO POSTERIOR – DEPOSITO EN CUENTA  – TRANSFERENCIA SWIFT', 'PAGO POSTERIOR – DEPOSITO EN CUENTA  – GIFT-CARD', 'PAGO POSTERIOR – DEPOSITO EN CUENTA  – CANAL DE PAGO', 'PAGO POSTERIOR – DEPOSITO EN CUENTA  – BILLETERA MOVIL', 'PAGO POSTERIOR – DEPOSITO EN CUENTA  – PAGO ONLINE', 'PAGO POSTERIOR – SWIFT - GIFT-CARD', 'PAGO POSTERIOR – SWIFT - CANAL DE PAGO', 'PAGO POSTERIOR – SWIFT - BILLETERA MOVIL', 'PAGO POSTERIOR – SWIFT - PAGO ONLINE', 'PAGO POSTERIOR – GIFT - CANAL DE PAGO', 'PAGO POSTERIOR – GIFT - BILLETERA MOVIL', 'PAGO POSTERIOR – GIFT - PAGO ONLINE', 'PAGO POSTERIOR – CANAL DE PAGO - BILLETERA MOVIL', 'PAGO POSTERIOR – CANAL DE PAGO - PAGO ONLINE', 'PAGO POSTERIOR – BILLETERA MOVIL - PAGO ONLINE', 'TRANSFERENCIA BANCARIA – DEPOSITO EN CUENTA  – TRANSFERENCIA SWIFT', 'TRANSFERENCIA BANCARIA – DEPOSITO  EN CUENTA – GIFT-CARD', 'TRANSFERENCIA BANCARIA – DEPOSITO  EN CUENTA – CANAL DE PAGO', 'TRANSFERENCIA BANCARIA – DEPOSITO EN CUENTA   – BILLETERA MOVIL', 'TRANSFERENCIA BANCARIA– DEPOSITO  EN CUENTA – PAGO ONLINE', 'TRANSFERENCIA BANCARIA – SWIFT  – GIFT-CARD', 'TRANSFERENCIA BANCARIA – SWIFT  – CANAL DE PAGO', 'TRANSFERENCIA BANCARIA – SWIFT  – BILLETERA MOVIL', 'TRANSFERENCIA BANCARIA – SWIFT  – PAGO ONLINE', 'TRANSFERENCIA BANCARIA – GIFT-CARD  – CANAL DE PAGO', 'TRANSFERENCIA BANCARIA – GIFT-CARD  – BILLETERA MOVIL', 'TRANSFERENCIA BANCARIA – GIFT-CARD  – PAGO ONLINE', 'TRANSFERENCIA BANCARIA – CANAL DE PAGO – BILLETERA MOVIL', 'TRANSFERENCIA BANCARIA – CANAL DE PAGO – PAGO ONLINE', 'TRANSFERENCIA BANCARIA – BILLETERA MOVIL – PAGO ONLINE', 'DEPOSITO EN CUENTA  – SWIFT  – GIFT-CARD', 'DEPOSITO EN CUENTA  – SWIFT  – CANAL DE PAGO', 'DEPOSITO EN CUENTA  – SWIFT  – BILLETERA MOVIL', 'DEPOSITO EN CUENTA  – SWIFT  – PAGO ONLINE', 'DEPOSITO EN CUENTA – GIFT-CARD  – CANAL DE PAGO', 'DEPOSITO EN CUENTA – GIFT-CARD  – BILLETERA MOVIL', 'DEPOSITO EN CUENTA  – GIFT-CARD  – PAGO ONLINE', 'DEPOSITO EN CUENTA –  CANAL DE PAGO  – BILLETERA MOVIL', 'DEPOSITO EN CUENTA – CANAL DE PAGO   – PAGO ONLINE', 'DEPOSITO EN CUENTA – BILLETERA MOVIL  – PAGO ONLINE', 'SWIFT – GIFT - CANAL DE PAGO', 'SWIFT – GIFT - BILLETERA MOVIL', 'SWIFT – GIFT - PAGO ONLINE', 'SWIFT – CANAL DE PAGO  – BILLETERA MOVIL', 'SWIFT – CANAL  DE PAGO – PAGO ONLINE', 'SWIFT – BILLETERA MOVIL  – PAGO ONLINE', 'GIFT-CARD – CANAL DE PAGO  – BILLETERA MOVIL', 'GIFT-CARD – CANAL DE PAGO  – PAGO ONLINE', 'GIFT-CARD – BILLETERA MOVIL - PAGO ONLINE', 'CANAL DE PAGO – BILLETERA MOVIL  – PAGO ONLINE', 'DEBITO AUTOMATICO', 'DEBITO AUTOMATICO – EFECTIVO', 'DEBITO AUTOMATICO -TARJETA', 'DEBITO AUTOMATICO – CHEQUE']
2024-07-19 03:44:48,316 - DEBUG - Índice del método de pago predeterminado: 0
2024-07-19 03:44:48,326 - DEBUG - Método de pago seleccionado: EFECTIVO
2024-07-19 03:44:48,333 - INFO - Código clasificador del método de pago seleccionado: 1 (<class 'int'>)
2024-07-19 03:44:48,342 - DEBUG - Aplicar Descuento: False
2024-07-19 03:44:48,350 - INFO - Verificando si el código clasificador 1 (<class 'int'>) está en la lista de códigos de gift card: [102, 109, 115, 120, 124, 128, 129, 130, 138, 146, 153, 159, 164, 168, 172, 173, 174, 182, 189, 195, 200, 204, 208, 209, 210, 217, 221, 222, 223, 224, 225, 226, 228, 232, 241, 246, 250, 254, 255, 256, 261, 265, 269, 270, 271, 275, 279, 280, 281, 285, 286, 287, 291, 292, 293, 30, 304, 35, 40, 49, 53, 60, 64, 68, 72, 76, 77, 78, 86, 94]
2024-07-19 03:44:48,360 - WARNING - El código del método de pago seleccionado (1) no permite aplicar Gift Card.
2024-07-19 03:44:48,369 - DEBUG - Descuento Adicional Final: 0
2024-07-19 03:44:48,378 - DEBUG - Monto Gift Card Final: 0
2024-07-19 03:44:48,398 - INFO - El CUF generado es: 178B43EFDB95AE6C1C34B7283D1ADD31689D575A4141B0EDB373D8E74
2024-07-19 03:44:48,408 - INFO - Iniciando la generación del XML de la factura.
2024-07-19 03:44:48,417 - DEBUG - Valores recibidos: nit_emisor=344096024, razon_social_emisor=BOLIVIAN FOODS & DRINKS S.R.L., municipio=LA PAZ, telefono=59112345678, numero_factura=458, cuf=178B43EFDB95AE6C1C34B7283D1ADD31689D575A4141B0EDB373D8E74, cufd=BQW9Dfm9pQUE=N0jIwOUI5RDBENjY=QnxdWG9XVEhZVUFM0OEY3NkRBRkU0R, codigo_sucursal=0, direccion=AVENIDA MONTENEGRO NRO. SN EDIF.: ARACELY PISO: PB DEPTO.: BLOQUE E7 ZONA/BARRIO: SAN MIGUEL, codigo_punto_venta=0, fecha_emision=2024-07-19T03:44:48.391, nombre_razon_social=prado, codigo_tipo_documento_identidad=5, numero_documento=344096024, complemento=None, codigo_cliente=344096024, codigo_metodo_pago=1, ultimos_digitos_tarjeta=None, subtotal=165.00, total=165.00, codigo_moneda=1, tipo_cambio=1, monto_total_moneda=165.00, monto_giftcard=0, descuento_adicional=0, leyenda=Ley N° 453: Tienes derecho a recibir información sobre las características y contenidos de los servicios que utilices., usuario=don_bercho, codigo_documento_sector=1, lineas_productos=[{'nombre': 'CHOP 1L', 'precio_venta': '60.00', 'codigo': 133, 'unidad': 'Unid', 'cantidad': 2, 'sub_total': 120.0}, {'nombre': 'V MOJITO DE FRUTA', 'precio_venta': '45.00', 'codigo': 100, 'unidad': 'Unid', 'cantidad': 1, 'sub_total': 45.0}]
2024-07-19 03:44:48,429 - DEBUG - Validando y formateando la fecha: 2024-07-19T03:44:48.391
2024-07-19 03:44:48,439 - INFO - Fecha validada y formateada correctamente: 2024-07-19T03:44:48.391
2024-07-19 03:44:48,449 - DEBUG - Procesando la línea de producto: {'nombre': 'CHOP 1L', 'precio_venta': '60.00', 'codigo': 133, 'unidad': 'Unid', 'cantidad': 2, 'sub_total': 120.0}
2024-07-19 03:44:48,459 - DEBUG - Procesando la línea de producto: {'nombre': 'V MOJITO DE FRUTA', 'precio_venta': '45.00', 'codigo': 100, 'unidad': 'Unid', 'cantidad': 1, 'sub_total': 45.0}
2024-07-19 03:44:48,467 - INFO - XML inicial guardado en xmls/factura_178B43EFDB95AE6C1C34B7283D1ADD31689D575A4141B0EDB373D8E74_antes_de_canonicalizar.xml
2024-07-19 03:44:48,477 - INFO - XML de la factura generado correctamente.
2024-07-19 03:44:48,484 - DEBUG - XML Generado:
<facturaElectronicaCompraVenta xmlns:xsi="http://www.w3.org/2001/XMLSchema-instance" xsi:noNamespaceSchemaLocation="schemas/facturaElectronicaCompraVenta.xsd"><cabecera><nitEmisor>344096024</nitEmisor><razonSocialEmisor>BOLIVIAN FOODS &amp; DRINKS S.R.L.</razonSocialEmisor><municipio>LA PAZ</municipio><telefono>59112345678</telefono><numeroFactura>458</numeroFactura><cuf>178B43EFDB95AE6C1C34B7283D1ADD31689D575A4141B0EDB373D8E74</cuf><cufd>BQW9Dfm9pQUE=N0jIwOUI5RDBENjY=QnxdWG9XVEhZVUFM0OEY3NkRBRkU0R</cufd><codigoSucursal>0</codigoSucursal><direccion>AVENIDA MONTENEGRO NRO. SN EDIF.: ARACELY PISO: PB DEPTO.: BLOQUE E7 ZONA/BARRIO: SAN MIGUEL</direccion><codigoPuntoVenta>0</codigoPuntoVenta><fechaEmision>2024-07-19T03:44:48.391</fechaEmision><nombreRazonSocial>PRADO</nombreRazonSocial><codigoTipoDocumentoIdentidad>5</codigoTipoDocumentoIdentidad><numeroDocumento>344096024</numeroDocumento><complemento xsi:nil="true" /><codigoCliente>344096024</codigoCliente><codigoMetodoPago>1</codigoMetodoPago><numeroTarjeta xsi:nil="true" /><montoTotal>165.00</montoTotal><montoTotalSujetoIva>165.00</montoTotalSujetoIva><codigoMoneda>1</codigoMoneda><tipoCambio>1.00</tipoCambio><montoTotalMoneda>165.00</montoTotalMoneda><montoGiftCard>0</montoGiftCard><descuentoAdicional>0</descuentoAdicional><codigoExcepcion xsi:nil="true" /><cafc xsi:nil="true" /><leyenda>Ley N° 453: Tienes derecho a recibir información sobre las características y contenidos de los servicios que utilices.</leyenda><usuario>don_bercho</usuario><codigoDocumentoSector>1</codigoDocumentoSector></cabecera><detalle><actividadEconomica>561110</actividadEconomica><codigoProductoSin>99100</codigoProductoSin><codigoProducto>133</codigoProducto><descripcion>CHOP 1L</descripcion><cantidad>2</cantidad><unidadMedida>1</unidadMedida><precioUnitario>60.00</precioUnitario><montoDescuento xsi:nil="true" /><subTotal>120.0</subTotal><numeroSerie xsi:nil="true" /><numeroImei xsi:nil="true" /></detalle><detalle><actividadEconomica>561110</actividadEconomica><codigoProductoSin>99100</codigoProductoSin><codigoProducto>100</codigoProducto><descripcion>V MOJITO DE FRUTA</descripcion><cantidad>1</cantidad><unidadMedida>1</unidadMedida><precioUnitario>45.00</precioUnitario><montoDescuento xsi:nil="true" /><subTotal>45.0</subTotal><numeroSerie xsi:nil="true" /><numeroImei xsi:nil="true" /></detalle></facturaElectronicaCompraVenta>
2024-07-19 03:44:48,495 - INFO - Iniciando proceso de firma del XML
2024-07-19 03:44:48,502 - INFO - Hash del XML original: 239672e8551b00e07da7d9048c51c527e6a5b166b5d57471c00fd7e60ddb74a9
2024-07-19 03:44:48,509 - INFO - XML canonicalizado exitosamente.
2024-07-19 03:44:48,516 - INFO - Hash del XML: 4671a09f7fc9447bb78d39c35b6386920d29f946a0e4aba2fb5a205eca266c18
2024-07-19 03:44:48,523 - INFO - Hash del XML en Base64: RnGgn3/JRHu3jTnDW2OGkg0p+Uag5Kui+1ogXsombBg=
2024-07-19 03:44:48,530 - INFO - Etiquetas de signature añadidas al XML.
2024-07-19 03:44:48,536 - INFO - SignedInfo canonicalizado exitosamente.
2024-07-19 03:44:48,610 - INFO - SignedInfo firmado exitosamente.
2024-07-19 03:44:48,616 - INFO - SignatureValue en Base64: XhljiQ2nXASPo9dxaS2AiqlZftbsI8+Zynu+KSuxOEfcA0tgCF1VwNXOhO4GfpK6f+7t8o6PU+w5gzWKNu3MgHfyy3srHnQ6T7zNL08bXPJpKmV4rXmh/+ECGb+m/bsshP3lVD0Z2R5J4r50j8W4lsXeGCmmsEwyzlcjQQ22bMnYDqWv48eNJuh8KHc80xP78r89SH2ty+qTWesHpEjP2Z0cmhzEV9fg0V/p61ANOf7dOQVc8goWn9hNk5socW5w66ZI8qc4feMlwTr+NjRbSTigTX+tyISCvGE+Mqn7T7RwZT8BnR7ycQwt8ivB9C6wITjSelhJMCURhRx80HZNoA==
2024-07-19 03:44:48,624 - INFO - SignatureValue añadido al XML.
2024-07-19 03:44:48,630 - INFO - X509Certificate añadido al XML.
2024-07-19 03:44:48,637 - INFO - Hash del XML firmado (sin nodo de firma): 4671a09f7fc9447bb78d39c35b6386920d29f946a0e4aba2fb5a205eca266c18
2024-07-19 03:44:48,644 - INFO - El XML no se ha modificado después de la firma.
2024-07-19 03:44:48,651 - DEBUG - Validando XML: xmls/factura_178B43EFDB95AE6C1C34B7283D1ADD31689D575A4141B0EDB373D8E74_.xml contra el esquema XSD: xmls/schemas/facturaElectronicaCompraVenta.xsd
2024-07-19 03:44:48,717 - INFO - El XML es válido contra el esquema principal.
2024-07-19 03:44:48,724 - DEBUG - Comprimiendo XML: xmls/factura_178B43EFDB95AE6C1C34B7283D1ADD31689D575A4141B0EDB373D8E74_.xml
2024-07-19 03:44:48,732 - INFO - Archivo comprimido: xmls/factura_178B43EFDB95AE6C1C34B7283D1ADD31689D575A4141B0EDB373D8E74_.xml.gz
2024-07-19 03:44:48,739 - DEBUG - Obteniendo hash SHA-256 del archivo: xmls/factura_178B43EFDB95AE6C1C34B7283D1ADD31689D575A4141B0EDB373D8E74_.xml.gz
2024-07-19 03:44:48,751 - INFO - Hash SHA-256 obtenido: cc114b06fec7ff35a1dc6364b7b518dd6f3f48f5a132df9d25a56682c9ab5d8a
2024-07-19 03:44:48,759 - DEBUG - Enviando solicitud SOAP
2024-07-19 03:44:48,765 - DEBUG - Validando XML: xmls/factura_178B43EFDB95AE6C1C34B7283D1ADD31689D575A4141B0EDB373D8E74_.xml contra el esquema XSD: xmls/schemas/facturaElectronicaCompraVenta.xsd
2024-07-19 03:44:48,823 - INFO - El XML es válido contra el esquema principal.
2024-07-19 03:44:48,830 - DEBUG - Comprimiendo XML: xmls/factura_178B43EFDB95AE6C1C34B7283D1ADD31689D575A4141B0EDB373D8E74_.xml
2024-07-19 03:44:48,839 - INFO - Archivo comprimido: xmls/factura_178B43EFDB95AE6C1C34B7283D1ADD31689D575A4141B0EDB373D8E74_.xml.gz
2024-07-19 03:44:48,847 - DEBUG - Obteniendo hash SHA-256 del archivo: xmls/factura_178B43EFDB95AE6C1C34B7283D1ADD31689D575A4141B0EDB373D8E74_.xml.gz
2024-07-19 03:44:48,855 - INFO - Hash SHA-256 obtenido: cc114b06fec7ff35a1dc6364b7b518dd6f3f48f5a132df9d25a56682c9ab5d8a
2024-07-19 03:44:48,862 - DEBUG - Construyendo cuerpo de la solicitud SOAP
2024-07-19 03:44:48,870 - DEBUG - Starting new HTTPS connection (1): pilotosiatservicios.impuestos.gob.bo:443
2024-07-19 03:44:49,455 - DEBUG - https://pilotosiatservicios.impuestos.gob.bo:443 "POST /v2/ServicioFacturacionCompraVenta HTTP/1.1" 200 455
2024-07-19 03:44:49,492 - INFO - Response status code: 200
2024-07-19 03:44:49,510 - DEBUG - Response content: <soap:Envelope xmlns:soap="http://schemas.xmlsoap.org/soap/envelope/"><soap:Body><ns2:recepcionFacturaResponse xmlns:ns2="https://siat.impuestos.gob.bo/"><RespuestaServicioFacturacion><codigoDescripcion>VALIDADA</codigoDescripcion><codigoEstado>908</codigoEstado><codigoRecepcion>c6e8f8c5-45a2-11ef-b819-13397576c9c7</codigoRecepcion><transaccion>true</transaccion></RespuestaServicioFacturacion></ns2:recepcionFacturaResponse></soap:Body></soap:Envelope>
2024-07-19 03:45:36,269 - DEBUG - Opciones de métodos de pago: ['DEBITO AUTOMATICO -  VALE', 'DEBITO AUTOMATICO -  PAGO POSTERIOR', 'DEBITO AUTOMATICO -  TRANSFERENCIA BANCARIA', 'DEBITO AUTOMATICO -  DEPOSITO EN CUENTA', 'DEBITO AUTOMATICO -  TRANSFERENCIA SWIFT', 'DEBITO AUTOMATICO -  GIFT CARD', 'DEBITO AUTOMATICO -  CANAL DE PAGO', 'DEBITO AUTOMATICO -  BILLETERA MOVIL', 'DEBITO AUTOMATICO -  PAGO ONLINE', 'DEBITO AUTOMATICO – OTRO', 'EFECTIVO-TARJETA', 'EFECTIVO-CHEQUE', 'EFECTIVO-VALES', 'EFECTIVO – TRANSFERENCIA BANCARIA', 'EFECTIVO-DEPOSITO EN CUENTA', 'EFECTIVO – TRANSFERENCIA BANCARIA SWIFT', 'TARJETA-CHEQUE', 'TARJETA-VALES', 'TARJETA-TRANSFERENCIA BANCARIA', 'TARJETA-DEPOSITO EN CUENTA', 'TARJETA-TRANSFERENCIA SWIFT', 'VALES-TRANSFERENCIA BANCARIA', 'VALES – DEPOSITO EN CUENTA', 'VALES-TRANSFERENCIA SWIFT', 'TRANSFERENCIA BANCARIA-DEPOSITO EN CUENTA', 'TRANSFERENCIA BANCARIA-TRANSFERENCIA SWIFT', 'DEPOSITO EN CUENTA – TRANSFERENCIA SWIFT', 'PAGO POSTERIOR', 'TRANSFERENCIA BANCARIA', 'GIFT-CARD', 'DEPOSITO EN CUENTA', 'TRANSFERENCIA SWIFT', 'GIFT-CARD OTROS', 'CANAL DE PAGO', 'BILLETERA MOVIL', 'PAGO ONLINE', 'EFECTIVO – PAGO POSTERIOR', 'EFECTIVO – GIFT CARD', 'EFECTIVO – CANAL PAGO', 'EFECTIVO – BILLETERA MOVIL', 'EFECTIVO – PAGO ONLINE', 'TARJETA – PAGO POSTERIOR', 'TARJETA – GIFT', 'TARJETA – CANAL PAGO', 'TARJETA – BILLETERA MOVIL', 'TARJETA – PAGO ONLINE', 'CHEQUE – VALES', 'CHEQUE – PAGO POSTERIOR', 'CHEQUE – TRANSFERENCIA BANCARIA', 'CHEQUE – DEPOSITO', 'CHEQUE – SWIFT', 'CHEQUE – GIFT', 'CHEQUE – CANAL PAGO', 'CHEQUE – BILLETERA', 'CHEQUE – PAGO ONLINE', 'VALES – GIFT', 'VALES – CANAL DE PAGO', 'VALES – BILLETERA MOVIL', 'VALES – PAGO ONLINE', 'PAGO POSTERIOR – TRANSFERENCIA BANCARIA', 'PAGO POSTERIOR – DEPOSITO EN CUENTA', 'PAGO POSTERIOR – SWIFT', 'PAGO POSTERIOR – GIFT', 'PAGO POSTERIOR – CANAL', 'PAGO POSTERIOR – BILLETERA', 'PAGO POSTERIOR – PAGO ONLINE', 'EFECTIVO', 'TRANSFERENCIA BANCARIA – GIFT-CARD', 'TARJETA', 'TRANSFERENCIA BANCARIA – CANAL DE PAGO', 'CHEQUE', 'TRANSFERENCIA BANCARIA – BILLETERA MOVIL', 'VALES', 'TRANSFERENCIA BANCARIA – PAGO ONLINE', 'OTROS', 'DEPOSITO EN CUENTA – GIFT-CARD', 'DEPOSITO EN CUENTA – CANAL DE PAGO', 'DEPOSITO EN CUENTA – BILLETERA MOVIL', 'DEPOSITO EN CUENTA  – PAGO ONLINE', 'SWIFT – GIFT', 'SWIFT – CANAL DE PAGO', 'SWIFT – BILLETERA MOVIL', 'SWIFT – PAGO ONLINE', 'GIFT-CARD – CANAL DE PAGO', 'GIFT – BILLETERA', 'GIFT – PAGO ONLINE', 'CANAL DE PAGO – BILLETERA MOVIL', 'CANAL DE PAGO – PAGO ONLINE', 'BILLETERA MOVIL – PAGO ONLINE', 'EFECTIVO - TARJETA - PAGO POSTERIOR', 'EFECTIVO - TARJETA - TRANSFERENCIA BANCARIA', 'EFECTIVO - TARJETA - DEPOSITO EN CUENTA', 'EFECTIVO - TARJETA - TRANSFERENCIA SWIFT', 'EFECTIVO - TARJETA - GIFT-CARD', 'EFECTIVO - TARJETA - CANAL DE PAGO', 'EFECTIVO - TARJETA - BILLETERA MOVIL', 'EFECTIVO - TARJETA - PAGO ONLINE', 'EFECTIVO – CHEQUE - PAGO POSTERIOR', 'EFECTIVO – CHEQUE - TRANSFERENCIA BANCARIA', 'EFECTIVO – CHEQUE - DEPOSITO EN CUENTA', 'EFECTIVO – CHEQUE - TRANSFERENCIA SWIFT', 'EFECTIVO – CHEQUE - GIFT-CARD', 'EFECTIVO – CHEQUE - CANAL DE PAGO', 'EFECTIVO – CHEQUE - BILLETERA MOVIL', 'EFECTIVO – CHEQUE - PAGO ONLINE', 'EFECTIVO – VALES - PAGO POSTERIOR', 'EFECTIVO – VALES - TRANSFERENCIA BANCARIA', 'EFECTIVO – VALES - DEPOSITO EN CUENTA', 'EFECTIVO – VALES - TRANSFERENCIA SWIFT', 'EFECTIVO – VALES - GIFT-CARD', 'EFECTIVO – VALES - CANAL DE PAGO', 'EFECTIVO – VALES - BILLETERA MOVIL', 'EFECTIVO – VALES - PAGO ONLINE', 'EFECTIVO – PAGO POSTERIOR - TRANSFERENCIA BANCARIA', 'EFECTIVO – PAGO POSTERIOR - DEPOSITO EN CUENTA', 'EFECTIVO – PAGO POSTERIOR - TRANSFERENCIA SWIFT', 'EFECTIVO – PAGO POSTERIOR - GIFT-CARD', 'EFECTIVO – PAGO POSTERIOR - CANAL DE PAGO', 'EFECTIVO – PAGO POSTERIOR - BILLETERA MOVIL', 'EFECTIVO – PAGO POSTERIOR - PAGO ONLINE', 'EFECTIVO – TRANSFERENCIA BANCARIA  – DEPOSITO EN CUENTA', 'EFECTIVO – TRANSFERENCIA BANCARIA  – TRANSFERENCIA SWIFT', 'EFECTIVO – TRANSFERENCIA BANCARIA  – GIFT-CARD', 'EFECTIVO – TRANSFERENCIA BANCARIA  – CANAL DE PAGO', 'EFECTIVO – TRANSFERENCIA BANCARIA  – BILLETERA MOVIL', 'EFECTIVO – TRANSFERENCIA BANCARIA  – PAGO ONLINE', 'EFECTIVO – DEPOSITO EN CUENTA  – TRANSFERENCIA SWIFT', 'EFECTIVO – DEPOSITO EN CUENTA  – GIFT-CARD', 'EFECTIVO – DEPOSITO EN CUENTA  – CANAL DE PAGO', 'EFECTIVO – DEPOSITO EN CUENTA  – BILLETERA MOVIL', 'EFECTIVO – DEPOSITO EN CUENTA  – PAGO ONLINE', 'EFECTIVO – SWIFT - GIFT-CARD', 'EFECTIVO – SWIFT - CANAL DE PAGO', 'EFECTIVO – SWIFT - BILLETERA MOVIL', 'EFECTIVO – SWIFT - PAGO ONLINE', 'EFECTIVO – GIFT CARD - CANAL DE PAGO', 'EFECTIVO – GIFT CARD - BILLETERA MOVIL', 'EFECTIVO – GIFT CARD - PAGO ONLINE', 'EFECTIVO – CANAL PAGO - BILLETERA MOVIL', 'EFECTIVO – CANAL PAGO - PAGO ONLINE', 'EFECTIVO – BILLETERA MOVIL - PAGO ONLINE', 'TARJETA – CHEQUE - PAGO POSTERIOR', 'TARJETA – CHEQUE - TRANSFERENCIA BANCARIA', 'TARJETA – CHEQUE - DEPOSITO EN CUENTA', 'TARJETA – CHEQUE - TRANSFERENCIA SWIFT', 'TARJETA – CHEQUE - GIFT-CARD', 'TARJETA – CHEQUE - CANAL DE PAGO', 'TARJETA – CHEQUE - BILLETERA MOVIL', 'TARJETA – CHEQUE - PAGO ONLINE', 'TARJETA – VALES - PAGO POSTERIOR', 'TARJETA – VALES - TRANSFERENCIA BANCARIA', 'TARJETA – VALES - DEPOSITO EN CUENTA', 'TARJETA – VALES - TRANSFERENCIA SWIFT', 'TARJETA – VALES - GIFT-CARD', 'TARJETA – VALES - CANAL DE PAGO', 'TARJETA – VALES - BILLETERA MOVIL', 'TARJETA – VALES - PAGO ONLINE', 'TARJETA – PAGO POSTERIOR - TRANSFERENCIA BANCARIA', 'TARJETA – PAGO POSTERIOR - DEPOSITO EN CUENTA', 'TARJETA – PAGO POSTERIOR - TRANSFERENCIA SWIFT', 'TARJETA – PAGO POSTERIOR - GIFT-CARD', 'TARJETA – PAGO POSTERIOR - CANAL DE PAGO', 'TARJETA – PAGO POSTERIOR - BILLETERA MOVIL', 'TARJETA – PAGO POSTERIOR - PAGO ONLINE', 'TARJETA – TRANSFERENCIA BANCARIA – DEPOSITO EN CUENTA', 'TARJETA – TRANSFERENCIA BANCARIA - TRANSFERENCIA SWIFT', 'TARJETA – TRANSFERENCIA BANCARIA – GIFT-CARD', 'TARJETA – TRANSFERENCIA BANCARIA – CANAL DE PAGO', 'TARJETA – TRANSFERENCIA  BANCARIA – BILLETERA MOVIL', 'TARJETA – TRANSFERENCIA BANCARIA – PAGO ONLINE', 'TARJETA – DEPOSITO EN CUENTA – TRANSFERENCIA SWIFT', 'TARJETA – DEPOSITO EN CUENTA – GIFT-CARD', 'TARJETA – DEPOSITO EN CUENTA – CANAL DE PAGO', 'TARJETA – DEPOSITO EN CUENTA  – BILLETERA MOVIL', 'TARJETA – DEPOSITO EN CUENTA – PAGO ONLINE', 'TARJETA – SWIFT - GIFT-CARD', 'TARJETA – SWIFT - CANAL DE PAGO', 'TARJETA – SWIFT - BILLETERA MOVIL', 'TARJETA – SWIFT - PAGO ONLINE', 'TARJETA – GIFT - CANAL DE PAGO', 'TARJETA – GIFT - BILLETERA MOVIL', 'TARJETA – GIFT - PAGO ONLINE', 'TARJETA – CANAL PAGO - BILLETERA MOVIL', 'TARJETA – CANAL PAGO - PAGO ONLINE', 'TARJETA – BILLETERA MOVIL - PAGO ONLINE', 'CHEQUE – VALES - PAGO POSTERIOR', 'CHEQUE – VALES - TRANSFERENCIA BANCARIA', 'CHEQUE – VALES - DEPOSITO EN CUENTA', 'CHEQUE – VALES - TRANSFERENCIA SWIFT', 'CHEQUE – VALES - GIFT-CARD', 'CHEQUE – VALES - CANAL DE PAGO', 'CHEQUE – VALES - BILLETERA MOVIL', 'CHEQUE – VALES - PAGO ONLINE', 'CHEQUE – PAGO POSTERIOR - TRANSFERENCIA BANCARIA', 'CHEQUE – PAGO POSTERIOR - DEPOSITO EN CUENTA', 'CHEQUE – PAGO POSTERIOR - TRANSFERENCIA SWIFT', 'CHEQUE – PAGO POSTERIOR - GIFT-CARD', 'CHEQUE – PAGO POSTERIOR - CANAL DE PAGO', 'CHEQUE – PAGO POSTERIOR - BILLETERA MOVIL', 'CHEQUE – PAGO POSTERIOR - PAGO ONLINE', 'CHEQUE – TRANSFERENCIA BANCARIA – DEPOSITO EN CUENTA', 'CHEQUE – TRANSFERENCIA BANCARIA – TRANSFERENCIA SWIFT', 'CHEQUE – TRANSFERENCIA BANCARIA – GIFT-CARD', 'CHEQUE – TRANSFERENCIA BANCARIA – CANAL DE PAGO', 'CHEQUE – TRANSFERENCIA BANCARIA – BILLETERA MOVIL', 'CHEQUE – TRANSFERENCIA BANCARIA – PAGO ONLINE', 'CHEQUE – DEPOSITO EN CUENTA - TRANSFERENCIA SWIFT', 'CHEQUE – DEPOSITO EN CUENTA - GIFT-CARD', 'CHEQUE – DEPOSITO EN CUENTA - CANAL DE PAGO', 'CHEQUE – DEPOSITO EN CUENTA - BILLETERA MOVIL', 'CHEQUE – DEPOSITO EN CUENTA - PAGO ONLINE', 'CHEQUE – SWIFT - GIFT-CARD', 'CHEQUE – SWIFT - CANAL DE PAGO', 'CHEQUE – SWIFT - BILLETERA MOVIL', 'CHEQUE – SWIFT - PAGO ONLINE', 'CHEQUE – GIFT - CANAL DE PAGO', 'CHEQUE – GIFT - BILLETERA MOVIL', 'CHEQUE – GIFT - PAGO ONLINE', 'CHEQUE – CANAL PAGO - BILLETERA MOVIL', 'CHEQUE – CANAL PAGO - PAGO ONLINE', 'CHEQUE – BILLETERA MOVIL  – PAGO ONLINE', 'VALES – SWIFT - TRANSFERENCIA BANCARIA', 'VALES – SWIFT - DEPOSITO EN CUENTA', 'VALES – SWIFT - TRANSFERENCIA SWIFT', 'VALES – SWIFT - GIFT-CARD', 'VALES – SWIFT - CANAL DE PAGO', 'VALES – SWIFT - BILLETERA MOVIL', 'VALES – SWIFT - PAGO ONLINE', 'VALES – GIFT - DEPOSITO EN CUENTA', 'VALES – GIFT - TRANSFERENCIA SWIFT', 'VALES – GIFT-CARD – TARJETA', 'VALES – GIFT - CANAL DE PAGO', 'VALES – GIFT - BILLETERA MOVIL', 'VALES – GIFT - PAGO ONLINE', 'VALES – CANAL DE PAGO  – TRANSFERENCIA SWIFT', 'VALES – CANAL DE PAGO  – GIFT-CARD', 'VALES – CANAL DE PAGO  – CANAL DE PAGO', 'VALES – CANAL DE PAGO  – BILLETERA MOVIL', 'VALES – CANAL DE PAGO  – PAGO ONLINE', 'VALES – BILLETERA MOVIL – GIFT-CARD', 'VALES – BILLETERA MOVIL – CANAL DE PAGO', 'VALES – BILLETERA MOVIL – BILLETERA MOVIL', 'VALES – BILLETERA MOVIL – PAGO ONLINE', 'VALES – PAGO ONLINE - CANAL DE PAGO', 'VALES – PAGO ONLINE - BILLETERA MOVIL', 'VALES – PAGO ONLINE - PAGO ONLINE', 'PAGO POSTERIOR – TRANSFERENCIA BANCARIA  – DEPOSITO EN CUENTA', 'PAGO POSTERIOR – TRANSFERENCIA BANCARIA  – TRANSFERENCIA SWIFT', 'PAGO POSTERIOR – TRANSFERENCIA BANCARIA  – GIFT-CARD', 'PAGO POSTERIOR – TRANSFERENCIA BANCARIA  – CANAL DE PAGO', 'PAGO POSTERIOR – TRANSFERENCIA BANCARIA  – BILLETERA MOVIL', 'PAGO POSTERIOR – TRANSFERENCIA BANCARIA  – PAGO ONLINE', 'PAGO POSTERIOR – DEPOSITO EN CUENTA  – TRANSFERENCIA SWIFT', 'PAGO POSTERIOR – DEPOSITO EN CUENTA  – GIFT-CARD', 'PAGO POSTERIOR – DEPOSITO EN CUENTA  – CANAL DE PAGO', 'PAGO POSTERIOR – DEPOSITO EN CUENTA  – BILLETERA MOVIL', 'PAGO POSTERIOR – DEPOSITO EN CUENTA  – PAGO ONLINE', 'PAGO POSTERIOR – SWIFT - GIFT-CARD', 'PAGO POSTERIOR – SWIFT - CANAL DE PAGO', 'PAGO POSTERIOR – SWIFT - BILLETERA MOVIL', 'PAGO POSTERIOR – SWIFT - PAGO ONLINE', 'PAGO POSTERIOR – GIFT - CANAL DE PAGO', 'PAGO POSTERIOR – GIFT - BILLETERA MOVIL', 'PAGO POSTERIOR – GIFT - PAGO ONLINE', 'PAGO POSTERIOR – CANAL DE PAGO - BILLETERA MOVIL', 'PAGO POSTERIOR – CANAL DE PAGO - PAGO ONLINE', 'PAGO POSTERIOR – BILLETERA MOVIL - PAGO ONLINE', 'TRANSFERENCIA BANCARIA – DEPOSITO EN CUENTA  – TRANSFERENCIA SWIFT', 'TRANSFERENCIA BANCARIA – DEPOSITO  EN CUENTA – GIFT-CARD', 'TRANSFERENCIA BANCARIA – DEPOSITO  EN CUENTA – CANAL DE PAGO', 'TRANSFERENCIA BANCARIA – DEPOSITO EN CUENTA   – BILLETERA MOVIL', 'TRANSFERENCIA BANCARIA– DEPOSITO  EN CUENTA – PAGO ONLINE', 'TRANSFERENCIA BANCARIA – SWIFT  – GIFT-CARD', 'TRANSFERENCIA BANCARIA – SWIFT  – CANAL DE PAGO', 'TRANSFERENCIA BANCARIA – SWIFT  – BILLETERA MOVIL', 'TRANSFERENCIA BANCARIA – SWIFT  – PAGO ONLINE', 'TRANSFERENCIA BANCARIA – GIFT-CARD  – CANAL DE PAGO', 'TRANSFERENCIA BANCARIA – GIFT-CARD  – BILLETERA MOVIL', 'TRANSFERENCIA BANCARIA – GIFT-CARD  – PAGO ONLINE', 'TRANSFERENCIA BANCARIA – CANAL DE PAGO – BILLETERA MOVIL', 'TRANSFERENCIA BANCARIA – CANAL DE PAGO – PAGO ONLINE', 'TRANSFERENCIA BANCARIA – BILLETERA MOVIL – PAGO ONLINE', 'DEPOSITO EN CUENTA  – SWIFT  – GIFT-CARD', 'DEPOSITO EN CUENTA  – SWIFT  – CANAL DE PAGO', 'DEPOSITO EN CUENTA  – SWIFT  – BILLETERA MOVIL', 'DEPOSITO EN CUENTA  – SWIFT  – PAGO ONLINE', 'DEPOSITO EN CUENTA – GIFT-CARD  – CANAL DE PAGO', 'DEPOSITO EN CUENTA – GIFT-CARD  – BILLETERA MOVIL', 'DEPOSITO EN CUENTA  – GIFT-CARD  – PAGO ONLINE', 'DEPOSITO EN CUENTA –  CANAL DE PAGO  – BILLETERA MOVIL', 'DEPOSITO EN CUENTA – CANAL DE PAGO   – PAGO ONLINE', 'DEPOSITO EN CUENTA – BILLETERA MOVIL  – PAGO ONLINE', 'SWIFT – GIFT - CANAL DE PAGO', 'SWIFT – GIFT - BILLETERA MOVIL', 'SWIFT – GIFT - PAGO ONLINE', 'SWIFT – CANAL DE PAGO  – BILLETERA MOVIL', 'SWIFT – CANAL  DE PAGO – PAGO ONLINE', 'SWIFT – BILLETERA MOVIL  – PAGO ONLINE', 'GIFT-CARD – CANAL DE PAGO  – BILLETERA MOVIL', 'GIFT-CARD – CANAL DE PAGO  – PAGO ONLINE', 'GIFT-CARD – BILLETERA MOVIL - PAGO ONLINE', 'CANAL DE PAGO – BILLETERA MOVIL  – PAGO ONLINE', 'DEBITO AUTOMATICO', 'DEBITO AUTOMATICO – EFECTIVO', 'DEBITO AUTOMATICO -TARJETA', 'DEBITO AUTOMATICO – CHEQUE']
2024-07-19 03:45:36,300 - DEBUG - Índice del método de pago predeterminado: 0
2024-07-19 03:45:36,316 - DEBUG - Método de pago seleccionado: EFECTIVO
2024-07-19 03:45:36,316 - INFO - Código clasificador del método de pago seleccionado: 1 (<class 'int'>)
2024-07-19 03:45:36,331 - DEBUG - Aplicar Descuento: False
2024-07-19 03:45:36,347 - INFO - Verificando si el código clasificador 1 (<class 'int'>) está en la lista de códigos de gift card: [102, 109, 115, 120, 124, 128, 129, 130, 138, 146, 153, 159, 164, 168, 172, 173, 174, 182, 189, 195, 200, 204, 208, 209, 210, 217, 221, 222, 223, 224, 225, 226, 228, 232, 241, 246, 250, 254, 255, 256, 261, 265, 269, 270, 271, 275, 279, 280, 281, 285, 286, 287, 291, 292, 293, 30, 304, 35, 40, 49, 53, 60, 64, 68, 72, 76, 77, 78, 86, 94]
2024-07-19 03:45:36,347 - WARNING - El código del método de pago seleccionado (1) no permite aplicar Gift Card.
2024-07-19 03:45:36,369 - DEBUG - Descuento Adicional Final: 0
2024-07-19 03:45:36,369 - DEBUG - Monto Gift Card Final: 0
2024-07-19 03:45:40,898 - DEBUG - Opciones de métodos de pago: ['DEBITO AUTOMATICO -  VALE', 'DEBITO AUTOMATICO -  PAGO POSTERIOR', 'DEBITO AUTOMATICO -  TRANSFERENCIA BANCARIA', 'DEBITO AUTOMATICO -  DEPOSITO EN CUENTA', 'DEBITO AUTOMATICO -  TRANSFERENCIA SWIFT', 'DEBITO AUTOMATICO -  GIFT CARD', 'DEBITO AUTOMATICO -  CANAL DE PAGO', 'DEBITO AUTOMATICO -  BILLETERA MOVIL', 'DEBITO AUTOMATICO -  PAGO ONLINE', 'DEBITO AUTOMATICO – OTRO', 'EFECTIVO-TARJETA', 'EFECTIVO-CHEQUE', 'EFECTIVO-VALES', 'EFECTIVO – TRANSFERENCIA BANCARIA', 'EFECTIVO-DEPOSITO EN CUENTA', 'EFECTIVO – TRANSFERENCIA BANCARIA SWIFT', 'TARJETA-CHEQUE', 'TARJETA-VALES', 'TARJETA-TRANSFERENCIA BANCARIA', 'TARJETA-DEPOSITO EN CUENTA', 'TARJETA-TRANSFERENCIA SWIFT', 'VALES-TRANSFERENCIA BANCARIA', 'VALES – DEPOSITO EN CUENTA', 'VALES-TRANSFERENCIA SWIFT', 'TRANSFERENCIA BANCARIA-DEPOSITO EN CUENTA', 'TRANSFERENCIA BANCARIA-TRANSFERENCIA SWIFT', 'DEPOSITO EN CUENTA – TRANSFERENCIA SWIFT', 'PAGO POSTERIOR', 'TRANSFERENCIA BANCARIA', 'GIFT-CARD', 'DEPOSITO EN CUENTA', 'TRANSFERENCIA SWIFT', 'GIFT-CARD OTROS', 'CANAL DE PAGO', 'BILLETERA MOVIL', 'PAGO ONLINE', 'EFECTIVO – PAGO POSTERIOR', 'EFECTIVO – GIFT CARD', 'EFECTIVO – CANAL PAGO', 'EFECTIVO – BILLETERA MOVIL', 'EFECTIVO – PAGO ONLINE', 'TARJETA – PAGO POSTERIOR', 'TARJETA – GIFT', 'TARJETA – CANAL PAGO', 'TARJETA – BILLETERA MOVIL', 'TARJETA – PAGO ONLINE', 'CHEQUE – VALES', 'CHEQUE – PAGO POSTERIOR', 'CHEQUE – TRANSFERENCIA BANCARIA', 'CHEQUE – DEPOSITO', 'CHEQUE – SWIFT', 'CHEQUE – GIFT', 'CHEQUE – CANAL PAGO', 'CHEQUE – BILLETERA', 'CHEQUE – PAGO ONLINE', 'VALES – GIFT', 'VALES – CANAL DE PAGO', 'VALES – BILLETERA MOVIL', 'VALES – PAGO ONLINE', 'PAGO POSTERIOR – TRANSFERENCIA BANCARIA', 'PAGO POSTERIOR – DEPOSITO EN CUENTA', 'PAGO POSTERIOR – SWIFT', 'PAGO POSTERIOR – GIFT', 'PAGO POSTERIOR – CANAL', 'PAGO POSTERIOR – BILLETERA', 'PAGO POSTERIOR – PAGO ONLINE', 'EFECTIVO', 'TRANSFERENCIA BANCARIA – GIFT-CARD', 'TARJETA', 'TRANSFERENCIA BANCARIA – CANAL DE PAGO', 'CHEQUE', 'TRANSFERENCIA BANCARIA – BILLETERA MOVIL', 'VALES', 'TRANSFERENCIA BANCARIA – PAGO ONLINE', 'OTROS', 'DEPOSITO EN CUENTA – GIFT-CARD', 'DEPOSITO EN CUENTA – CANAL DE PAGO', 'DEPOSITO EN CUENTA – BILLETERA MOVIL', 'DEPOSITO EN CUENTA  – PAGO ONLINE', 'SWIFT – GIFT', 'SWIFT – CANAL DE PAGO', 'SWIFT – BILLETERA MOVIL', 'SWIFT – PAGO ONLINE', 'GIFT-CARD – CANAL DE PAGO', 'GIFT – BILLETERA', 'GIFT – PAGO ONLINE', 'CANAL DE PAGO – BILLETERA MOVIL', 'CANAL DE PAGO – PAGO ONLINE', 'BILLETERA MOVIL – PAGO ONLINE', 'EFECTIVO - TARJETA - PAGO POSTERIOR', 'EFECTIVO - TARJETA - TRANSFERENCIA BANCARIA', 'EFECTIVO - TARJETA - DEPOSITO EN CUENTA', 'EFECTIVO - TARJETA - TRANSFERENCIA SWIFT', 'EFECTIVO - TARJETA - GIFT-CARD', 'EFECTIVO - TARJETA - CANAL DE PAGO', 'EFECTIVO - TARJETA - BILLETERA MOVIL', 'EFECTIVO - TARJETA - PAGO ONLINE', 'EFECTIVO – CHEQUE - PAGO POSTERIOR', 'EFECTIVO – CHEQUE - TRANSFERENCIA BANCARIA', 'EFECTIVO – CHEQUE - DEPOSITO EN CUENTA', 'EFECTIVO – CHEQUE - TRANSFERENCIA SWIFT', 'EFECTIVO – CHEQUE - GIFT-CARD', 'EFECTIVO – CHEQUE - CANAL DE PAGO', 'EFECTIVO – CHEQUE - BILLETERA MOVIL', 'EFECTIVO – CHEQUE - PAGO ONLINE', 'EFECTIVO – VALES - PAGO POSTERIOR', 'EFECTIVO – VALES - TRANSFERENCIA BANCARIA', 'EFECTIVO – VALES - DEPOSITO EN CUENTA', 'EFECTIVO – VALES - TRANSFERENCIA SWIFT', 'EFECTIVO – VALES - GIFT-CARD', 'EFECTIVO – VALES - CANAL DE PAGO', 'EFECTIVO – VALES - BILLETERA MOVIL', 'EFECTIVO – VALES - PAGO ONLINE', 'EFECTIVO – PAGO POSTERIOR - TRANSFERENCIA BANCARIA', 'EFECTIVO – PAGO POSTERIOR - DEPOSITO EN CUENTA', 'EFECTIVO – PAGO POSTERIOR - TRANSFERENCIA SWIFT', 'EFECTIVO – PAGO POSTERIOR - GIFT-CARD', 'EFECTIVO – PAGO POSTERIOR - CANAL DE PAGO', 'EFECTIVO – PAGO POSTERIOR - BILLETERA MOVIL', 'EFECTIVO – PAGO POSTERIOR - PAGO ONLINE', 'EFECTIVO – TRANSFERENCIA BANCARIA  – DEPOSITO EN CUENTA', 'EFECTIVO – TRANSFERENCIA BANCARIA  – TRANSFERENCIA SWIFT', 'EFECTIVO – TRANSFERENCIA BANCARIA  – GIFT-CARD', 'EFECTIVO – TRANSFERENCIA BANCARIA  – CANAL DE PAGO', 'EFECTIVO – TRANSFERENCIA BANCARIA  – BILLETERA MOVIL', 'EFECTIVO – TRANSFERENCIA BANCARIA  – PAGO ONLINE', 'EFECTIVO – DEPOSITO EN CUENTA  – TRANSFERENCIA SWIFT', 'EFECTIVO – DEPOSITO EN CUENTA  – GIFT-CARD', 'EFECTIVO – DEPOSITO EN CUENTA  – CANAL DE PAGO', 'EFECTIVO – DEPOSITO EN CUENTA  – BILLETERA MOVIL', 'EFECTIVO – DEPOSITO EN CUENTA  – PAGO ONLINE', 'EFECTIVO – SWIFT - GIFT-CARD', 'EFECTIVO – SWIFT - CANAL DE PAGO', 'EFECTIVO – SWIFT - BILLETERA MOVIL', 'EFECTIVO – SWIFT - PAGO ONLINE', 'EFECTIVO – GIFT CARD - CANAL DE PAGO', 'EFECTIVO – GIFT CARD - BILLETERA MOVIL', 'EFECTIVO – GIFT CARD - PAGO ONLINE', 'EFECTIVO – CANAL PAGO - BILLETERA MOVIL', 'EFECTIVO – CANAL PAGO - PAGO ONLINE', 'EFECTIVO – BILLETERA MOVIL - PAGO ONLINE', 'TARJETA – CHEQUE - PAGO POSTERIOR', 'TARJETA – CHEQUE - TRANSFERENCIA BANCARIA', 'TARJETA – CHEQUE - DEPOSITO EN CUENTA', 'TARJETA – CHEQUE - TRANSFERENCIA SWIFT', 'TARJETA – CHEQUE - GIFT-CARD', 'TARJETA – CHEQUE - CANAL DE PAGO', 'TARJETA – CHEQUE - BILLETERA MOVIL', 'TARJETA – CHEQUE - PAGO ONLINE', 'TARJETA – VALES - PAGO POSTERIOR', 'TARJETA – VALES - TRANSFERENCIA BANCARIA', 'TARJETA – VALES - DEPOSITO EN CUENTA', 'TARJETA – VALES - TRANSFERENCIA SWIFT', 'TARJETA – VALES - GIFT-CARD', 'TARJETA – VALES - CANAL DE PAGO', 'TARJETA – VALES - BILLETERA MOVIL', 'TARJETA – VALES - PAGO ONLINE', 'TARJETA – PAGO POSTERIOR - TRANSFERENCIA BANCARIA', 'TARJETA – PAGO POSTERIOR - DEPOSITO EN CUENTA', 'TARJETA – PAGO POSTERIOR - TRANSFERENCIA SWIFT', 'TARJETA – PAGO POSTERIOR - GIFT-CARD', 'TARJETA – PAGO POSTERIOR - CANAL DE PAGO', 'TARJETA – PAGO POSTERIOR - BILLETERA MOVIL', 'TARJETA – PAGO POSTERIOR - PAGO ONLINE', 'TARJETA – TRANSFERENCIA BANCARIA – DEPOSITO EN CUENTA', 'TARJETA – TRANSFERENCIA BANCARIA - TRANSFERENCIA SWIFT', 'TARJETA – TRANSFERENCIA BANCARIA – GIFT-CARD', 'TARJETA – TRANSFERENCIA BANCARIA – CANAL DE PAGO', 'TARJETA – TRANSFERENCIA  BANCARIA – BILLETERA MOVIL', 'TARJETA – TRANSFERENCIA BANCARIA – PAGO ONLINE', 'TARJETA – DEPOSITO EN CUENTA – TRANSFERENCIA SWIFT', 'TARJETA – DEPOSITO EN CUENTA – GIFT-CARD', 'TARJETA – DEPOSITO EN CUENTA – CANAL DE PAGO', 'TARJETA – DEPOSITO EN CUENTA  – BILLETERA MOVIL', 'TARJETA – DEPOSITO EN CUENTA – PAGO ONLINE', 'TARJETA – SWIFT - GIFT-CARD', 'TARJETA – SWIFT - CANAL DE PAGO', 'TARJETA – SWIFT - BILLETERA MOVIL', 'TARJETA – SWIFT - PAGO ONLINE', 'TARJETA – GIFT - CANAL DE PAGO', 'TARJETA – GIFT - BILLETERA MOVIL', 'TARJETA – GIFT - PAGO ONLINE', 'TARJETA – CANAL PAGO - BILLETERA MOVIL', 'TARJETA – CANAL PAGO - PAGO ONLINE', 'TARJETA – BILLETERA MOVIL - PAGO ONLINE', 'CHEQUE – VALES - PAGO POSTERIOR', 'CHEQUE – VALES - TRANSFERENCIA BANCARIA', 'CHEQUE – VALES - DEPOSITO EN CUENTA', 'CHEQUE – VALES - TRANSFERENCIA SWIFT', 'CHEQUE – VALES - GIFT-CARD', 'CHEQUE – VALES - CANAL DE PAGO', 'CHEQUE – VALES - BILLETERA MOVIL', 'CHEQUE – VALES - PAGO ONLINE', 'CHEQUE – PAGO POSTERIOR - TRANSFERENCIA BANCARIA', 'CHEQUE – PAGO POSTERIOR - DEPOSITO EN CUENTA', 'CHEQUE – PAGO POSTERIOR - TRANSFERENCIA SWIFT', 'CHEQUE – PAGO POSTERIOR - GIFT-CARD', 'CHEQUE – PAGO POSTERIOR - CANAL DE PAGO', 'CHEQUE – PAGO POSTERIOR - BILLETERA MOVIL', 'CHEQUE – PAGO POSTERIOR - PAGO ONLINE', 'CHEQUE – TRANSFERENCIA BANCARIA – DEPOSITO EN CUENTA', 'CHEQUE – TRANSFERENCIA BANCARIA – TRANSFERENCIA SWIFT', 'CHEQUE – TRANSFERENCIA BANCARIA – GIFT-CARD', 'CHEQUE – TRANSFERENCIA BANCARIA – CANAL DE PAGO', 'CHEQUE – TRANSFERENCIA BANCARIA – BILLETERA MOVIL', 'CHEQUE – TRANSFERENCIA BANCARIA – PAGO ONLINE', 'CHEQUE – DEPOSITO EN CUENTA - TRANSFERENCIA SWIFT', 'CHEQUE – DEPOSITO EN CUENTA - GIFT-CARD', 'CHEQUE – DEPOSITO EN CUENTA - CANAL DE PAGO', 'CHEQUE – DEPOSITO EN CUENTA - BILLETERA MOVIL', 'CHEQUE – DEPOSITO EN CUENTA - PAGO ONLINE', 'CHEQUE – SWIFT - GIFT-CARD', 'CHEQUE – SWIFT - CANAL DE PAGO', 'CHEQUE – SWIFT - BILLETERA MOVIL', 'CHEQUE – SWIFT - PAGO ONLINE', 'CHEQUE – GIFT - CANAL DE PAGO', 'CHEQUE – GIFT - BILLETERA MOVIL', 'CHEQUE – GIFT - PAGO ONLINE', 'CHEQUE – CANAL PAGO - BILLETERA MOVIL', 'CHEQUE – CANAL PAGO - PAGO ONLINE', 'CHEQUE – BILLETERA MOVIL  – PAGO ONLINE', 'VALES – SWIFT - TRANSFERENCIA BANCARIA', 'VALES – SWIFT - DEPOSITO EN CUENTA', 'VALES – SWIFT - TRANSFERENCIA SWIFT', 'VALES – SWIFT - GIFT-CARD', 'VALES – SWIFT - CANAL DE PAGO', 'VALES – SWIFT - BILLETERA MOVIL', 'VALES – SWIFT - PAGO ONLINE', 'VALES – GIFT - DEPOSITO EN CUENTA', 'VALES – GIFT - TRANSFERENCIA SWIFT', 'VALES – GIFT-CARD – TARJETA', 'VALES – GIFT - CANAL DE PAGO', 'VALES – GIFT - BILLETERA MOVIL', 'VALES – GIFT - PAGO ONLINE', 'VALES – CANAL DE PAGO  – TRANSFERENCIA SWIFT', 'VALES – CANAL DE PAGO  – GIFT-CARD', 'VALES – CANAL DE PAGO  – CANAL DE PAGO', 'VALES – CANAL DE PAGO  – BILLETERA MOVIL', 'VALES – CANAL DE PAGO  – PAGO ONLINE', 'VALES – BILLETERA MOVIL – GIFT-CARD', 'VALES – BILLETERA MOVIL – CANAL DE PAGO', 'VALES – BILLETERA MOVIL – BILLETERA MOVIL', 'VALES – BILLETERA MOVIL – PAGO ONLINE', 'VALES – PAGO ONLINE - CANAL DE PAGO', 'VALES – PAGO ONLINE - BILLETERA MOVIL', 'VALES – PAGO ONLINE - PAGO ONLINE', 'PAGO POSTERIOR – TRANSFERENCIA BANCARIA  – DEPOSITO EN CUENTA', 'PAGO POSTERIOR – TRANSFERENCIA BANCARIA  – TRANSFERENCIA SWIFT', 'PAGO POSTERIOR – TRANSFERENCIA BANCARIA  – GIFT-CARD', 'PAGO POSTERIOR – TRANSFERENCIA BANCARIA  – CANAL DE PAGO', 'PAGO POSTERIOR – TRANSFERENCIA BANCARIA  – BILLETERA MOVIL', 'PAGO POSTERIOR – TRANSFERENCIA BANCARIA  – PAGO ONLINE', 'PAGO POSTERIOR – DEPOSITO EN CUENTA  – TRANSFERENCIA SWIFT', 'PAGO POSTERIOR – DEPOSITO EN CUENTA  – GIFT-CARD', 'PAGO POSTERIOR – DEPOSITO EN CUENTA  – CANAL DE PAGO', 'PAGO POSTERIOR – DEPOSITO EN CUENTA  – BILLETERA MOVIL', 'PAGO POSTERIOR – DEPOSITO EN CUENTA  – PAGO ONLINE', 'PAGO POSTERIOR – SWIFT - GIFT-CARD', 'PAGO POSTERIOR – SWIFT - CANAL DE PAGO', 'PAGO POSTERIOR – SWIFT - BILLETERA MOVIL', 'PAGO POSTERIOR – SWIFT - PAGO ONLINE', 'PAGO POSTERIOR – GIFT - CANAL DE PAGO', 'PAGO POSTERIOR – GIFT - BILLETERA MOVIL', 'PAGO POSTERIOR – GIFT - PAGO ONLINE', 'PAGO POSTERIOR – CANAL DE PAGO - BILLETERA MOVIL', 'PAGO POSTERIOR – CANAL DE PAGO - PAGO ONLINE', 'PAGO POSTERIOR – BILLETERA MOVIL - PAGO ONLINE', 'TRANSFERENCIA BANCARIA – DEPOSITO EN CUENTA  – TRANSFERENCIA SWIFT', 'TRANSFERENCIA BANCARIA – DEPOSITO  EN CUENTA – GIFT-CARD', 'TRANSFERENCIA BANCARIA – DEPOSITO  EN CUENTA – CANAL DE PAGO', 'TRANSFERENCIA BANCARIA – DEPOSITO EN CUENTA   – BILLETERA MOVIL', 'TRANSFERENCIA BANCARIA– DEPOSITO  EN CUENTA – PAGO ONLINE', 'TRANSFERENCIA BANCARIA – SWIFT  – GIFT-CARD', 'TRANSFERENCIA BANCARIA – SWIFT  – CANAL DE PAGO', 'TRANSFERENCIA BANCARIA – SWIFT  – BILLETERA MOVIL', 'TRANSFERENCIA BANCARIA – SWIFT  – PAGO ONLINE', 'TRANSFERENCIA BANCARIA – GIFT-CARD  – CANAL DE PAGO', 'TRANSFERENCIA BANCARIA – GIFT-CARD  – BILLETERA MOVIL', 'TRANSFERENCIA BANCARIA – GIFT-CARD  – PAGO ONLINE', 'TRANSFERENCIA BANCARIA – CANAL DE PAGO – BILLETERA MOVIL', 'TRANSFERENCIA BANCARIA – CANAL DE PAGO – PAGO ONLINE', 'TRANSFERENCIA BANCARIA – BILLETERA MOVIL – PAGO ONLINE', 'DEPOSITO EN CUENTA  – SWIFT  – GIFT-CARD', 'DEPOSITO EN CUENTA  – SWIFT  – CANAL DE PAGO', 'DEPOSITO EN CUENTA  – SWIFT  – BILLETERA MOVIL', 'DEPOSITO EN CUENTA  – SWIFT  – PAGO ONLINE', 'DEPOSITO EN CUENTA – GIFT-CARD  – CANAL DE PAGO', 'DEPOSITO EN CUENTA – GIFT-CARD  – BILLETERA MOVIL', 'DEPOSITO EN CUENTA  – GIFT-CARD  – PAGO ONLINE', 'DEPOSITO EN CUENTA –  CANAL DE PAGO  – BILLETERA MOVIL', 'DEPOSITO EN CUENTA – CANAL DE PAGO   – PAGO ONLINE', 'DEPOSITO EN CUENTA – BILLETERA MOVIL  – PAGO ONLINE', 'SWIFT – GIFT - CANAL DE PAGO', 'SWIFT – GIFT - BILLETERA MOVIL', 'SWIFT – GIFT - PAGO ONLINE', 'SWIFT – CANAL DE PAGO  – BILLETERA MOVIL', 'SWIFT – CANAL  DE PAGO – PAGO ONLINE', 'SWIFT – BILLETERA MOVIL  – PAGO ONLINE', 'GIFT-CARD – CANAL DE PAGO  – BILLETERA MOVIL', 'GIFT-CARD – CANAL DE PAGO  – PAGO ONLINE', 'GIFT-CARD – BILLETERA MOVIL - PAGO ONLINE', 'CANAL DE PAGO – BILLETERA MOVIL  – PAGO ONLINE', 'DEBITO AUTOMATICO', 'DEBITO AUTOMATICO – EFECTIVO', 'DEBITO AUTOMATICO -TARJETA', 'DEBITO AUTOMATICO – CHEQUE']
2024-07-19 03:45:40,938 - DEBUG - Índice del método de pago predeterminado: 0
2024-07-19 03:45:40,948 - DEBUG - Método de pago seleccionado: EFECTIVO
2024-07-19 03:45:40,948 - INFO - Código clasificador del método de pago seleccionado: 1 (<class 'int'>)
2024-07-19 03:45:40,960 - DEBUG - Aplicar Descuento: False
2024-07-19 03:45:40,970 - INFO - Verificando si el código clasificador 1 (<class 'int'>) está en la lista de códigos de gift card: [102, 109, 115, 120, 124, 128, 129, 130, 138, 146, 153, 159, 164, 168, 172, 173, 174, 182, 189, 195, 200, 204, 208, 209, 210, 217, 221, 222, 223, 224, 225, 226, 228, 232, 241, 246, 250, 254, 255, 256, 261, 265, 269, 270, 271, 275, 279, 280, 281, 285, 286, 287, 291, 292, 293, 30, 304, 35, 40, 49, 53, 60, 64, 68, 72, 76, 77, 78, 86, 94]
2024-07-19 03:45:40,980 - WARNING - El código del método de pago seleccionado (1) no permite aplicar Gift Card.
2024-07-19 03:45:40,988 - DEBUG - Descuento Adicional Final: 0
2024-07-19 03:45:40,990 - DEBUG - Monto Gift Card Final: 0
2024-07-19 03:45:43,122 - DEBUG - Opciones de métodos de pago: ['DEBITO AUTOMATICO -  VALE', 'DEBITO AUTOMATICO -  PAGO POSTERIOR', 'DEBITO AUTOMATICO -  TRANSFERENCIA BANCARIA', 'DEBITO AUTOMATICO -  DEPOSITO EN CUENTA', 'DEBITO AUTOMATICO -  TRANSFERENCIA SWIFT', 'DEBITO AUTOMATICO -  GIFT CARD', 'DEBITO AUTOMATICO -  CANAL DE PAGO', 'DEBITO AUTOMATICO -  BILLETERA MOVIL', 'DEBITO AUTOMATICO -  PAGO ONLINE', 'DEBITO AUTOMATICO – OTRO', 'EFECTIVO-TARJETA', 'EFECTIVO-CHEQUE', 'EFECTIVO-VALES', 'EFECTIVO – TRANSFERENCIA BANCARIA', 'EFECTIVO-DEPOSITO EN CUENTA', 'EFECTIVO – TRANSFERENCIA BANCARIA SWIFT', 'TARJETA-CHEQUE', 'TARJETA-VALES', 'TARJETA-TRANSFERENCIA BANCARIA', 'TARJETA-DEPOSITO EN CUENTA', 'TARJETA-TRANSFERENCIA SWIFT', 'VALES-TRANSFERENCIA BANCARIA', 'VALES – DEPOSITO EN CUENTA', 'VALES-TRANSFERENCIA SWIFT', 'TRANSFERENCIA BANCARIA-DEPOSITO EN CUENTA', 'TRANSFERENCIA BANCARIA-TRANSFERENCIA SWIFT', 'DEPOSITO EN CUENTA – TRANSFERENCIA SWIFT', 'PAGO POSTERIOR', 'TRANSFERENCIA BANCARIA', 'GIFT-CARD', 'DEPOSITO EN CUENTA', 'TRANSFERENCIA SWIFT', 'GIFT-CARD OTROS', 'CANAL DE PAGO', 'BILLETERA MOVIL', 'PAGO ONLINE', 'EFECTIVO – PAGO POSTERIOR', 'EFECTIVO – GIFT CARD', 'EFECTIVO – CANAL PAGO', 'EFECTIVO – BILLETERA MOVIL', 'EFECTIVO – PAGO ONLINE', 'TARJETA – PAGO POSTERIOR', 'TARJETA – GIFT', 'TARJETA – CANAL PAGO', 'TARJETA – BILLETERA MOVIL', 'TARJETA – PAGO ONLINE', 'CHEQUE – VALES', 'CHEQUE – PAGO POSTERIOR', 'CHEQUE – TRANSFERENCIA BANCARIA', 'CHEQUE – DEPOSITO', 'CHEQUE – SWIFT', 'CHEQUE – GIFT', 'CHEQUE – CANAL PAGO', 'CHEQUE – BILLETERA', 'CHEQUE – PAGO ONLINE', 'VALES – GIFT', 'VALES – CANAL DE PAGO', 'VALES – BILLETERA MOVIL', 'VALES – PAGO ONLINE', 'PAGO POSTERIOR – TRANSFERENCIA BANCARIA', 'PAGO POSTERIOR – DEPOSITO EN CUENTA', 'PAGO POSTERIOR – SWIFT', 'PAGO POSTERIOR – GIFT', 'PAGO POSTERIOR – CANAL', 'PAGO POSTERIOR – BILLETERA', 'PAGO POSTERIOR – PAGO ONLINE', 'EFECTIVO', 'TRANSFERENCIA BANCARIA – GIFT-CARD', 'TARJETA', 'TRANSFERENCIA BANCARIA – CANAL DE PAGO', 'CHEQUE', 'TRANSFERENCIA BANCARIA – BILLETERA MOVIL', 'VALES', 'TRANSFERENCIA BANCARIA – PAGO ONLINE', 'OTROS', 'DEPOSITO EN CUENTA – GIFT-CARD', 'DEPOSITO EN CUENTA – CANAL DE PAGO', 'DEPOSITO EN CUENTA – BILLETERA MOVIL', 'DEPOSITO EN CUENTA  – PAGO ONLINE', 'SWIFT – GIFT', 'SWIFT – CANAL DE PAGO', 'SWIFT – BILLETERA MOVIL', 'SWIFT – PAGO ONLINE', 'GIFT-CARD – CANAL DE PAGO', 'GIFT – BILLETERA', 'GIFT – PAGO ONLINE', 'CANAL DE PAGO – BILLETERA MOVIL', 'CANAL DE PAGO – PAGO ONLINE', 'BILLETERA MOVIL – PAGO ONLINE', 'EFECTIVO - TARJETA - PAGO POSTERIOR', 'EFECTIVO - TARJETA - TRANSFERENCIA BANCARIA', 'EFECTIVO - TARJETA - DEPOSITO EN CUENTA', 'EFECTIVO - TARJETA - TRANSFERENCIA SWIFT', 'EFECTIVO - TARJETA - GIFT-CARD', 'EFECTIVO - TARJETA - CANAL DE PAGO', 'EFECTIVO - TARJETA - BILLETERA MOVIL', 'EFECTIVO - TARJETA - PAGO ONLINE', 'EFECTIVO – CHEQUE - PAGO POSTERIOR', 'EFECTIVO – CHEQUE - TRANSFERENCIA BANCARIA', 'EFECTIVO – CHEQUE - DEPOSITO EN CUENTA', 'EFECTIVO – CHEQUE - TRANSFERENCIA SWIFT', 'EFECTIVO – CHEQUE - GIFT-CARD', 'EFECTIVO – CHEQUE - CANAL DE PAGO', 'EFECTIVO – CHEQUE - BILLETERA MOVIL', 'EFECTIVO – CHEQUE - PAGO ONLINE', 'EFECTIVO – VALES - PAGO POSTERIOR', 'EFECTIVO – VALES - TRANSFERENCIA BANCARIA', 'EFECTIVO – VALES - DEPOSITO EN CUENTA', 'EFECTIVO – VALES - TRANSFERENCIA SWIFT', 'EFECTIVO – VALES - GIFT-CARD', 'EFECTIVO – VALES - CANAL DE PAGO', 'EFECTIVO – VALES - BILLETERA MOVIL', 'EFECTIVO – VALES - PAGO ONLINE', 'EFECTIVO – PAGO POSTERIOR - TRANSFERENCIA BANCARIA', 'EFECTIVO – PAGO POSTERIOR - DEPOSITO EN CUENTA', 'EFECTIVO – PAGO POSTERIOR - TRANSFERENCIA SWIFT', 'EFECTIVO – PAGO POSTERIOR - GIFT-CARD', 'EFECTIVO – PAGO POSTERIOR - CANAL DE PAGO', 'EFECTIVO – PAGO POSTERIOR - BILLETERA MOVIL', 'EFECTIVO – PAGO POSTERIOR - PAGO ONLINE', 'EFECTIVO – TRANSFERENCIA BANCARIA  – DEPOSITO EN CUENTA', 'EFECTIVO – TRANSFERENCIA BANCARIA  – TRANSFERENCIA SWIFT', 'EFECTIVO – TRANSFERENCIA BANCARIA  – GIFT-CARD', 'EFECTIVO – TRANSFERENCIA BANCARIA  – CANAL DE PAGO', 'EFECTIVO – TRANSFERENCIA BANCARIA  – BILLETERA MOVIL', 'EFECTIVO – TRANSFERENCIA BANCARIA  – PAGO ONLINE', 'EFECTIVO – DEPOSITO EN CUENTA  – TRANSFERENCIA SWIFT', 'EFECTIVO – DEPOSITO EN CUENTA  – GIFT-CARD', 'EFECTIVO – DEPOSITO EN CUENTA  – CANAL DE PAGO', 'EFECTIVO – DEPOSITO EN CUENTA  – BILLETERA MOVIL', 'EFECTIVO – DEPOSITO EN CUENTA  – PAGO ONLINE', 'EFECTIVO – SWIFT - GIFT-CARD', 'EFECTIVO – SWIFT - CANAL DE PAGO', 'EFECTIVO – SWIFT - BILLETERA MOVIL', 'EFECTIVO – SWIFT - PAGO ONLINE', 'EFECTIVO – GIFT CARD - CANAL DE PAGO', 'EFECTIVO – GIFT CARD - BILLETERA MOVIL', 'EFECTIVO – GIFT CARD - PAGO ONLINE', 'EFECTIVO – CANAL PAGO - BILLETERA MOVIL', 'EFECTIVO – CANAL PAGO - PAGO ONLINE', 'EFECTIVO – BILLETERA MOVIL - PAGO ONLINE', 'TARJETA – CHEQUE - PAGO POSTERIOR', 'TARJETA – CHEQUE - TRANSFERENCIA BANCARIA', 'TARJETA – CHEQUE - DEPOSITO EN CUENTA', 'TARJETA – CHEQUE - TRANSFERENCIA SWIFT', 'TARJETA – CHEQUE - GIFT-CARD', 'TARJETA – CHEQUE - CANAL DE PAGO', 'TARJETA – CHEQUE - BILLETERA MOVIL', 'TARJETA – CHEQUE - PAGO ONLINE', 'TARJETA – VALES - PAGO POSTERIOR', 'TARJETA – VALES - TRANSFERENCIA BANCARIA', 'TARJETA – VALES - DEPOSITO EN CUENTA', 'TARJETA – VALES - TRANSFERENCIA SWIFT', 'TARJETA – VALES - GIFT-CARD', 'TARJETA – VALES - CANAL DE PAGO', 'TARJETA – VALES - BILLETERA MOVIL', 'TARJETA – VALES - PAGO ONLINE', 'TARJETA – PAGO POSTERIOR - TRANSFERENCIA BANCARIA', 'TARJETA – PAGO POSTERIOR - DEPOSITO EN CUENTA', 'TARJETA – PAGO POSTERIOR - TRANSFERENCIA SWIFT', 'TARJETA – PAGO POSTERIOR - GIFT-CARD', 'TARJETA – PAGO POSTERIOR - CANAL DE PAGO', 'TARJETA – PAGO POSTERIOR - BILLETERA MOVIL', 'TARJETA – PAGO POSTERIOR - PAGO ONLINE', 'TARJETA – TRANSFERENCIA BANCARIA – DEPOSITO EN CUENTA', 'TARJETA – TRANSFERENCIA BANCARIA - TRANSFERENCIA SWIFT', 'TARJETA – TRANSFERENCIA BANCARIA – GIFT-CARD', 'TARJETA – TRANSFERENCIA BANCARIA – CANAL DE PAGO', 'TARJETA – TRANSFERENCIA  BANCARIA – BILLETERA MOVIL', 'TARJETA – TRANSFERENCIA BANCARIA – PAGO ONLINE', 'TARJETA – DEPOSITO EN CUENTA – TRANSFERENCIA SWIFT', 'TARJETA – DEPOSITO EN CUENTA – GIFT-CARD', 'TARJETA – DEPOSITO EN CUENTA – CANAL DE PAGO', 'TARJETA – DEPOSITO EN CUENTA  – BILLETERA MOVIL', 'TARJETA – DEPOSITO EN CUENTA – PAGO ONLINE', 'TARJETA – SWIFT - GIFT-CARD', 'TARJETA – SWIFT - CANAL DE PAGO', 'TARJETA – SWIFT - BILLETERA MOVIL', 'TARJETA – SWIFT - PAGO ONLINE', 'TARJETA – GIFT - CANAL DE PAGO', 'TARJETA – GIFT - BILLETERA MOVIL', 'TARJETA – GIFT - PAGO ONLINE', 'TARJETA – CANAL PAGO - BILLETERA MOVIL', 'TARJETA – CANAL PAGO - PAGO ONLINE', 'TARJETA – BILLETERA MOVIL - PAGO ONLINE', 'CHEQUE – VALES - PAGO POSTERIOR', 'CHEQUE – VALES - TRANSFERENCIA BANCARIA', 'CHEQUE – VALES - DEPOSITO EN CUENTA', 'CHEQUE – VALES - TRANSFERENCIA SWIFT', 'CHEQUE – VALES - GIFT-CARD', 'CHEQUE – VALES - CANAL DE PAGO', 'CHEQUE – VALES - BILLETERA MOVIL', 'CHEQUE – VALES - PAGO ONLINE', 'CHEQUE – PAGO POSTERIOR - TRANSFERENCIA BANCARIA', 'CHEQUE – PAGO POSTERIOR - DEPOSITO EN CUENTA', 'CHEQUE – PAGO POSTERIOR - TRANSFERENCIA SWIFT', 'CHEQUE – PAGO POSTERIOR - GIFT-CARD', 'CHEQUE – PAGO POSTERIOR - CANAL DE PAGO', 'CHEQUE – PAGO POSTERIOR - BILLETERA MOVIL', 'CHEQUE – PAGO POSTERIOR - PAGO ONLINE', 'CHEQUE – TRANSFERENCIA BANCARIA – DEPOSITO EN CUENTA', 'CHEQUE – TRANSFERENCIA BANCARIA – TRANSFERENCIA SWIFT', 'CHEQUE – TRANSFERENCIA BANCARIA – GIFT-CARD', 'CHEQUE – TRANSFERENCIA BANCARIA – CANAL DE PAGO', 'CHEQUE – TRANSFERENCIA BANCARIA – BILLETERA MOVIL', 'CHEQUE – TRANSFERENCIA BANCARIA – PAGO ONLINE', 'CHEQUE – DEPOSITO EN CUENTA - TRANSFERENCIA SWIFT', 'CHEQUE – DEPOSITO EN CUENTA - GIFT-CARD', 'CHEQUE – DEPOSITO EN CUENTA - CANAL DE PAGO', 'CHEQUE – DEPOSITO EN CUENTA - BILLETERA MOVIL', 'CHEQUE – DEPOSITO EN CUENTA - PAGO ONLINE', 'CHEQUE – SWIFT - GIFT-CARD', 'CHEQUE – SWIFT - CANAL DE PAGO', 'CHEQUE – SWIFT - BILLETERA MOVIL', 'CHEQUE – SWIFT - PAGO ONLINE', 'CHEQUE – GIFT - CANAL DE PAGO', 'CHEQUE – GIFT - BILLETERA MOVIL', 'CHEQUE – GIFT - PAGO ONLINE', 'CHEQUE – CANAL PAGO - BILLETERA MOVIL', 'CHEQUE – CANAL PAGO - PAGO ONLINE', 'CHEQUE – BILLETERA MOVIL  – PAGO ONLINE', 'VALES – SWIFT - TRANSFERENCIA BANCARIA', 'VALES – SWIFT - DEPOSITO EN CUENTA', 'VALES – SWIFT - TRANSFERENCIA SWIFT', 'VALES – SWIFT - GIFT-CARD', 'VALES – SWIFT - CANAL DE PAGO', 'VALES – SWIFT - BILLETERA MOVIL', 'VALES – SWIFT - PAGO ONLINE', 'VALES – GIFT - DEPOSITO EN CUENTA', 'VALES – GIFT - TRANSFERENCIA SWIFT', 'VALES – GIFT-CARD – TARJETA', 'VALES – GIFT - CANAL DE PAGO', 'VALES – GIFT - BILLETERA MOVIL', 'VALES – GIFT - PAGO ONLINE', 'VALES – CANAL DE PAGO  – TRANSFERENCIA SWIFT', 'VALES – CANAL DE PAGO  – GIFT-CARD', 'VALES – CANAL DE PAGO  – CANAL DE PAGO', 'VALES – CANAL DE PAGO  – BILLETERA MOVIL', 'VALES – CANAL DE PAGO  – PAGO ONLINE', 'VALES – BILLETERA MOVIL – GIFT-CARD', 'VALES – BILLETERA MOVIL – CANAL DE PAGO', 'VALES – BILLETERA MOVIL – BILLETERA MOVIL', 'VALES – BILLETERA MOVIL – PAGO ONLINE', 'VALES – PAGO ONLINE - CANAL DE PAGO', 'VALES – PAGO ONLINE - BILLETERA MOVIL', 'VALES – PAGO ONLINE - PAGO ONLINE', 'PAGO POSTERIOR – TRANSFERENCIA BANCARIA  – DEPOSITO EN CUENTA', 'PAGO POSTERIOR – TRANSFERENCIA BANCARIA  – TRANSFERENCIA SWIFT', 'PAGO POSTERIOR – TRANSFERENCIA BANCARIA  – GIFT-CARD', 'PAGO POSTERIOR – TRANSFERENCIA BANCARIA  – CANAL DE PAGO', 'PAGO POSTERIOR – TRANSFERENCIA BANCARIA  – BILLETERA MOVIL', 'PAGO POSTERIOR – TRANSFERENCIA BANCARIA  – PAGO ONLINE', 'PAGO POSTERIOR – DEPOSITO EN CUENTA  – TRANSFERENCIA SWIFT', 'PAGO POSTERIOR – DEPOSITO EN CUENTA  – GIFT-CARD', 'PAGO POSTERIOR – DEPOSITO EN CUENTA  – CANAL DE PAGO', 'PAGO POSTERIOR – DEPOSITO EN CUENTA  – BILLETERA MOVIL', 'PAGO POSTERIOR – DEPOSITO EN CUENTA  – PAGO ONLINE', 'PAGO POSTERIOR – SWIFT - GIFT-CARD', 'PAGO POSTERIOR – SWIFT - CANAL DE PAGO', 'PAGO POSTERIOR – SWIFT - BILLETERA MOVIL', 'PAGO POSTERIOR – SWIFT - PAGO ONLINE', 'PAGO POSTERIOR – GIFT - CANAL DE PAGO', 'PAGO POSTERIOR – GIFT - BILLETERA MOVIL', 'PAGO POSTERIOR – GIFT - PAGO ONLINE', 'PAGO POSTERIOR – CANAL DE PAGO - BILLETERA MOVIL', 'PAGO POSTERIOR – CANAL DE PAGO - PAGO ONLINE', 'PAGO POSTERIOR – BILLETERA MOVIL - PAGO ONLINE', 'TRANSFERENCIA BANCARIA – DEPOSITO EN CUENTA  – TRANSFERENCIA SWIFT', 'TRANSFERENCIA BANCARIA – DEPOSITO  EN CUENTA – GIFT-CARD', 'TRANSFERENCIA BANCARIA – DEPOSITO  EN CUENTA – CANAL DE PAGO', 'TRANSFERENCIA BANCARIA – DEPOSITO EN CUENTA   – BILLETERA MOVIL', 'TRANSFERENCIA BANCARIA– DEPOSITO  EN CUENTA – PAGO ONLINE', 'TRANSFERENCIA BANCARIA – SWIFT  – GIFT-CARD', 'TRANSFERENCIA BANCARIA – SWIFT  – CANAL DE PAGO', 'TRANSFERENCIA BANCARIA – SWIFT  – BILLETERA MOVIL', 'TRANSFERENCIA BANCARIA – SWIFT  – PAGO ONLINE', 'TRANSFERENCIA BANCARIA – GIFT-CARD  – CANAL DE PAGO', 'TRANSFERENCIA BANCARIA – GIFT-CARD  – BILLETERA MOVIL', 'TRANSFERENCIA BANCARIA – GIFT-CARD  – PAGO ONLINE', 'TRANSFERENCIA BANCARIA – CANAL DE PAGO – BILLETERA MOVIL', 'TRANSFERENCIA BANCARIA – CANAL DE PAGO – PAGO ONLINE', 'TRANSFERENCIA BANCARIA – BILLETERA MOVIL – PAGO ONLINE', 'DEPOSITO EN CUENTA  – SWIFT  – GIFT-CARD', 'DEPOSITO EN CUENTA  – SWIFT  – CANAL DE PAGO', 'DEPOSITO EN CUENTA  – SWIFT  – BILLETERA MOVIL', 'DEPOSITO EN CUENTA  – SWIFT  – PAGO ONLINE', 'DEPOSITO EN CUENTA – GIFT-CARD  – CANAL DE PAGO', 'DEPOSITO EN CUENTA – GIFT-CARD  – BILLETERA MOVIL', 'DEPOSITO EN CUENTA  – GIFT-CARD  – PAGO ONLINE', 'DEPOSITO EN CUENTA –  CANAL DE PAGO  – BILLETERA MOVIL', 'DEPOSITO EN CUENTA – CANAL DE PAGO   – PAGO ONLINE', 'DEPOSITO EN CUENTA – BILLETERA MOVIL  – PAGO ONLINE', 'SWIFT – GIFT - CANAL DE PAGO', 'SWIFT – GIFT - BILLETERA MOVIL', 'SWIFT – GIFT - PAGO ONLINE', 'SWIFT – CANAL DE PAGO  – BILLETERA MOVIL', 'SWIFT – CANAL  DE PAGO – PAGO ONLINE', 'SWIFT – BILLETERA MOVIL  – PAGO ONLINE', 'GIFT-CARD – CANAL DE PAGO  – BILLETERA MOVIL', 'GIFT-CARD – CANAL DE PAGO  – PAGO ONLINE', 'GIFT-CARD – BILLETERA MOVIL - PAGO ONLINE', 'CANAL DE PAGO – BILLETERA MOVIL  – PAGO ONLINE', 'DEBITO AUTOMATICO', 'DEBITO AUTOMATICO – EFECTIVO', 'DEBITO AUTOMATICO -TARJETA', 'DEBITO AUTOMATICO – CHEQUE']
2024-07-19 03:45:43,156 - DEBUG - Índice del método de pago predeterminado: 0
2024-07-19 03:45:43,156 - DEBUG - Método de pago seleccionado: EFECTIVO
2024-07-19 03:45:43,171 - INFO - Código clasificador del método de pago seleccionado: 1 (<class 'int'>)
2024-07-19 03:45:43,187 - DEBUG - Aplicar Descuento: False
2024-07-19 03:45:43,187 - INFO - Verificando si el código clasificador 1 (<class 'int'>) está en la lista de códigos de gift card: [102, 109, 115, 120, 124, 128, 129, 130, 138, 146, 153, 159, 164, 168, 172, 173, 174, 182, 189, 195, 200, 204, 208, 209, 210, 217, 221, 222, 223, 224, 225, 226, 228, 232, 241, 246, 250, 254, 255, 256, 261, 265, 269, 270, 271, 275, 279, 280, 281, 285, 286, 287, 291, 292, 293, 30, 304, 35, 40, 49, 53, 60, 64, 68, 72, 76, 77, 78, 86, 94]
2024-07-19 03:45:43,202 - WARNING - El código del método de pago seleccionado (1) no permite aplicar Gift Card.
2024-07-19 03:45:43,202 - DEBUG - Descuento Adicional Final: 0
2024-07-19 03:45:43,202 - DEBUG - Monto Gift Card Final: 0
2024-07-19 03:45:47,194 - DEBUG - Opciones de métodos de pago: ['DEBITO AUTOMATICO -  VALE', 'DEBITO AUTOMATICO -  PAGO POSTERIOR', 'DEBITO AUTOMATICO -  TRANSFERENCIA BANCARIA', 'DEBITO AUTOMATICO -  DEPOSITO EN CUENTA', 'DEBITO AUTOMATICO -  TRANSFERENCIA SWIFT', 'DEBITO AUTOMATICO -  GIFT CARD', 'DEBITO AUTOMATICO -  CANAL DE PAGO', 'DEBITO AUTOMATICO -  BILLETERA MOVIL', 'DEBITO AUTOMATICO -  PAGO ONLINE', 'DEBITO AUTOMATICO – OTRO', 'EFECTIVO-TARJETA', 'EFECTIVO-CHEQUE', 'EFECTIVO-VALES', 'EFECTIVO – TRANSFERENCIA BANCARIA', 'EFECTIVO-DEPOSITO EN CUENTA', 'EFECTIVO – TRANSFERENCIA BANCARIA SWIFT', 'TARJETA-CHEQUE', 'TARJETA-VALES', 'TARJETA-TRANSFERENCIA BANCARIA', 'TARJETA-DEPOSITO EN CUENTA', 'TARJETA-TRANSFERENCIA SWIFT', 'VALES-TRANSFERENCIA BANCARIA', 'VALES – DEPOSITO EN CUENTA', 'VALES-TRANSFERENCIA SWIFT', 'TRANSFERENCIA BANCARIA-DEPOSITO EN CUENTA', 'TRANSFERENCIA BANCARIA-TRANSFERENCIA SWIFT', 'DEPOSITO EN CUENTA – TRANSFERENCIA SWIFT', 'PAGO POSTERIOR', 'TRANSFERENCIA BANCARIA', 'GIFT-CARD', 'DEPOSITO EN CUENTA', 'TRANSFERENCIA SWIFT', 'GIFT-CARD OTROS', 'CANAL DE PAGO', 'BILLETERA MOVIL', 'PAGO ONLINE', 'EFECTIVO – PAGO POSTERIOR', 'EFECTIVO – GIFT CARD', 'EFECTIVO – CANAL PAGO', 'EFECTIVO – BILLETERA MOVIL', 'EFECTIVO – PAGO ONLINE', 'TARJETA – PAGO POSTERIOR', 'TARJETA – GIFT', 'TARJETA – CANAL PAGO', 'TARJETA – BILLETERA MOVIL', 'TARJETA – PAGO ONLINE', 'CHEQUE – VALES', 'CHEQUE – PAGO POSTERIOR', 'CHEQUE – TRANSFERENCIA BANCARIA', 'CHEQUE – DEPOSITO', 'CHEQUE – SWIFT', 'CHEQUE – GIFT', 'CHEQUE – CANAL PAGO', 'CHEQUE – BILLETERA', 'CHEQUE – PAGO ONLINE', 'VALES – GIFT', 'VALES – CANAL DE PAGO', 'VALES – BILLETERA MOVIL', 'VALES – PAGO ONLINE', 'PAGO POSTERIOR – TRANSFERENCIA BANCARIA', 'PAGO POSTERIOR – DEPOSITO EN CUENTA', 'PAGO POSTERIOR – SWIFT', 'PAGO POSTERIOR – GIFT', 'PAGO POSTERIOR – CANAL', 'PAGO POSTERIOR – BILLETERA', 'PAGO POSTERIOR – PAGO ONLINE', 'EFECTIVO', 'TRANSFERENCIA BANCARIA – GIFT-CARD', 'TARJETA', 'TRANSFERENCIA BANCARIA – CANAL DE PAGO', 'CHEQUE', 'TRANSFERENCIA BANCARIA – BILLETERA MOVIL', 'VALES', 'TRANSFERENCIA BANCARIA – PAGO ONLINE', 'OTROS', 'DEPOSITO EN CUENTA – GIFT-CARD', 'DEPOSITO EN CUENTA – CANAL DE PAGO', 'DEPOSITO EN CUENTA – BILLETERA MOVIL', 'DEPOSITO EN CUENTA  – PAGO ONLINE', 'SWIFT – GIFT', 'SWIFT – CANAL DE PAGO', 'SWIFT – BILLETERA MOVIL', 'SWIFT – PAGO ONLINE', 'GIFT-CARD – CANAL DE PAGO', 'GIFT – BILLETERA', 'GIFT – PAGO ONLINE', 'CANAL DE PAGO – BILLETERA MOVIL', 'CANAL DE PAGO – PAGO ONLINE', 'BILLETERA MOVIL – PAGO ONLINE', 'EFECTIVO - TARJETA - PAGO POSTERIOR', 'EFECTIVO - TARJETA - TRANSFERENCIA BANCARIA', 'EFECTIVO - TARJETA - DEPOSITO EN CUENTA', 'EFECTIVO - TARJETA - TRANSFERENCIA SWIFT', 'EFECTIVO - TARJETA - GIFT-CARD', 'EFECTIVO - TARJETA - CANAL DE PAGO', 'EFECTIVO - TARJETA - BILLETERA MOVIL', 'EFECTIVO - TARJETA - PAGO ONLINE', 'EFECTIVO – CHEQUE - PAGO POSTERIOR', 'EFECTIVO – CHEQUE - TRANSFERENCIA BANCARIA', 'EFECTIVO – CHEQUE - DEPOSITO EN CUENTA', 'EFECTIVO – CHEQUE - TRANSFERENCIA SWIFT', 'EFECTIVO – CHEQUE - GIFT-CARD', 'EFECTIVO – CHEQUE - CANAL DE PAGO', 'EFECTIVO – CHEQUE - BILLETERA MOVIL', 'EFECTIVO – CHEQUE - PAGO ONLINE', 'EFECTIVO – VALES - PAGO POSTERIOR', 'EFECTIVO – VALES - TRANSFERENCIA BANCARIA', 'EFECTIVO – VALES - DEPOSITO EN CUENTA', 'EFECTIVO – VALES - TRANSFERENCIA SWIFT', 'EFECTIVO – VALES - GIFT-CARD', 'EFECTIVO – VALES - CANAL DE PAGO', 'EFECTIVO – VALES - BILLETERA MOVIL', 'EFECTIVO – VALES - PAGO ONLINE', 'EFECTIVO – PAGO POSTERIOR - TRANSFERENCIA BANCARIA', 'EFECTIVO – PAGO POSTERIOR - DEPOSITO EN CUENTA', 'EFECTIVO – PAGO POSTERIOR - TRANSFERENCIA SWIFT', 'EFECTIVO – PAGO POSTERIOR - GIFT-CARD', 'EFECTIVO – PAGO POSTERIOR - CANAL DE PAGO', 'EFECTIVO – PAGO POSTERIOR - BILLETERA MOVIL', 'EFECTIVO – PAGO POSTERIOR - PAGO ONLINE', 'EFECTIVO – TRANSFERENCIA BANCARIA  – DEPOSITO EN CUENTA', 'EFECTIVO – TRANSFERENCIA BANCARIA  – TRANSFERENCIA SWIFT', 'EFECTIVO – TRANSFERENCIA BANCARIA  – GIFT-CARD', 'EFECTIVO – TRANSFERENCIA BANCARIA  – CANAL DE PAGO', 'EFECTIVO – TRANSFERENCIA BANCARIA  – BILLETERA MOVIL', 'EFECTIVO – TRANSFERENCIA BANCARIA  – PAGO ONLINE', 'EFECTIVO – DEPOSITO EN CUENTA  – TRANSFERENCIA SWIFT', 'EFECTIVO – DEPOSITO EN CUENTA  – GIFT-CARD', 'EFECTIVO – DEPOSITO EN CUENTA  – CANAL DE PAGO', 'EFECTIVO – DEPOSITO EN CUENTA  – BILLETERA MOVIL', 'EFECTIVO – DEPOSITO EN CUENTA  – PAGO ONLINE', 'EFECTIVO – SWIFT - GIFT-CARD', 'EFECTIVO – SWIFT - CANAL DE PAGO', 'EFECTIVO – SWIFT - BILLETERA MOVIL', 'EFECTIVO – SWIFT - PAGO ONLINE', 'EFECTIVO – GIFT CARD - CANAL DE PAGO', 'EFECTIVO – GIFT CARD - BILLETERA MOVIL', 'EFECTIVO – GIFT CARD - PAGO ONLINE', 'EFECTIVO – CANAL PAGO - BILLETERA MOVIL', 'EFECTIVO – CANAL PAGO - PAGO ONLINE', 'EFECTIVO – BILLETERA MOVIL - PAGO ONLINE', 'TARJETA – CHEQUE - PAGO POSTERIOR', 'TARJETA – CHEQUE - TRANSFERENCIA BANCARIA', 'TARJETA – CHEQUE - DEPOSITO EN CUENTA', 'TARJETA – CHEQUE - TRANSFERENCIA SWIFT', 'TARJETA – CHEQUE - GIFT-CARD', 'TARJETA – CHEQUE - CANAL DE PAGO', 'TARJETA – CHEQUE - BILLETERA MOVIL', 'TARJETA – CHEQUE - PAGO ONLINE', 'TARJETA – VALES - PAGO POSTERIOR', 'TARJETA – VALES - TRANSFERENCIA BANCARIA', 'TARJETA – VALES - DEPOSITO EN CUENTA', 'TARJETA – VALES - TRANSFERENCIA SWIFT', 'TARJETA – VALES - GIFT-CARD', 'TARJETA – VALES - CANAL DE PAGO', 'TARJETA – VALES - BILLETERA MOVIL', 'TARJETA – VALES - PAGO ONLINE', 'TARJETA – PAGO POSTERIOR - TRANSFERENCIA BANCARIA', 'TARJETA – PAGO POSTERIOR - DEPOSITO EN CUENTA', 'TARJETA – PAGO POSTERIOR - TRANSFERENCIA SWIFT', 'TARJETA – PAGO POSTERIOR - GIFT-CARD', 'TARJETA – PAGO POSTERIOR - CANAL DE PAGO', 'TARJETA – PAGO POSTERIOR - BILLETERA MOVIL', 'TARJETA – PAGO POSTERIOR - PAGO ONLINE', 'TARJETA – TRANSFERENCIA BANCARIA – DEPOSITO EN CUENTA', 'TARJETA – TRANSFERENCIA BANCARIA - TRANSFERENCIA SWIFT', 'TARJETA – TRANSFERENCIA BANCARIA – GIFT-CARD', 'TARJETA – TRANSFERENCIA BANCARIA – CANAL DE PAGO', 'TARJETA – TRANSFERENCIA  BANCARIA – BILLETERA MOVIL', 'TARJETA – TRANSFERENCIA BANCARIA – PAGO ONLINE', 'TARJETA – DEPOSITO EN CUENTA – TRANSFERENCIA SWIFT', 'TARJETA – DEPOSITO EN CUENTA – GIFT-CARD', 'TARJETA – DEPOSITO EN CUENTA – CANAL DE PAGO', 'TARJETA – DEPOSITO EN CUENTA  – BILLETERA MOVIL', 'TARJETA – DEPOSITO EN CUENTA – PAGO ONLINE', 'TARJETA – SWIFT - GIFT-CARD', 'TARJETA – SWIFT - CANAL DE PAGO', 'TARJETA – SWIFT - BILLETERA MOVIL', 'TARJETA – SWIFT - PAGO ONLINE', 'TARJETA – GIFT - CANAL DE PAGO', 'TARJETA – GIFT - BILLETERA MOVIL', 'TARJETA – GIFT - PAGO ONLINE', 'TARJETA – CANAL PAGO - BILLETERA MOVIL', 'TARJETA – CANAL PAGO - PAGO ONLINE', 'TARJETA – BILLETERA MOVIL - PAGO ONLINE', 'CHEQUE – VALES - PAGO POSTERIOR', 'CHEQUE – VALES - TRANSFERENCIA BANCARIA', 'CHEQUE – VALES - DEPOSITO EN CUENTA', 'CHEQUE – VALES - TRANSFERENCIA SWIFT', 'CHEQUE – VALES - GIFT-CARD', 'CHEQUE – VALES - CANAL DE PAGO', 'CHEQUE – VALES - BILLETERA MOVIL', 'CHEQUE – VALES - PAGO ONLINE', 'CHEQUE – PAGO POSTERIOR - TRANSFERENCIA BANCARIA', 'CHEQUE – PAGO POSTERIOR - DEPOSITO EN CUENTA', 'CHEQUE – PAGO POSTERIOR - TRANSFERENCIA SWIFT', 'CHEQUE – PAGO POSTERIOR - GIFT-CARD', 'CHEQUE – PAGO POSTERIOR - CANAL DE PAGO', 'CHEQUE – PAGO POSTERIOR - BILLETERA MOVIL', 'CHEQUE – PAGO POSTERIOR - PAGO ONLINE', 'CHEQUE – TRANSFERENCIA BANCARIA – DEPOSITO EN CUENTA', 'CHEQUE – TRANSFERENCIA BANCARIA – TRANSFERENCIA SWIFT', 'CHEQUE – TRANSFERENCIA BANCARIA – GIFT-CARD', 'CHEQUE – TRANSFERENCIA BANCARIA – CANAL DE PAGO', 'CHEQUE – TRANSFERENCIA BANCARIA – BILLETERA MOVIL', 'CHEQUE – TRANSFERENCIA BANCARIA – PAGO ONLINE', 'CHEQUE – DEPOSITO EN CUENTA - TRANSFERENCIA SWIFT', 'CHEQUE – DEPOSITO EN CUENTA - GIFT-CARD', 'CHEQUE – DEPOSITO EN CUENTA - CANAL DE PAGO', 'CHEQUE – DEPOSITO EN CUENTA - BILLETERA MOVIL', 'CHEQUE – DEPOSITO EN CUENTA - PAGO ONLINE', 'CHEQUE – SWIFT - GIFT-CARD', 'CHEQUE – SWIFT - CANAL DE PAGO', 'CHEQUE – SWIFT - BILLETERA MOVIL', 'CHEQUE – SWIFT - PAGO ONLINE', 'CHEQUE – GIFT - CANAL DE PAGO', 'CHEQUE – GIFT - BILLETERA MOVIL', 'CHEQUE – GIFT - PAGO ONLINE', 'CHEQUE – CANAL PAGO - BILLETERA MOVIL', 'CHEQUE – CANAL PAGO - PAGO ONLINE', 'CHEQUE – BILLETERA MOVIL  – PAGO ONLINE', 'VALES – SWIFT - TRANSFERENCIA BANCARIA', 'VALES – SWIFT - DEPOSITO EN CUENTA', 'VALES – SWIFT - TRANSFERENCIA SWIFT', 'VALES – SWIFT - GIFT-CARD', 'VALES – SWIFT - CANAL DE PAGO', 'VALES – SWIFT - BILLETERA MOVIL', 'VALES – SWIFT - PAGO ONLINE', 'VALES – GIFT - DEPOSITO EN CUENTA', 'VALES – GIFT - TRANSFERENCIA SWIFT', 'VALES – GIFT-CARD – TARJETA', 'VALES – GIFT - CANAL DE PAGO', 'VALES – GIFT - BILLETERA MOVIL', 'VALES – GIFT - PAGO ONLINE', 'VALES – CANAL DE PAGO  – TRANSFERENCIA SWIFT', 'VALES – CANAL DE PAGO  – GIFT-CARD', 'VALES – CANAL DE PAGO  – CANAL DE PAGO', 'VALES – CANAL DE PAGO  – BILLETERA MOVIL', 'VALES – CANAL DE PAGO  – PAGO ONLINE', 'VALES – BILLETERA MOVIL – GIFT-CARD', 'VALES – BILLETERA MOVIL – CANAL DE PAGO', 'VALES – BILLETERA MOVIL – BILLETERA MOVIL', 'VALES – BILLETERA MOVIL – PAGO ONLINE', 'VALES – PAGO ONLINE - CANAL DE PAGO', 'VALES – PAGO ONLINE - BILLETERA MOVIL', 'VALES – PAGO ONLINE - PAGO ONLINE', 'PAGO POSTERIOR – TRANSFERENCIA BANCARIA  – DEPOSITO EN CUENTA', 'PAGO POSTERIOR – TRANSFERENCIA BANCARIA  – TRANSFERENCIA SWIFT', 'PAGO POSTERIOR – TRANSFERENCIA BANCARIA  – GIFT-CARD', 'PAGO POSTERIOR – TRANSFERENCIA BANCARIA  – CANAL DE PAGO', 'PAGO POSTERIOR – TRANSFERENCIA BANCARIA  – BILLETERA MOVIL', 'PAGO POSTERIOR – TRANSFERENCIA BANCARIA  – PAGO ONLINE', 'PAGO POSTERIOR – DEPOSITO EN CUENTA  – TRANSFERENCIA SWIFT', 'PAGO POSTERIOR – DEPOSITO EN CUENTA  – GIFT-CARD', 'PAGO POSTERIOR – DEPOSITO EN CUENTA  – CANAL DE PAGO', 'PAGO POSTERIOR – DEPOSITO EN CUENTA  – BILLETERA MOVIL', 'PAGO POSTERIOR – DEPOSITO EN CUENTA  – PAGO ONLINE', 'PAGO POSTERIOR – SWIFT - GIFT-CARD', 'PAGO POSTERIOR – SWIFT - CANAL DE PAGO', 'PAGO POSTERIOR – SWIFT - BILLETERA MOVIL', 'PAGO POSTERIOR – SWIFT - PAGO ONLINE', 'PAGO POSTERIOR – GIFT - CANAL DE PAGO', 'PAGO POSTERIOR – GIFT - BILLETERA MOVIL', 'PAGO POSTERIOR – GIFT - PAGO ONLINE', 'PAGO POSTERIOR – CANAL DE PAGO - BILLETERA MOVIL', 'PAGO POSTERIOR – CANAL DE PAGO - PAGO ONLINE', 'PAGO POSTERIOR – BILLETERA MOVIL - PAGO ONLINE', 'TRANSFERENCIA BANCARIA – DEPOSITO EN CUENTA  – TRANSFERENCIA SWIFT', 'TRANSFERENCIA BANCARIA – DEPOSITO  EN CUENTA – GIFT-CARD', 'TRANSFERENCIA BANCARIA – DEPOSITO  EN CUENTA – CANAL DE PAGO', 'TRANSFERENCIA BANCARIA – DEPOSITO EN CUENTA   – BILLETERA MOVIL', 'TRANSFERENCIA BANCARIA– DEPOSITO  EN CUENTA – PAGO ONLINE', 'TRANSFERENCIA BANCARIA – SWIFT  – GIFT-CARD', 'TRANSFERENCIA BANCARIA – SWIFT  – CANAL DE PAGO', 'TRANSFERENCIA BANCARIA – SWIFT  – BILLETERA MOVIL', 'TRANSFERENCIA BANCARIA – SWIFT  – PAGO ONLINE', 'TRANSFERENCIA BANCARIA – GIFT-CARD  – CANAL DE PAGO', 'TRANSFERENCIA BANCARIA – GIFT-CARD  – BILLETERA MOVIL', 'TRANSFERENCIA BANCARIA – GIFT-CARD  – PAGO ONLINE', 'TRANSFERENCIA BANCARIA – CANAL DE PAGO – BILLETERA MOVIL', 'TRANSFERENCIA BANCARIA – CANAL DE PAGO – PAGO ONLINE', 'TRANSFERENCIA BANCARIA – BILLETERA MOVIL – PAGO ONLINE', 'DEPOSITO EN CUENTA  – SWIFT  – GIFT-CARD', 'DEPOSITO EN CUENTA  – SWIFT  – CANAL DE PAGO', 'DEPOSITO EN CUENTA  – SWIFT  – BILLETERA MOVIL', 'DEPOSITO EN CUENTA  – SWIFT  – PAGO ONLINE', 'DEPOSITO EN CUENTA – GIFT-CARD  – CANAL DE PAGO', 'DEPOSITO EN CUENTA – GIFT-CARD  – BILLETERA MOVIL', 'DEPOSITO EN CUENTA  – GIFT-CARD  – PAGO ONLINE', 'DEPOSITO EN CUENTA –  CANAL DE PAGO  – BILLETERA MOVIL', 'DEPOSITO EN CUENTA – CANAL DE PAGO   – PAGO ONLINE', 'DEPOSITO EN CUENTA – BILLETERA MOVIL  – PAGO ONLINE', 'SWIFT – GIFT - CANAL DE PAGO', 'SWIFT – GIFT - BILLETERA MOVIL', 'SWIFT – GIFT - PAGO ONLINE', 'SWIFT – CANAL DE PAGO  – BILLETERA MOVIL', 'SWIFT – CANAL  DE PAGO – PAGO ONLINE', 'SWIFT – BILLETERA MOVIL  – PAGO ONLINE', 'GIFT-CARD – CANAL DE PAGO  – BILLETERA MOVIL', 'GIFT-CARD – CANAL DE PAGO  – PAGO ONLINE', 'GIFT-CARD – BILLETERA MOVIL - PAGO ONLINE', 'CANAL DE PAGO – BILLETERA MOVIL  – PAGO ONLINE', 'DEBITO AUTOMATICO', 'DEBITO AUTOMATICO – EFECTIVO', 'DEBITO AUTOMATICO -TARJETA', 'DEBITO AUTOMATICO – CHEQUE']
2024-07-19 03:45:47,220 - DEBUG - Índice del método de pago predeterminado: 0
2024-07-19 03:45:47,235 - DEBUG - Método de pago seleccionado: DEBITO AUTOMATICO -  GIFT CARD
2024-07-19 03:45:47,235 - INFO - Código clasificador del método de pago seleccionado: 304 (<class 'int'>)
2024-07-19 03:45:47,235 - DEBUG - Aplicar Descuento: False
2024-07-19 03:45:47,251 - INFO - Verificando si el código clasificador 304 (<class 'int'>) está en la lista de códigos de gift card: [102, 109, 115, 120, 124, 128, 129, 130, 138, 146, 153, 159, 164, 168, 172, 173, 174, 182, 189, 195, 200, 204, 208, 209, 210, 217, 221, 222, 223, 224, 225, 226, 228, 232, 241, 246, 250, 254, 255, 256, 261, 265, 269, 270, 271, 275, 279, 280, 281, 285, 286, 287, 291, 292, 293, 30, 304, 35, 40, 49, 53, 60, 64, 68, 72, 76, 77, 78, 86, 94]
2024-07-19 03:45:47,266 - INFO - Monto de Gift Card ingresado: 0
2024-07-19 03:45:47,266 - DEBUG - Descuento Adicional Final: 0
2024-07-19 03:45:47,282 - DEBUG - Monto Gift Card Final: 0
2024-07-19 03:45:49,192 - DEBUG - Opciones de métodos de pago: ['DEBITO AUTOMATICO -  VALE', 'DEBITO AUTOMATICO -  PAGO POSTERIOR', 'DEBITO AUTOMATICO -  TRANSFERENCIA BANCARIA', 'DEBITO AUTOMATICO -  DEPOSITO EN CUENTA', 'DEBITO AUTOMATICO -  TRANSFERENCIA SWIFT', 'DEBITO AUTOMATICO -  GIFT CARD', 'DEBITO AUTOMATICO -  CANAL DE PAGO', 'DEBITO AUTOMATICO -  BILLETERA MOVIL', 'DEBITO AUTOMATICO -  PAGO ONLINE', 'DEBITO AUTOMATICO – OTRO', 'EFECTIVO-TARJETA', 'EFECTIVO-CHEQUE', 'EFECTIVO-VALES', 'EFECTIVO – TRANSFERENCIA BANCARIA', 'EFECTIVO-DEPOSITO EN CUENTA', 'EFECTIVO – TRANSFERENCIA BANCARIA SWIFT', 'TARJETA-CHEQUE', 'TARJETA-VALES', 'TARJETA-TRANSFERENCIA BANCARIA', 'TARJETA-DEPOSITO EN CUENTA', 'TARJETA-TRANSFERENCIA SWIFT', 'VALES-TRANSFERENCIA BANCARIA', 'VALES – DEPOSITO EN CUENTA', 'VALES-TRANSFERENCIA SWIFT', 'TRANSFERENCIA BANCARIA-DEPOSITO EN CUENTA', 'TRANSFERENCIA BANCARIA-TRANSFERENCIA SWIFT', 'DEPOSITO EN CUENTA – TRANSFERENCIA SWIFT', 'PAGO POSTERIOR', 'TRANSFERENCIA BANCARIA', 'GIFT-CARD', 'DEPOSITO EN CUENTA', 'TRANSFERENCIA SWIFT', 'GIFT-CARD OTROS', 'CANAL DE PAGO', 'BILLETERA MOVIL', 'PAGO ONLINE', 'EFECTIVO – PAGO POSTERIOR', 'EFECTIVO – GIFT CARD', 'EFECTIVO – CANAL PAGO', 'EFECTIVO – BILLETERA MOVIL', 'EFECTIVO – PAGO ONLINE', 'TARJETA – PAGO POSTERIOR', 'TARJETA – GIFT', 'TARJETA – CANAL PAGO', 'TARJETA – BILLETERA MOVIL', 'TARJETA – PAGO ONLINE', 'CHEQUE – VALES', 'CHEQUE – PAGO POSTERIOR', 'CHEQUE – TRANSFERENCIA BANCARIA', 'CHEQUE – DEPOSITO', 'CHEQUE – SWIFT', 'CHEQUE – GIFT', 'CHEQUE – CANAL PAGO', 'CHEQUE – BILLETERA', 'CHEQUE – PAGO ONLINE', 'VALES – GIFT', 'VALES – CANAL DE PAGO', 'VALES – BILLETERA MOVIL', 'VALES – PAGO ONLINE', 'PAGO POSTERIOR – TRANSFERENCIA BANCARIA', 'PAGO POSTERIOR – DEPOSITO EN CUENTA', 'PAGO POSTERIOR – SWIFT', 'PAGO POSTERIOR – GIFT', 'PAGO POSTERIOR – CANAL', 'PAGO POSTERIOR – BILLETERA', 'PAGO POSTERIOR – PAGO ONLINE', 'EFECTIVO', 'TRANSFERENCIA BANCARIA – GIFT-CARD', 'TARJETA', 'TRANSFERENCIA BANCARIA – CANAL DE PAGO', 'CHEQUE', 'TRANSFERENCIA BANCARIA – BILLETERA MOVIL', 'VALES', 'TRANSFERENCIA BANCARIA – PAGO ONLINE', 'OTROS', 'DEPOSITO EN CUENTA – GIFT-CARD', 'DEPOSITO EN CUENTA – CANAL DE PAGO', 'DEPOSITO EN CUENTA – BILLETERA MOVIL', 'DEPOSITO EN CUENTA  – PAGO ONLINE', 'SWIFT – GIFT', 'SWIFT – CANAL DE PAGO', 'SWIFT – BILLETERA MOVIL', 'SWIFT – PAGO ONLINE', 'GIFT-CARD – CANAL DE PAGO', 'GIFT – BILLETERA', 'GIFT – PAGO ONLINE', 'CANAL DE PAGO – BILLETERA MOVIL', 'CANAL DE PAGO – PAGO ONLINE', 'BILLETERA MOVIL – PAGO ONLINE', 'EFECTIVO - TARJETA - PAGO POSTERIOR', 'EFECTIVO - TARJETA - TRANSFERENCIA BANCARIA', 'EFECTIVO - TARJETA - DEPOSITO EN CUENTA', 'EFECTIVO - TARJETA - TRANSFERENCIA SWIFT', 'EFECTIVO - TARJETA - GIFT-CARD', 'EFECTIVO - TARJETA - CANAL DE PAGO', 'EFECTIVO - TARJETA - BILLETERA MOVIL', 'EFECTIVO - TARJETA - PAGO ONLINE', 'EFECTIVO – CHEQUE - PAGO POSTERIOR', 'EFECTIVO – CHEQUE - TRANSFERENCIA BANCARIA', 'EFECTIVO – CHEQUE - DEPOSITO EN CUENTA', 'EFECTIVO – CHEQUE - TRANSFERENCIA SWIFT', 'EFECTIVO – CHEQUE - GIFT-CARD', 'EFECTIVO – CHEQUE - CANAL DE PAGO', 'EFECTIVO – CHEQUE - BILLETERA MOVIL', 'EFECTIVO – CHEQUE - PAGO ONLINE', 'EFECTIVO – VALES - PAGO POSTERIOR', 'EFECTIVO – VALES - TRANSFERENCIA BANCARIA', 'EFECTIVO – VALES - DEPOSITO EN CUENTA', 'EFECTIVO – VALES - TRANSFERENCIA SWIFT', 'EFECTIVO – VALES - GIFT-CARD', 'EFECTIVO – VALES - CANAL DE PAGO', 'EFECTIVO – VALES - BILLETERA MOVIL', 'EFECTIVO – VALES - PAGO ONLINE', 'EFECTIVO – PAGO POSTERIOR - TRANSFERENCIA BANCARIA', 'EFECTIVO – PAGO POSTERIOR - DEPOSITO EN CUENTA', 'EFECTIVO – PAGO POSTERIOR - TRANSFERENCIA SWIFT', 'EFECTIVO – PAGO POSTERIOR - GIFT-CARD', 'EFECTIVO – PAGO POSTERIOR - CANAL DE PAGO', 'EFECTIVO – PAGO POSTERIOR - BILLETERA MOVIL', 'EFECTIVO – PAGO POSTERIOR - PAGO ONLINE', 'EFECTIVO – TRANSFERENCIA BANCARIA  – DEPOSITO EN CUENTA', 'EFECTIVO – TRANSFERENCIA BANCARIA  – TRANSFERENCIA SWIFT', 'EFECTIVO – TRANSFERENCIA BANCARIA  – GIFT-CARD', 'EFECTIVO – TRANSFERENCIA BANCARIA  – CANAL DE PAGO', 'EFECTIVO – TRANSFERENCIA BANCARIA  – BILLETERA MOVIL', 'EFECTIVO – TRANSFERENCIA BANCARIA  – PAGO ONLINE', 'EFECTIVO – DEPOSITO EN CUENTA  – TRANSFERENCIA SWIFT', 'EFECTIVO – DEPOSITO EN CUENTA  – GIFT-CARD', 'EFECTIVO – DEPOSITO EN CUENTA  – CANAL DE PAGO', 'EFECTIVO – DEPOSITO EN CUENTA  – BILLETERA MOVIL', 'EFECTIVO – DEPOSITO EN CUENTA  – PAGO ONLINE', 'EFECTIVO – SWIFT - GIFT-CARD', 'EFECTIVO – SWIFT - CANAL DE PAGO', 'EFECTIVO – SWIFT - BILLETERA MOVIL', 'EFECTIVO – SWIFT - PAGO ONLINE', 'EFECTIVO – GIFT CARD - CANAL DE PAGO', 'EFECTIVO – GIFT CARD - BILLETERA MOVIL', 'EFECTIVO – GIFT CARD - PAGO ONLINE', 'EFECTIVO – CANAL PAGO - BILLETERA MOVIL', 'EFECTIVO – CANAL PAGO - PAGO ONLINE', 'EFECTIVO – BILLETERA MOVIL - PAGO ONLINE', 'TARJETA – CHEQUE - PAGO POSTERIOR', 'TARJETA – CHEQUE - TRANSFERENCIA BANCARIA', 'TARJETA – CHEQUE - DEPOSITO EN CUENTA', 'TARJETA – CHEQUE - TRANSFERENCIA SWIFT', 'TARJETA – CHEQUE - GIFT-CARD', 'TARJETA – CHEQUE - CANAL DE PAGO', 'TARJETA – CHEQUE - BILLETERA MOVIL', 'TARJETA – CHEQUE - PAGO ONLINE', 'TARJETA – VALES - PAGO POSTERIOR', 'TARJETA – VALES - TRANSFERENCIA BANCARIA', 'TARJETA – VALES - DEPOSITO EN CUENTA', 'TARJETA – VALES - TRANSFERENCIA SWIFT', 'TARJETA – VALES - GIFT-CARD', 'TARJETA – VALES - CANAL DE PAGO', 'TARJETA – VALES - BILLETERA MOVIL', 'TARJETA – VALES - PAGO ONLINE', 'TARJETA – PAGO POSTERIOR - TRANSFERENCIA BANCARIA', 'TARJETA – PAGO POSTERIOR - DEPOSITO EN CUENTA', 'TARJETA – PAGO POSTERIOR - TRANSFERENCIA SWIFT', 'TARJETA – PAGO POSTERIOR - GIFT-CARD', 'TARJETA – PAGO POSTERIOR - CANAL DE PAGO', 'TARJETA – PAGO POSTERIOR - BILLETERA MOVIL', 'TARJETA – PAGO POSTERIOR - PAGO ONLINE', 'TARJETA – TRANSFERENCIA BANCARIA – DEPOSITO EN CUENTA', 'TARJETA – TRANSFERENCIA BANCARIA - TRANSFERENCIA SWIFT', 'TARJETA – TRANSFERENCIA BANCARIA – GIFT-CARD', 'TARJETA – TRANSFERENCIA BANCARIA – CANAL DE PAGO', 'TARJETA – TRANSFERENCIA  BANCARIA – BILLETERA MOVIL', 'TARJETA – TRANSFERENCIA BANCARIA – PAGO ONLINE', 'TARJETA – DEPOSITO EN CUENTA – TRANSFERENCIA SWIFT', 'TARJETA – DEPOSITO EN CUENTA – GIFT-CARD', 'TARJETA – DEPOSITO EN CUENTA – CANAL DE PAGO', 'TARJETA – DEPOSITO EN CUENTA  – BILLETERA MOVIL', 'TARJETA – DEPOSITO EN CUENTA – PAGO ONLINE', 'TARJETA – SWIFT - GIFT-CARD', 'TARJETA – SWIFT - CANAL DE PAGO', 'TARJETA – SWIFT - BILLETERA MOVIL', 'TARJETA – SWIFT - PAGO ONLINE', 'TARJETA – GIFT - CANAL DE PAGO', 'TARJETA – GIFT - BILLETERA MOVIL', 'TARJETA – GIFT - PAGO ONLINE', 'TARJETA – CANAL PAGO - BILLETERA MOVIL', 'TARJETA – CANAL PAGO - PAGO ONLINE', 'TARJETA – BILLETERA MOVIL - PAGO ONLINE', 'CHEQUE – VALES - PAGO POSTERIOR', 'CHEQUE – VALES - TRANSFERENCIA BANCARIA', 'CHEQUE – VALES - DEPOSITO EN CUENTA', 'CHEQUE – VALES - TRANSFERENCIA SWIFT', 'CHEQUE – VALES - GIFT-CARD', 'CHEQUE – VALES - CANAL DE PAGO', 'CHEQUE – VALES - BILLETERA MOVIL', 'CHEQUE – VALES - PAGO ONLINE', 'CHEQUE – PAGO POSTERIOR - TRANSFERENCIA BANCARIA', 'CHEQUE – PAGO POSTERIOR - DEPOSITO EN CUENTA', 'CHEQUE – PAGO POSTERIOR - TRANSFERENCIA SWIFT', 'CHEQUE – PAGO POSTERIOR - GIFT-CARD', 'CHEQUE – PAGO POSTERIOR - CANAL DE PAGO', 'CHEQUE – PAGO POSTERIOR - BILLETERA MOVIL', 'CHEQUE – PAGO POSTERIOR - PAGO ONLINE', 'CHEQUE – TRANSFERENCIA BANCARIA – DEPOSITO EN CUENTA', 'CHEQUE – TRANSFERENCIA BANCARIA – TRANSFERENCIA SWIFT', 'CHEQUE – TRANSFERENCIA BANCARIA – GIFT-CARD', 'CHEQUE – TRANSFERENCIA BANCARIA – CANAL DE PAGO', 'CHEQUE – TRANSFERENCIA BANCARIA – BILLETERA MOVIL', 'CHEQUE – TRANSFERENCIA BANCARIA – PAGO ONLINE', 'CHEQUE – DEPOSITO EN CUENTA - TRANSFERENCIA SWIFT', 'CHEQUE – DEPOSITO EN CUENTA - GIFT-CARD', 'CHEQUE – DEPOSITO EN CUENTA - CANAL DE PAGO', 'CHEQUE – DEPOSITO EN CUENTA - BILLETERA MOVIL', 'CHEQUE – DEPOSITO EN CUENTA - PAGO ONLINE', 'CHEQUE – SWIFT - GIFT-CARD', 'CHEQUE – SWIFT - CANAL DE PAGO', 'CHEQUE – SWIFT - BILLETERA MOVIL', 'CHEQUE – SWIFT - PAGO ONLINE', 'CHEQUE – GIFT - CANAL DE PAGO', 'CHEQUE – GIFT - BILLETERA MOVIL', 'CHEQUE – GIFT - PAGO ONLINE', 'CHEQUE – CANAL PAGO - BILLETERA MOVIL', 'CHEQUE – CANAL PAGO - PAGO ONLINE', 'CHEQUE – BILLETERA MOVIL  – PAGO ONLINE', 'VALES – SWIFT - TRANSFERENCIA BANCARIA', 'VALES – SWIFT - DEPOSITO EN CUENTA', 'VALES – SWIFT - TRANSFERENCIA SWIFT', 'VALES – SWIFT - GIFT-CARD', 'VALES – SWIFT - CANAL DE PAGO', 'VALES – SWIFT - BILLETERA MOVIL', 'VALES – SWIFT - PAGO ONLINE', 'VALES – GIFT - DEPOSITO EN CUENTA', 'VALES – GIFT - TRANSFERENCIA SWIFT', 'VALES – GIFT-CARD – TARJETA', 'VALES – GIFT - CANAL DE PAGO', 'VALES – GIFT - BILLETERA MOVIL', 'VALES – GIFT - PAGO ONLINE', 'VALES – CANAL DE PAGO  – TRANSFERENCIA SWIFT', 'VALES – CANAL DE PAGO  – GIFT-CARD', 'VALES – CANAL DE PAGO  – CANAL DE PAGO', 'VALES – CANAL DE PAGO  – BILLETERA MOVIL', 'VALES – CANAL DE PAGO  – PAGO ONLINE', 'VALES – BILLETERA MOVIL – GIFT-CARD', 'VALES – BILLETERA MOVIL – CANAL DE PAGO', 'VALES – BILLETERA MOVIL – BILLETERA MOVIL', 'VALES – BILLETERA MOVIL – PAGO ONLINE', 'VALES – PAGO ONLINE - CANAL DE PAGO', 'VALES – PAGO ONLINE - BILLETERA MOVIL', 'VALES – PAGO ONLINE - PAGO ONLINE', 'PAGO POSTERIOR – TRANSFERENCIA BANCARIA  – DEPOSITO EN CUENTA', 'PAGO POSTERIOR – TRANSFERENCIA BANCARIA  – TRANSFERENCIA SWIFT', 'PAGO POSTERIOR – TRANSFERENCIA BANCARIA  – GIFT-CARD', 'PAGO POSTERIOR – TRANSFERENCIA BANCARIA  – CANAL DE PAGO', 'PAGO POSTERIOR – TRANSFERENCIA BANCARIA  – BILLETERA MOVIL', 'PAGO POSTERIOR – TRANSFERENCIA BANCARIA  – PAGO ONLINE', 'PAGO POSTERIOR – DEPOSITO EN CUENTA  – TRANSFERENCIA SWIFT', 'PAGO POSTERIOR – DEPOSITO EN CUENTA  – GIFT-CARD', 'PAGO POSTERIOR – DEPOSITO EN CUENTA  – CANAL DE PAGO', 'PAGO POSTERIOR – DEPOSITO EN CUENTA  – BILLETERA MOVIL', 'PAGO POSTERIOR – DEPOSITO EN CUENTA  – PAGO ONLINE', 'PAGO POSTERIOR – SWIFT - GIFT-CARD', 'PAGO POSTERIOR – SWIFT - CANAL DE PAGO', 'PAGO POSTERIOR – SWIFT - BILLETERA MOVIL', 'PAGO POSTERIOR – SWIFT - PAGO ONLINE', 'PAGO POSTERIOR – GIFT - CANAL DE PAGO', 'PAGO POSTERIOR – GIFT - BILLETERA MOVIL', 'PAGO POSTERIOR – GIFT - PAGO ONLINE', 'PAGO POSTERIOR – CANAL DE PAGO - BILLETERA MOVIL', 'PAGO POSTERIOR – CANAL DE PAGO - PAGO ONLINE', 'PAGO POSTERIOR – BILLETERA MOVIL - PAGO ONLINE', 'TRANSFERENCIA BANCARIA – DEPOSITO EN CUENTA  – TRANSFERENCIA SWIFT', 'TRANSFERENCIA BANCARIA – DEPOSITO  EN CUENTA – GIFT-CARD', 'TRANSFERENCIA BANCARIA – DEPOSITO  EN CUENTA – CANAL DE PAGO', 'TRANSFERENCIA BANCARIA – DEPOSITO EN CUENTA   – BILLETERA MOVIL', 'TRANSFERENCIA BANCARIA– DEPOSITO  EN CUENTA – PAGO ONLINE', 'TRANSFERENCIA BANCARIA – SWIFT  – GIFT-CARD', 'TRANSFERENCIA BANCARIA – SWIFT  – CANAL DE PAGO', 'TRANSFERENCIA BANCARIA – SWIFT  – BILLETERA MOVIL', 'TRANSFERENCIA BANCARIA – SWIFT  – PAGO ONLINE', 'TRANSFERENCIA BANCARIA – GIFT-CARD  – CANAL DE PAGO', 'TRANSFERENCIA BANCARIA – GIFT-CARD  – BILLETERA MOVIL', 'TRANSFERENCIA BANCARIA – GIFT-CARD  – PAGO ONLINE', 'TRANSFERENCIA BANCARIA – CANAL DE PAGO – BILLETERA MOVIL', 'TRANSFERENCIA BANCARIA – CANAL DE PAGO – PAGO ONLINE', 'TRANSFERENCIA BANCARIA – BILLETERA MOVIL – PAGO ONLINE', 'DEPOSITO EN CUENTA  – SWIFT  – GIFT-CARD', 'DEPOSITO EN CUENTA  – SWIFT  – CANAL DE PAGO', 'DEPOSITO EN CUENTA  – SWIFT  – BILLETERA MOVIL', 'DEPOSITO EN CUENTA  – SWIFT  – PAGO ONLINE', 'DEPOSITO EN CUENTA – GIFT-CARD  – CANAL DE PAGO', 'DEPOSITO EN CUENTA – GIFT-CARD  – BILLETERA MOVIL', 'DEPOSITO EN CUENTA  – GIFT-CARD  – PAGO ONLINE', 'DEPOSITO EN CUENTA –  CANAL DE PAGO  – BILLETERA MOVIL', 'DEPOSITO EN CUENTA – CANAL DE PAGO   – PAGO ONLINE', 'DEPOSITO EN CUENTA – BILLETERA MOVIL  – PAGO ONLINE', 'SWIFT – GIFT - CANAL DE PAGO', 'SWIFT – GIFT - BILLETERA MOVIL', 'SWIFT – GIFT - PAGO ONLINE', 'SWIFT – CANAL DE PAGO  – BILLETERA MOVIL', 'SWIFT – CANAL  DE PAGO – PAGO ONLINE', 'SWIFT – BILLETERA MOVIL  – PAGO ONLINE', 'GIFT-CARD – CANAL DE PAGO  – BILLETERA MOVIL', 'GIFT-CARD – CANAL DE PAGO  – PAGO ONLINE', 'GIFT-CARD – BILLETERA MOVIL - PAGO ONLINE', 'CANAL DE PAGO – BILLETERA MOVIL  – PAGO ONLINE', 'DEBITO AUTOMATICO', 'DEBITO AUTOMATICO – EFECTIVO', 'DEBITO AUTOMATICO -TARJETA', 'DEBITO AUTOMATICO – CHEQUE']
2024-07-19 03:45:49,217 - DEBUG - Índice del método de pago predeterminado: 0
2024-07-19 03:45:49,233 - DEBUG - Método de pago seleccionado: DEBITO AUTOMATICO -  GIFT CARD
2024-07-19 03:45:49,233 - INFO - Código clasificador del método de pago seleccionado: 304 (<class 'int'>)
2024-07-19 03:45:49,249 - DEBUG - Aplicar Descuento: False
2024-07-19 03:45:49,249 - INFO - Verificando si el código clasificador 304 (<class 'int'>) está en la lista de códigos de gift card: [102, 109, 115, 120, 124, 128, 129, 130, 138, 146, 153, 159, 164, 168, 172, 173, 174, 182, 189, 195, 200, 204, 208, 209, 210, 217, 221, 222, 223, 224, 225, 226, 228, 232, 241, 246, 250, 254, 255, 256, 261, 265, 269, 270, 271, 275, 279, 280, 281, 285, 286, 287, 291, 292, 293, 30, 304, 35, 40, 49, 53, 60, 64, 68, 72, 76, 77, 78, 86, 94]
2024-07-19 03:45:49,264 - INFO - Monto de Gift Card ingresado: 5
2024-07-19 03:45:49,280 - DEBUG - Descuento Adicional Final: 0
2024-07-19 03:45:49,280 - DEBUG - Monto Gift Card Final: 5
2024-07-19 03:45:49,643 - DEBUG - Opciones de métodos de pago: ['DEBITO AUTOMATICO -  VALE', 'DEBITO AUTOMATICO -  PAGO POSTERIOR', 'DEBITO AUTOMATICO -  TRANSFERENCIA BANCARIA', 'DEBITO AUTOMATICO -  DEPOSITO EN CUENTA', 'DEBITO AUTOMATICO -  TRANSFERENCIA SWIFT', 'DEBITO AUTOMATICO -  GIFT CARD', 'DEBITO AUTOMATICO -  CANAL DE PAGO', 'DEBITO AUTOMATICO -  BILLETERA MOVIL', 'DEBITO AUTOMATICO -  PAGO ONLINE', 'DEBITO AUTOMATICO – OTRO', 'EFECTIVO-TARJETA', 'EFECTIVO-CHEQUE', 'EFECTIVO-VALES', 'EFECTIVO – TRANSFERENCIA BANCARIA', 'EFECTIVO-DEPOSITO EN CUENTA', 'EFECTIVO – TRANSFERENCIA BANCARIA SWIFT', 'TARJETA-CHEQUE', 'TARJETA-VALES', 'TARJETA-TRANSFERENCIA BANCARIA', 'TARJETA-DEPOSITO EN CUENTA', 'TARJETA-TRANSFERENCIA SWIFT', 'VALES-TRANSFERENCIA BANCARIA', 'VALES – DEPOSITO EN CUENTA', 'VALES-TRANSFERENCIA SWIFT', 'TRANSFERENCIA BANCARIA-DEPOSITO EN CUENTA', 'TRANSFERENCIA BANCARIA-TRANSFERENCIA SWIFT', 'DEPOSITO EN CUENTA – TRANSFERENCIA SWIFT', 'PAGO POSTERIOR', 'TRANSFERENCIA BANCARIA', 'GIFT-CARD', 'DEPOSITO EN CUENTA', 'TRANSFERENCIA SWIFT', 'GIFT-CARD OTROS', 'CANAL DE PAGO', 'BILLETERA MOVIL', 'PAGO ONLINE', 'EFECTIVO – PAGO POSTERIOR', 'EFECTIVO – GIFT CARD', 'EFECTIVO – CANAL PAGO', 'EFECTIVO – BILLETERA MOVIL', 'EFECTIVO – PAGO ONLINE', 'TARJETA – PAGO POSTERIOR', 'TARJETA – GIFT', 'TARJETA – CANAL PAGO', 'TARJETA – BILLETERA MOVIL', 'TARJETA – PAGO ONLINE', 'CHEQUE – VALES', 'CHEQUE – PAGO POSTERIOR', 'CHEQUE – TRANSFERENCIA BANCARIA', 'CHEQUE – DEPOSITO', 'CHEQUE – SWIFT', 'CHEQUE – GIFT', 'CHEQUE – CANAL PAGO', 'CHEQUE – BILLETERA', 'CHEQUE – PAGO ONLINE', 'VALES – GIFT', 'VALES – CANAL DE PAGO', 'VALES – BILLETERA MOVIL', 'VALES – PAGO ONLINE', 'PAGO POSTERIOR – TRANSFERENCIA BANCARIA', 'PAGO POSTERIOR – DEPOSITO EN CUENTA', 'PAGO POSTERIOR – SWIFT', 'PAGO POSTERIOR – GIFT', 'PAGO POSTERIOR – CANAL', 'PAGO POSTERIOR – BILLETERA', 'PAGO POSTERIOR – PAGO ONLINE', 'EFECTIVO', 'TRANSFERENCIA BANCARIA – GIFT-CARD', 'TARJETA', 'TRANSFERENCIA BANCARIA – CANAL DE PAGO', 'CHEQUE', 'TRANSFERENCIA BANCARIA – BILLETERA MOVIL', 'VALES', 'TRANSFERENCIA BANCARIA – PAGO ONLINE', 'OTROS', 'DEPOSITO EN CUENTA – GIFT-CARD', 'DEPOSITO EN CUENTA – CANAL DE PAGO', 'DEPOSITO EN CUENTA – BILLETERA MOVIL', 'DEPOSITO EN CUENTA  – PAGO ONLINE', 'SWIFT – GIFT', 'SWIFT – CANAL DE PAGO', 'SWIFT – BILLETERA MOVIL', 'SWIFT – PAGO ONLINE', 'GIFT-CARD – CANAL DE PAGO', 'GIFT – BILLETERA', 'GIFT – PAGO ONLINE', 'CANAL DE PAGO – BILLETERA MOVIL', 'CANAL DE PAGO – PAGO ONLINE', 'BILLETERA MOVIL – PAGO ONLINE', 'EFECTIVO - TARJETA - PAGO POSTERIOR', 'EFECTIVO - TARJETA - TRANSFERENCIA BANCARIA', 'EFECTIVO - TARJETA - DEPOSITO EN CUENTA', 'EFECTIVO - TARJETA - TRANSFERENCIA SWIFT', 'EFECTIVO - TARJETA - GIFT-CARD', 'EFECTIVO - TARJETA - CANAL DE PAGO', 'EFECTIVO - TARJETA - BILLETERA MOVIL', 'EFECTIVO - TARJETA - PAGO ONLINE', 'EFECTIVO – CHEQUE - PAGO POSTERIOR', 'EFECTIVO – CHEQUE - TRANSFERENCIA BANCARIA', 'EFECTIVO – CHEQUE - DEPOSITO EN CUENTA', 'EFECTIVO – CHEQUE - TRANSFERENCIA SWIFT', 'EFECTIVO – CHEQUE - GIFT-CARD', 'EFECTIVO – CHEQUE - CANAL DE PAGO', 'EFECTIVO – CHEQUE - BILLETERA MOVIL', 'EFECTIVO – CHEQUE - PAGO ONLINE', 'EFECTIVO – VALES - PAGO POSTERIOR', 'EFECTIVO – VALES - TRANSFERENCIA BANCARIA', 'EFECTIVO – VALES - DEPOSITO EN CUENTA', 'EFECTIVO – VALES - TRANSFERENCIA SWIFT', 'EFECTIVO – VALES - GIFT-CARD', 'EFECTIVO – VALES - CANAL DE PAGO', 'EFECTIVO – VALES - BILLETERA MOVIL', 'EFECTIVO – VALES - PAGO ONLINE', 'EFECTIVO – PAGO POSTERIOR - TRANSFERENCIA BANCARIA', 'EFECTIVO – PAGO POSTERIOR - DEPOSITO EN CUENTA', 'EFECTIVO – PAGO POSTERIOR - TRANSFERENCIA SWIFT', 'EFECTIVO – PAGO POSTERIOR - GIFT-CARD', 'EFECTIVO – PAGO POSTERIOR - CANAL DE PAGO', 'EFECTIVO – PAGO POSTERIOR - BILLETERA MOVIL', 'EFECTIVO – PAGO POSTERIOR - PAGO ONLINE', 'EFECTIVO – TRANSFERENCIA BANCARIA  – DEPOSITO EN CUENTA', 'EFECTIVO – TRANSFERENCIA BANCARIA  – TRANSFERENCIA SWIFT', 'EFECTIVO – TRANSFERENCIA BANCARIA  – GIFT-CARD', 'EFECTIVO – TRANSFERENCIA BANCARIA  – CANAL DE PAGO', 'EFECTIVO – TRANSFERENCIA BANCARIA  – BILLETERA MOVIL', 'EFECTIVO – TRANSFERENCIA BANCARIA  – PAGO ONLINE', 'EFECTIVO – DEPOSITO EN CUENTA  – TRANSFERENCIA SWIFT', 'EFECTIVO – DEPOSITO EN CUENTA  – GIFT-CARD', 'EFECTIVO – DEPOSITO EN CUENTA  – CANAL DE PAGO', 'EFECTIVO – DEPOSITO EN CUENTA  – BILLETERA MOVIL', 'EFECTIVO – DEPOSITO EN CUENTA  – PAGO ONLINE', 'EFECTIVO – SWIFT - GIFT-CARD', 'EFECTIVO – SWIFT - CANAL DE PAGO', 'EFECTIVO – SWIFT - BILLETERA MOVIL', 'EFECTIVO – SWIFT - PAGO ONLINE', 'EFECTIVO – GIFT CARD - CANAL DE PAGO', 'EFECTIVO – GIFT CARD - BILLETERA MOVIL', 'EFECTIVO – GIFT CARD - PAGO ONLINE', 'EFECTIVO – CANAL PAGO - BILLETERA MOVIL', 'EFECTIVO – CANAL PAGO - PAGO ONLINE', 'EFECTIVO – BILLETERA MOVIL - PAGO ONLINE', 'TARJETA – CHEQUE - PAGO POSTERIOR', 'TARJETA – CHEQUE - TRANSFERENCIA BANCARIA', 'TARJETA – CHEQUE - DEPOSITO EN CUENTA', 'TARJETA – CHEQUE - TRANSFERENCIA SWIFT', 'TARJETA – CHEQUE - GIFT-CARD', 'TARJETA – CHEQUE - CANAL DE PAGO', 'TARJETA – CHEQUE - BILLETERA MOVIL', 'TARJETA – CHEQUE - PAGO ONLINE', 'TARJETA – VALES - PAGO POSTERIOR', 'TARJETA – VALES - TRANSFERENCIA BANCARIA', 'TARJETA – VALES - DEPOSITO EN CUENTA', 'TARJETA – VALES - TRANSFERENCIA SWIFT', 'TARJETA – VALES - GIFT-CARD', 'TARJETA – VALES - CANAL DE PAGO', 'TARJETA – VALES - BILLETERA MOVIL', 'TARJETA – VALES - PAGO ONLINE', 'TARJETA – PAGO POSTERIOR - TRANSFERENCIA BANCARIA', 'TARJETA – PAGO POSTERIOR - DEPOSITO EN CUENTA', 'TARJETA – PAGO POSTERIOR - TRANSFERENCIA SWIFT', 'TARJETA – PAGO POSTERIOR - GIFT-CARD', 'TARJETA – PAGO POSTERIOR - CANAL DE PAGO', 'TARJETA – PAGO POSTERIOR - BILLETERA MOVIL', 'TARJETA – PAGO POSTERIOR - PAGO ONLINE', 'TARJETA – TRANSFERENCIA BANCARIA – DEPOSITO EN CUENTA', 'TARJETA – TRANSFERENCIA BANCARIA - TRANSFERENCIA SWIFT', 'TARJETA – TRANSFERENCIA BANCARIA – GIFT-CARD', 'TARJETA – TRANSFERENCIA BANCARIA – CANAL DE PAGO', 'TARJETA – TRANSFERENCIA  BANCARIA – BILLETERA MOVIL', 'TARJETA – TRANSFERENCIA BANCARIA – PAGO ONLINE', 'TARJETA – DEPOSITO EN CUENTA – TRANSFERENCIA SWIFT', 'TARJETA – DEPOSITO EN CUENTA – GIFT-CARD', 'TARJETA – DEPOSITO EN CUENTA – CANAL DE PAGO', 'TARJETA – DEPOSITO EN CUENTA  – BILLETERA MOVIL', 'TARJETA – DEPOSITO EN CUENTA – PAGO ONLINE', 'TARJETA – SWIFT - GIFT-CARD', 'TARJETA – SWIFT - CANAL DE PAGO', 'TARJETA – SWIFT - BILLETERA MOVIL', 'TARJETA – SWIFT - PAGO ONLINE', 'TARJETA – GIFT - CANAL DE PAGO', 'TARJETA – GIFT - BILLETERA MOVIL', 'TARJETA – GIFT - PAGO ONLINE', 'TARJETA – CANAL PAGO - BILLETERA MOVIL', 'TARJETA – CANAL PAGO - PAGO ONLINE', 'TARJETA – BILLETERA MOVIL - PAGO ONLINE', 'CHEQUE – VALES - PAGO POSTERIOR', 'CHEQUE – VALES - TRANSFERENCIA BANCARIA', 'CHEQUE – VALES - DEPOSITO EN CUENTA', 'CHEQUE – VALES - TRANSFERENCIA SWIFT', 'CHEQUE – VALES - GIFT-CARD', 'CHEQUE – VALES - CANAL DE PAGO', 'CHEQUE – VALES - BILLETERA MOVIL', 'CHEQUE – VALES - PAGO ONLINE', 'CHEQUE – PAGO POSTERIOR - TRANSFERENCIA BANCARIA', 'CHEQUE – PAGO POSTERIOR - DEPOSITO EN CUENTA', 'CHEQUE – PAGO POSTERIOR - TRANSFERENCIA SWIFT', 'CHEQUE – PAGO POSTERIOR - GIFT-CARD', 'CHEQUE – PAGO POSTERIOR - CANAL DE PAGO', 'CHEQUE – PAGO POSTERIOR - BILLETERA MOVIL', 'CHEQUE – PAGO POSTERIOR - PAGO ONLINE', 'CHEQUE – TRANSFERENCIA BANCARIA – DEPOSITO EN CUENTA', 'CHEQUE – TRANSFERENCIA BANCARIA – TRANSFERENCIA SWIFT', 'CHEQUE – TRANSFERENCIA BANCARIA – GIFT-CARD', 'CHEQUE – TRANSFERENCIA BANCARIA – CANAL DE PAGO', 'CHEQUE – TRANSFERENCIA BANCARIA – BILLETERA MOVIL', 'CHEQUE – TRANSFERENCIA BANCARIA – PAGO ONLINE', 'CHEQUE – DEPOSITO EN CUENTA - TRANSFERENCIA SWIFT', 'CHEQUE – DEPOSITO EN CUENTA - GIFT-CARD', 'CHEQUE – DEPOSITO EN CUENTA - CANAL DE PAGO', 'CHEQUE – DEPOSITO EN CUENTA - BILLETERA MOVIL', 'CHEQUE – DEPOSITO EN CUENTA - PAGO ONLINE', 'CHEQUE – SWIFT - GIFT-CARD', 'CHEQUE – SWIFT - CANAL DE PAGO', 'CHEQUE – SWIFT - BILLETERA MOVIL', 'CHEQUE – SWIFT - PAGO ONLINE', 'CHEQUE – GIFT - CANAL DE PAGO', 'CHEQUE – GIFT - BILLETERA MOVIL', 'CHEQUE – GIFT - PAGO ONLINE', 'CHEQUE – CANAL PAGO - BILLETERA MOVIL', 'CHEQUE – CANAL PAGO - PAGO ONLINE', 'CHEQUE – BILLETERA MOVIL  – PAGO ONLINE', 'VALES – SWIFT - TRANSFERENCIA BANCARIA', 'VALES – SWIFT - DEPOSITO EN CUENTA', 'VALES – SWIFT - TRANSFERENCIA SWIFT', 'VALES – SWIFT - GIFT-CARD', 'VALES – SWIFT - CANAL DE PAGO', 'VALES – SWIFT - BILLETERA MOVIL', 'VALES – SWIFT - PAGO ONLINE', 'VALES – GIFT - DEPOSITO EN CUENTA', 'VALES – GIFT - TRANSFERENCIA SWIFT', 'VALES – GIFT-CARD – TARJETA', 'VALES – GIFT - CANAL DE PAGO', 'VALES – GIFT - BILLETERA MOVIL', 'VALES – GIFT - PAGO ONLINE', 'VALES – CANAL DE PAGO  – TRANSFERENCIA SWIFT', 'VALES – CANAL DE PAGO  – GIFT-CARD', 'VALES – CANAL DE PAGO  – CANAL DE PAGO', 'VALES – CANAL DE PAGO  – BILLETERA MOVIL', 'VALES – CANAL DE PAGO  – PAGO ONLINE', 'VALES – BILLETERA MOVIL – GIFT-CARD', 'VALES – BILLETERA MOVIL – CANAL DE PAGO', 'VALES – BILLETERA MOVIL – BILLETERA MOVIL', 'VALES – BILLETERA MOVIL – PAGO ONLINE', 'VALES – PAGO ONLINE - CANAL DE PAGO', 'VALES – PAGO ONLINE - BILLETERA MOVIL', 'VALES – PAGO ONLINE - PAGO ONLINE', 'PAGO POSTERIOR – TRANSFERENCIA BANCARIA  – DEPOSITO EN CUENTA', 'PAGO POSTERIOR – TRANSFERENCIA BANCARIA  – TRANSFERENCIA SWIFT', 'PAGO POSTERIOR – TRANSFERENCIA BANCARIA  – GIFT-CARD', 'PAGO POSTERIOR – TRANSFERENCIA BANCARIA  – CANAL DE PAGO', 'PAGO POSTERIOR – TRANSFERENCIA BANCARIA  – BILLETERA MOVIL', 'PAGO POSTERIOR – TRANSFERENCIA BANCARIA  – PAGO ONLINE', 'PAGO POSTERIOR – DEPOSITO EN CUENTA  – TRANSFERENCIA SWIFT', 'PAGO POSTERIOR – DEPOSITO EN CUENTA  – GIFT-CARD', 'PAGO POSTERIOR – DEPOSITO EN CUENTA  – CANAL DE PAGO', 'PAGO POSTERIOR – DEPOSITO EN CUENTA  – BILLETERA MOVIL', 'PAGO POSTERIOR – DEPOSITO EN CUENTA  – PAGO ONLINE', 'PAGO POSTERIOR – SWIFT - GIFT-CARD', 'PAGO POSTERIOR – SWIFT - CANAL DE PAGO', 'PAGO POSTERIOR – SWIFT - BILLETERA MOVIL', 'PAGO POSTERIOR – SWIFT - PAGO ONLINE', 'PAGO POSTERIOR – GIFT - CANAL DE PAGO', 'PAGO POSTERIOR – GIFT - BILLETERA MOVIL', 'PAGO POSTERIOR – GIFT - PAGO ONLINE', 'PAGO POSTERIOR – CANAL DE PAGO - BILLETERA MOVIL', 'PAGO POSTERIOR – CANAL DE PAGO - PAGO ONLINE', 'PAGO POSTERIOR – BILLETERA MOVIL - PAGO ONLINE', 'TRANSFERENCIA BANCARIA – DEPOSITO EN CUENTA  – TRANSFERENCIA SWIFT', 'TRANSFERENCIA BANCARIA – DEPOSITO  EN CUENTA – GIFT-CARD', 'TRANSFERENCIA BANCARIA – DEPOSITO  EN CUENTA – CANAL DE PAGO', 'TRANSFERENCIA BANCARIA – DEPOSITO EN CUENTA   – BILLETERA MOVIL', 'TRANSFERENCIA BANCARIA– DEPOSITO  EN CUENTA – PAGO ONLINE', 'TRANSFERENCIA BANCARIA – SWIFT  – GIFT-CARD', 'TRANSFERENCIA BANCARIA – SWIFT  – CANAL DE PAGO', 'TRANSFERENCIA BANCARIA – SWIFT  – BILLETERA MOVIL', 'TRANSFERENCIA BANCARIA – SWIFT  – PAGO ONLINE', 'TRANSFERENCIA BANCARIA – GIFT-CARD  – CANAL DE PAGO', 'TRANSFERENCIA BANCARIA – GIFT-CARD  – BILLETERA MOVIL', 'TRANSFERENCIA BANCARIA – GIFT-CARD  – PAGO ONLINE', 'TRANSFERENCIA BANCARIA – CANAL DE PAGO – BILLETERA MOVIL', 'TRANSFERENCIA BANCARIA – CANAL DE PAGO – PAGO ONLINE', 'TRANSFERENCIA BANCARIA – BILLETERA MOVIL – PAGO ONLINE', 'DEPOSITO EN CUENTA  – SWIFT  – GIFT-CARD', 'DEPOSITO EN CUENTA  – SWIFT  – CANAL DE PAGO', 'DEPOSITO EN CUENTA  – SWIFT  – BILLETERA MOVIL', 'DEPOSITO EN CUENTA  – SWIFT  – PAGO ONLINE', 'DEPOSITO EN CUENTA – GIFT-CARD  – CANAL DE PAGO', 'DEPOSITO EN CUENTA – GIFT-CARD  – BILLETERA MOVIL', 'DEPOSITO EN CUENTA  – GIFT-CARD  – PAGO ONLINE', 'DEPOSITO EN CUENTA –  CANAL DE PAGO  – BILLETERA MOVIL', 'DEPOSITO EN CUENTA – CANAL DE PAGO   – PAGO ONLINE', 'DEPOSITO EN CUENTA – BILLETERA MOVIL  – PAGO ONLINE', 'SWIFT – GIFT - CANAL DE PAGO', 'SWIFT – GIFT - BILLETERA MOVIL', 'SWIFT – GIFT - PAGO ONLINE', 'SWIFT – CANAL DE PAGO  – BILLETERA MOVIL', 'SWIFT – CANAL  DE PAGO – PAGO ONLINE', 'SWIFT – BILLETERA MOVIL  – PAGO ONLINE', 'GIFT-CARD – CANAL DE PAGO  – BILLETERA MOVIL', 'GIFT-CARD – CANAL DE PAGO  – PAGO ONLINE', 'GIFT-CARD – BILLETERA MOVIL - PAGO ONLINE', 'CANAL DE PAGO – BILLETERA MOVIL  – PAGO ONLINE', 'DEBITO AUTOMATICO', 'DEBITO AUTOMATICO – EFECTIVO', 'DEBITO AUTOMATICO -TARJETA', 'DEBITO AUTOMATICO – CHEQUE']
2024-07-19 03:45:49,669 - DEBUG - Índice del método de pago predeterminado: 0
2024-07-19 03:45:49,685 - DEBUG - Método de pago seleccionado: DEBITO AUTOMATICO -  GIFT CARD
2024-07-19 03:45:49,685 - INFO - Código clasificador del método de pago seleccionado: 304 (<class 'int'>)
2024-07-19 03:45:49,700 - DEBUG - Aplicar Descuento: False
2024-07-19 03:45:49,716 - INFO - Verificando si el código clasificador 304 (<class 'int'>) está en la lista de códigos de gift card: [102, 109, 115, 120, 124, 128, 129, 130, 138, 146, 153, 159, 164, 168, 172, 173, 174, 182, 189, 195, 200, 204, 208, 209, 210, 217, 221, 222, 223, 224, 225, 226, 228, 232, 241, 246, 250, 254, 255, 256, 261, 265, 269, 270, 271, 275, 279, 280, 281, 285, 286, 287, 291, 292, 293, 30, 304, 35, 40, 49, 53, 60, 64, 68, 72, 76, 77, 78, 86, 94]
2024-07-19 03:45:49,716 - INFO - Monto de Gift Card ingresado: 10
2024-07-19 03:45:49,731 - DEBUG - Descuento Adicional Final: 0
2024-07-19 03:45:49,731 - DEBUG - Monto Gift Card Final: 10
2024-07-19 03:45:51,013 - DEBUG - Opciones de métodos de pago: ['DEBITO AUTOMATICO -  VALE', 'DEBITO AUTOMATICO -  PAGO POSTERIOR', 'DEBITO AUTOMATICO -  TRANSFERENCIA BANCARIA', 'DEBITO AUTOMATICO -  DEPOSITO EN CUENTA', 'DEBITO AUTOMATICO -  TRANSFERENCIA SWIFT', 'DEBITO AUTOMATICO -  GIFT CARD', 'DEBITO AUTOMATICO -  CANAL DE PAGO', 'DEBITO AUTOMATICO -  BILLETERA MOVIL', 'DEBITO AUTOMATICO -  PAGO ONLINE', 'DEBITO AUTOMATICO – OTRO', 'EFECTIVO-TARJETA', 'EFECTIVO-CHEQUE', 'EFECTIVO-VALES', 'EFECTIVO – TRANSFERENCIA BANCARIA', 'EFECTIVO-DEPOSITO EN CUENTA', 'EFECTIVO – TRANSFERENCIA BANCARIA SWIFT', 'TARJETA-CHEQUE', 'TARJETA-VALES', 'TARJETA-TRANSFERENCIA BANCARIA', 'TARJETA-DEPOSITO EN CUENTA', 'TARJETA-TRANSFERENCIA SWIFT', 'VALES-TRANSFERENCIA BANCARIA', 'VALES – DEPOSITO EN CUENTA', 'VALES-TRANSFERENCIA SWIFT', 'TRANSFERENCIA BANCARIA-DEPOSITO EN CUENTA', 'TRANSFERENCIA BANCARIA-TRANSFERENCIA SWIFT', 'DEPOSITO EN CUENTA – TRANSFERENCIA SWIFT', 'PAGO POSTERIOR', 'TRANSFERENCIA BANCARIA', 'GIFT-CARD', 'DEPOSITO EN CUENTA', 'TRANSFERENCIA SWIFT', 'GIFT-CARD OTROS', 'CANAL DE PAGO', 'BILLETERA MOVIL', 'PAGO ONLINE', 'EFECTIVO – PAGO POSTERIOR', 'EFECTIVO – GIFT CARD', 'EFECTIVO – CANAL PAGO', 'EFECTIVO – BILLETERA MOVIL', 'EFECTIVO – PAGO ONLINE', 'TARJETA – PAGO POSTERIOR', 'TARJETA – GIFT', 'TARJETA – CANAL PAGO', 'TARJETA – BILLETERA MOVIL', 'TARJETA – PAGO ONLINE', 'CHEQUE – VALES', 'CHEQUE – PAGO POSTERIOR', 'CHEQUE – TRANSFERENCIA BANCARIA', 'CHEQUE – DEPOSITO', 'CHEQUE – SWIFT', 'CHEQUE – GIFT', 'CHEQUE – CANAL PAGO', 'CHEQUE – BILLETERA', 'CHEQUE – PAGO ONLINE', 'VALES – GIFT', 'VALES – CANAL DE PAGO', 'VALES – BILLETERA MOVIL', 'VALES – PAGO ONLINE', 'PAGO POSTERIOR – TRANSFERENCIA BANCARIA', 'PAGO POSTERIOR – DEPOSITO EN CUENTA', 'PAGO POSTERIOR – SWIFT', 'PAGO POSTERIOR – GIFT', 'PAGO POSTERIOR – CANAL', 'PAGO POSTERIOR – BILLETERA', 'PAGO POSTERIOR – PAGO ONLINE', 'EFECTIVO', 'TRANSFERENCIA BANCARIA – GIFT-CARD', 'TARJETA', 'TRANSFERENCIA BANCARIA – CANAL DE PAGO', 'CHEQUE', 'TRANSFERENCIA BANCARIA – BILLETERA MOVIL', 'VALES', 'TRANSFERENCIA BANCARIA – PAGO ONLINE', 'OTROS', 'DEPOSITO EN CUENTA – GIFT-CARD', 'DEPOSITO EN CUENTA – CANAL DE PAGO', 'DEPOSITO EN CUENTA – BILLETERA MOVIL', 'DEPOSITO EN CUENTA  – PAGO ONLINE', 'SWIFT – GIFT', 'SWIFT – CANAL DE PAGO', 'SWIFT – BILLETERA MOVIL', 'SWIFT – PAGO ONLINE', 'GIFT-CARD – CANAL DE PAGO', 'GIFT – BILLETERA', 'GIFT – PAGO ONLINE', 'CANAL DE PAGO – BILLETERA MOVIL', 'CANAL DE PAGO – PAGO ONLINE', 'BILLETERA MOVIL – PAGO ONLINE', 'EFECTIVO - TARJETA - PAGO POSTERIOR', 'EFECTIVO - TARJETA - TRANSFERENCIA BANCARIA', 'EFECTIVO - TARJETA - DEPOSITO EN CUENTA', 'EFECTIVO - TARJETA - TRANSFERENCIA SWIFT', 'EFECTIVO - TARJETA - GIFT-CARD', 'EFECTIVO - TARJETA - CANAL DE PAGO', 'EFECTIVO - TARJETA - BILLETERA MOVIL', 'EFECTIVO - TARJETA - PAGO ONLINE', 'EFECTIVO – CHEQUE - PAGO POSTERIOR', 'EFECTIVO – CHEQUE - TRANSFERENCIA BANCARIA', 'EFECTIVO – CHEQUE - DEPOSITO EN CUENTA', 'EFECTIVO – CHEQUE - TRANSFERENCIA SWIFT', 'EFECTIVO – CHEQUE - GIFT-CARD', 'EFECTIVO – CHEQUE - CANAL DE PAGO', 'EFECTIVO – CHEQUE - BILLETERA MOVIL', 'EFECTIVO – CHEQUE - PAGO ONLINE', 'EFECTIVO – VALES - PAGO POSTERIOR', 'EFECTIVO – VALES - TRANSFERENCIA BANCARIA', 'EFECTIVO – VALES - DEPOSITO EN CUENTA', 'EFECTIVO – VALES - TRANSFERENCIA SWIFT', 'EFECTIVO – VALES - GIFT-CARD', 'EFECTIVO – VALES - CANAL DE PAGO', 'EFECTIVO – VALES - BILLETERA MOVIL', 'EFECTIVO – VALES - PAGO ONLINE', 'EFECTIVO – PAGO POSTERIOR - TRANSFERENCIA BANCARIA', 'EFECTIVO – PAGO POSTERIOR - DEPOSITO EN CUENTA', 'EFECTIVO – PAGO POSTERIOR - TRANSFERENCIA SWIFT', 'EFECTIVO – PAGO POSTERIOR - GIFT-CARD', 'EFECTIVO – PAGO POSTERIOR - CANAL DE PAGO', 'EFECTIVO – PAGO POSTERIOR - BILLETERA MOVIL', 'EFECTIVO – PAGO POSTERIOR - PAGO ONLINE', 'EFECTIVO – TRANSFERENCIA BANCARIA  – DEPOSITO EN CUENTA', 'EFECTIVO – TRANSFERENCIA BANCARIA  – TRANSFERENCIA SWIFT', 'EFECTIVO – TRANSFERENCIA BANCARIA  – GIFT-CARD', 'EFECTIVO – TRANSFERENCIA BANCARIA  – CANAL DE PAGO', 'EFECTIVO – TRANSFERENCIA BANCARIA  – BILLETERA MOVIL', 'EFECTIVO – TRANSFERENCIA BANCARIA  – PAGO ONLINE', 'EFECTIVO – DEPOSITO EN CUENTA  – TRANSFERENCIA SWIFT', 'EFECTIVO – DEPOSITO EN CUENTA  – GIFT-CARD', 'EFECTIVO – DEPOSITO EN CUENTA  – CANAL DE PAGO', 'EFECTIVO – DEPOSITO EN CUENTA  – BILLETERA MOVIL', 'EFECTIVO – DEPOSITO EN CUENTA  – PAGO ONLINE', 'EFECTIVO – SWIFT - GIFT-CARD', 'EFECTIVO – SWIFT - CANAL DE PAGO', 'EFECTIVO – SWIFT - BILLETERA MOVIL', 'EFECTIVO – SWIFT - PAGO ONLINE', 'EFECTIVO – GIFT CARD - CANAL DE PAGO', 'EFECTIVO – GIFT CARD - BILLETERA MOVIL', 'EFECTIVO – GIFT CARD - PAGO ONLINE', 'EFECTIVO – CANAL PAGO - BILLETERA MOVIL', 'EFECTIVO – CANAL PAGO - PAGO ONLINE', 'EFECTIVO – BILLETERA MOVIL - PAGO ONLINE', 'TARJETA – CHEQUE - PAGO POSTERIOR', 'TARJETA – CHEQUE - TRANSFERENCIA BANCARIA', 'TARJETA – CHEQUE - DEPOSITO EN CUENTA', 'TARJETA – CHEQUE - TRANSFERENCIA SWIFT', 'TARJETA – CHEQUE - GIFT-CARD', 'TARJETA – CHEQUE - CANAL DE PAGO', 'TARJETA – CHEQUE - BILLETERA MOVIL', 'TARJETA – CHEQUE - PAGO ONLINE', 'TARJETA – VALES - PAGO POSTERIOR', 'TARJETA – VALES - TRANSFERENCIA BANCARIA', 'TARJETA – VALES - DEPOSITO EN CUENTA', 'TARJETA – VALES - TRANSFERENCIA SWIFT', 'TARJETA – VALES - GIFT-CARD', 'TARJETA – VALES - CANAL DE PAGO', 'TARJETA – VALES - BILLETERA MOVIL', 'TARJETA – VALES - PAGO ONLINE', 'TARJETA – PAGO POSTERIOR - TRANSFERENCIA BANCARIA', 'TARJETA – PAGO POSTERIOR - DEPOSITO EN CUENTA', 'TARJETA – PAGO POSTERIOR - TRANSFERENCIA SWIFT', 'TARJETA – PAGO POSTERIOR - GIFT-CARD', 'TARJETA – PAGO POSTERIOR - CANAL DE PAGO', 'TARJETA – PAGO POSTERIOR - BILLETERA MOVIL', 'TARJETA – PAGO POSTERIOR - PAGO ONLINE', 'TARJETA – TRANSFERENCIA BANCARIA – DEPOSITO EN CUENTA', 'TARJETA – TRANSFERENCIA BANCARIA - TRANSFERENCIA SWIFT', 'TARJETA – TRANSFERENCIA BANCARIA – GIFT-CARD', 'TARJETA – TRANSFERENCIA BANCARIA – CANAL DE PAGO', 'TARJETA – TRANSFERENCIA  BANCARIA – BILLETERA MOVIL', 'TARJETA – TRANSFERENCIA BANCARIA – PAGO ONLINE', 'TARJETA – DEPOSITO EN CUENTA – TRANSFERENCIA SWIFT', 'TARJETA – DEPOSITO EN CUENTA – GIFT-CARD', 'TARJETA – DEPOSITO EN CUENTA – CANAL DE PAGO', 'TARJETA – DEPOSITO EN CUENTA  – BILLETERA MOVIL', 'TARJETA – DEPOSITO EN CUENTA – PAGO ONLINE', 'TARJETA – SWIFT - GIFT-CARD', 'TARJETA – SWIFT - CANAL DE PAGO', 'TARJETA – SWIFT - BILLETERA MOVIL', 'TARJETA – SWIFT - PAGO ONLINE', 'TARJETA – GIFT - CANAL DE PAGO', 'TARJETA – GIFT - BILLETERA MOVIL', 'TARJETA – GIFT - PAGO ONLINE', 'TARJETA – CANAL PAGO - BILLETERA MOVIL', 'TARJETA – CANAL PAGO - PAGO ONLINE', 'TARJETA – BILLETERA MOVIL - PAGO ONLINE', 'CHEQUE – VALES - PAGO POSTERIOR', 'CHEQUE – VALES - TRANSFERENCIA BANCARIA', 'CHEQUE – VALES - DEPOSITO EN CUENTA', 'CHEQUE – VALES - TRANSFERENCIA SWIFT', 'CHEQUE – VALES - GIFT-CARD', 'CHEQUE – VALES - CANAL DE PAGO', 'CHEQUE – VALES - BILLETERA MOVIL', 'CHEQUE – VALES - PAGO ONLINE', 'CHEQUE – PAGO POSTERIOR - TRANSFERENCIA BANCARIA', 'CHEQUE – PAGO POSTERIOR - DEPOSITO EN CUENTA', 'CHEQUE – PAGO POSTERIOR - TRANSFERENCIA SWIFT', 'CHEQUE – PAGO POSTERIOR - GIFT-CARD', 'CHEQUE – PAGO POSTERIOR - CANAL DE PAGO', 'CHEQUE – PAGO POSTERIOR - BILLETERA MOVIL', 'CHEQUE – PAGO POSTERIOR - PAGO ONLINE', 'CHEQUE – TRANSFERENCIA BANCARIA – DEPOSITO EN CUENTA', 'CHEQUE – TRANSFERENCIA BANCARIA – TRANSFERENCIA SWIFT', 'CHEQUE – TRANSFERENCIA BANCARIA – GIFT-CARD', 'CHEQUE – TRANSFERENCIA BANCARIA – CANAL DE PAGO', 'CHEQUE – TRANSFERENCIA BANCARIA – BILLETERA MOVIL', 'CHEQUE – TRANSFERENCIA BANCARIA – PAGO ONLINE', 'CHEQUE – DEPOSITO EN CUENTA - TRANSFERENCIA SWIFT', 'CHEQUE – DEPOSITO EN CUENTA - GIFT-CARD', 'CHEQUE – DEPOSITO EN CUENTA - CANAL DE PAGO', 'CHEQUE – DEPOSITO EN CUENTA - BILLETERA MOVIL', 'CHEQUE – DEPOSITO EN CUENTA - PAGO ONLINE', 'CHEQUE – SWIFT - GIFT-CARD', 'CHEQUE – SWIFT - CANAL DE PAGO', 'CHEQUE – SWIFT - BILLETERA MOVIL', 'CHEQUE – SWIFT - PAGO ONLINE', 'CHEQUE – GIFT - CANAL DE PAGO', 'CHEQUE – GIFT - BILLETERA MOVIL', 'CHEQUE – GIFT - PAGO ONLINE', 'CHEQUE – CANAL PAGO - BILLETERA MOVIL', 'CHEQUE – CANAL PAGO - PAGO ONLINE', 'CHEQUE – BILLETERA MOVIL  – PAGO ONLINE', 'VALES – SWIFT - TRANSFERENCIA BANCARIA', 'VALES – SWIFT - DEPOSITO EN CUENTA', 'VALES – SWIFT - TRANSFERENCIA SWIFT', 'VALES – SWIFT - GIFT-CARD', 'VALES – SWIFT - CANAL DE PAGO', 'VALES – SWIFT - BILLETERA MOVIL', 'VALES – SWIFT - PAGO ONLINE', 'VALES – GIFT - DEPOSITO EN CUENTA', 'VALES – GIFT - TRANSFERENCIA SWIFT', 'VALES – GIFT-CARD – TARJETA', 'VALES – GIFT - CANAL DE PAGO', 'VALES – GIFT - BILLETERA MOVIL', 'VALES – GIFT - PAGO ONLINE', 'VALES – CANAL DE PAGO  – TRANSFERENCIA SWIFT', 'VALES – CANAL DE PAGO  – GIFT-CARD', 'VALES – CANAL DE PAGO  – CANAL DE PAGO', 'VALES – CANAL DE PAGO  – BILLETERA MOVIL', 'VALES – CANAL DE PAGO  – PAGO ONLINE', 'VALES – BILLETERA MOVIL – GIFT-CARD', 'VALES – BILLETERA MOVIL – CANAL DE PAGO', 'VALES – BILLETERA MOVIL – BILLETERA MOVIL', 'VALES – BILLETERA MOVIL – PAGO ONLINE', 'VALES – PAGO ONLINE - CANAL DE PAGO', 'VALES – PAGO ONLINE - BILLETERA MOVIL', 'VALES – PAGO ONLINE - PAGO ONLINE', 'PAGO POSTERIOR – TRANSFERENCIA BANCARIA  – DEPOSITO EN CUENTA', 'PAGO POSTERIOR – TRANSFERENCIA BANCARIA  – TRANSFERENCIA SWIFT', 'PAGO POSTERIOR – TRANSFERENCIA BANCARIA  – GIFT-CARD', 'PAGO POSTERIOR – TRANSFERENCIA BANCARIA  – CANAL DE PAGO', 'PAGO POSTERIOR – TRANSFERENCIA BANCARIA  – BILLETERA MOVIL', 'PAGO POSTERIOR – TRANSFERENCIA BANCARIA  – PAGO ONLINE', 'PAGO POSTERIOR – DEPOSITO EN CUENTA  – TRANSFERENCIA SWIFT', 'PAGO POSTERIOR – DEPOSITO EN CUENTA  – GIFT-CARD', 'PAGO POSTERIOR – DEPOSITO EN CUENTA  – CANAL DE PAGO', 'PAGO POSTERIOR – DEPOSITO EN CUENTA  – BILLETERA MOVIL', 'PAGO POSTERIOR – DEPOSITO EN CUENTA  – PAGO ONLINE', 'PAGO POSTERIOR – SWIFT - GIFT-CARD', 'PAGO POSTERIOR – SWIFT - CANAL DE PAGO', 'PAGO POSTERIOR – SWIFT - BILLETERA MOVIL', 'PAGO POSTERIOR – SWIFT - PAGO ONLINE', 'PAGO POSTERIOR – GIFT - CANAL DE PAGO', 'PAGO POSTERIOR – GIFT - BILLETERA MOVIL', 'PAGO POSTERIOR – GIFT - PAGO ONLINE', 'PAGO POSTERIOR – CANAL DE PAGO - BILLETERA MOVIL', 'PAGO POSTERIOR – CANAL DE PAGO - PAGO ONLINE', 'PAGO POSTERIOR – BILLETERA MOVIL - PAGO ONLINE', 'TRANSFERENCIA BANCARIA – DEPOSITO EN CUENTA  – TRANSFERENCIA SWIFT', 'TRANSFERENCIA BANCARIA – DEPOSITO  EN CUENTA – GIFT-CARD', 'TRANSFERENCIA BANCARIA – DEPOSITO  EN CUENTA – CANAL DE PAGO', 'TRANSFERENCIA BANCARIA – DEPOSITO EN CUENTA   – BILLETERA MOVIL', 'TRANSFERENCIA BANCARIA– DEPOSITO  EN CUENTA – PAGO ONLINE', 'TRANSFERENCIA BANCARIA – SWIFT  – GIFT-CARD', 'TRANSFERENCIA BANCARIA – SWIFT  – CANAL DE PAGO', 'TRANSFERENCIA BANCARIA – SWIFT  – BILLETERA MOVIL', 'TRANSFERENCIA BANCARIA – SWIFT  – PAGO ONLINE', 'TRANSFERENCIA BANCARIA – GIFT-CARD  – CANAL DE PAGO', 'TRANSFERENCIA BANCARIA – GIFT-CARD  – BILLETERA MOVIL', 'TRANSFERENCIA BANCARIA – GIFT-CARD  – PAGO ONLINE', 'TRANSFERENCIA BANCARIA – CANAL DE PAGO – BILLETERA MOVIL', 'TRANSFERENCIA BANCARIA – CANAL DE PAGO – PAGO ONLINE', 'TRANSFERENCIA BANCARIA – BILLETERA MOVIL – PAGO ONLINE', 'DEPOSITO EN CUENTA  – SWIFT  – GIFT-CARD', 'DEPOSITO EN CUENTA  – SWIFT  – CANAL DE PAGO', 'DEPOSITO EN CUENTA  – SWIFT  – BILLETERA MOVIL', 'DEPOSITO EN CUENTA  – SWIFT  – PAGO ONLINE', 'DEPOSITO EN CUENTA – GIFT-CARD  – CANAL DE PAGO', 'DEPOSITO EN CUENTA – GIFT-CARD  – BILLETERA MOVIL', 'DEPOSITO EN CUENTA  – GIFT-CARD  – PAGO ONLINE', 'DEPOSITO EN CUENTA –  CANAL DE PAGO  – BILLETERA MOVIL', 'DEPOSITO EN CUENTA – CANAL DE PAGO   – PAGO ONLINE', 'DEPOSITO EN CUENTA – BILLETERA MOVIL  – PAGO ONLINE', 'SWIFT – GIFT - CANAL DE PAGO', 'SWIFT – GIFT - BILLETERA MOVIL', 'SWIFT – GIFT - PAGO ONLINE', 'SWIFT – CANAL DE PAGO  – BILLETERA MOVIL', 'SWIFT – CANAL  DE PAGO – PAGO ONLINE', 'SWIFT – BILLETERA MOVIL  – PAGO ONLINE', 'GIFT-CARD – CANAL DE PAGO  – BILLETERA MOVIL', 'GIFT-CARD – CANAL DE PAGO  – PAGO ONLINE', 'GIFT-CARD – BILLETERA MOVIL - PAGO ONLINE', 'CANAL DE PAGO – BILLETERA MOVIL  – PAGO ONLINE', 'DEBITO AUTOMATICO', 'DEBITO AUTOMATICO – EFECTIVO', 'DEBITO AUTOMATICO -TARJETA', 'DEBITO AUTOMATICO – CHEQUE']
2024-07-19 03:45:51,036 - DEBUG - Índice del método de pago predeterminado: 0
2024-07-19 03:45:51,051 - DEBUG - Método de pago seleccionado: DEBITO AUTOMATICO -  GIFT CARD
2024-07-19 03:45:51,051 - INFO - Código clasificador del método de pago seleccionado: 304 (<class 'int'>)
2024-07-19 03:45:51,067 - DEBUG - Aplicar Descuento: False
2024-07-19 03:45:51,082 - INFO - Verificando si el código clasificador 304 (<class 'int'>) está en la lista de códigos de gift card: [102, 109, 115, 120, 124, 128, 129, 130, 138, 146, 153, 159, 164, 168, 172, 173, 174, 182, 189, 195, 200, 204, 208, 209, 210, 217, 221, 222, 223, 224, 225, 226, 228, 232, 241, 246, 250, 254, 255, 256, 261, 265, 269, 270, 271, 275, 279, 280, 281, 285, 286, 287, 291, 292, 293, 30, 304, 35, 40, 49, 53, 60, 64, 68, 72, 76, 77, 78, 86, 94]
2024-07-19 03:45:51,082 - INFO - Monto de Gift Card ingresado: 10
2024-07-19 03:45:51,098 - DEBUG - Descuento Adicional Final: 0
2024-07-19 03:45:51,098 - DEBUG - Monto Gift Card Final: 10
2024-07-19 03:45:51,120 - INFO - El CUF generado es: 178B43EFDB95AE6C1D80A1A19950FD0CCAC058E0E641B0EDB373D8E74
2024-07-19 03:45:51,120 - INFO - Iniciando la generación del XML de la factura.
2024-07-19 03:45:51,136 - DEBUG - Valores recibidos: nit_emisor=344096024, razon_social_emisor=BOLIVIAN FOODS & DRINKS S.R.L., municipio=LA PAZ, telefono=59112345678, numero_factura=459, cuf=178B43EFDB95AE6C1D80A1A19950FD0CCAC058E0E641B0EDB373D8E74, cufd=BQW9Dfm9pQUE=N0jIwOUI5RDBENjY=QnxdWG9XVEhZVUFM0OEY3NkRBRkU0R, codigo_sucursal=0, direccion=AVENIDA MONTENEGRO NRO. SN EDIF.: ARACELY PISO: PB DEPTO.: BLOQUE E7 ZONA/BARRIO: SAN MIGUEL, codigo_punto_venta=0, fecha_emision=2024-07-19T03:45:51.114, nombre_razon_social=prado, codigo_tipo_documento_identidad=5, numero_documento=344096024, complemento=None, codigo_cliente=344096024, codigo_metodo_pago=304, ultimos_digitos_tarjeta=None, subtotal=20.00, total=20.00, codigo_moneda=1, tipo_cambio=1, monto_total_moneda=20.00, monto_giftcard=10, descuento_adicional=0, leyenda=Ley N° 453: Tienes derecho a recibir información sobre las características y contenidos de los servicios que utilices., usuario=don_bercho, codigo_documento_sector=1, lineas_productos=[{'nombre': 'AGUAS SIN GAS 600 ML', 'precio_venta': '20.00', 'codigo': 286, 'unidad': 'Unid', 'cantidad': 1, 'sub_total': 20.0}]
2024-07-19 03:45:51,136 - DEBUG - Validando y formateando la fecha: 2024-07-19T03:45:51.114
2024-07-19 03:45:51,151 - INFO - Fecha validada y formateada correctamente: 2024-07-19T03:45:51.114
2024-07-19 03:45:51,167 - DEBUG - Procesando la línea de producto: {'nombre': 'AGUAS SIN GAS 600 ML', 'precio_venta': '20.00', 'codigo': 286, 'unidad': 'Unid', 'cantidad': 1, 'sub_total': 20.0}
2024-07-19 03:45:51,167 - INFO - XML inicial guardado en xmls/factura_178B43EFDB95AE6C1D80A1A19950FD0CCAC058E0E641B0EDB373D8E74_antes_de_canonicalizar.xml
2024-07-19 03:45:51,183 - INFO - XML de la factura generado correctamente.
2024-07-19 03:45:51,198 - DEBUG - XML Generado:
<facturaElectronicaCompraVenta xmlns:xsi="http://www.w3.org/2001/XMLSchema-instance" xsi:noNamespaceSchemaLocation="schemas/facturaElectronicaCompraVenta.xsd"><cabecera><nitEmisor>344096024</nitEmisor><razonSocialEmisor>BOLIVIAN FOODS &amp; DRINKS S.R.L.</razonSocialEmisor><municipio>LA PAZ</municipio><telefono>59112345678</telefono><numeroFactura>459</numeroFactura><cuf>178B43EFDB95AE6C1D80A1A19950FD0CCAC058E0E641B0EDB373D8E74</cuf><cufd>BQW9Dfm9pQUE=N0jIwOUI5RDBENjY=QnxdWG9XVEhZVUFM0OEY3NkRBRkU0R</cufd><codigoSucursal>0</codigoSucursal><direccion>AVENIDA MONTENEGRO NRO. SN EDIF.: ARACELY PISO: PB DEPTO.: BLOQUE E7 ZONA/BARRIO: SAN MIGUEL</direccion><codigoPuntoVenta>0</codigoPuntoVenta><fechaEmision>2024-07-19T03:45:51.114</fechaEmision><nombreRazonSocial>PRADO</nombreRazonSocial><codigoTipoDocumentoIdentidad>5</codigoTipoDocumentoIdentidad><numeroDocumento>344096024</numeroDocumento><complemento xsi:nil="true" /><codigoCliente>344096024</codigoCliente><codigoMetodoPago>304</codigoMetodoPago><numeroTarjeta xsi:nil="true" /><montoTotal>20.00</montoTotal><montoTotalSujetoIva>10.00</montoTotalSujetoIva><codigoMoneda>1</codigoMoneda><tipoCambio>1.00</tipoCambio><montoTotalMoneda>20.00</montoTotalMoneda><montoGiftCard>10</montoGiftCard><descuentoAdicional>0</descuentoAdicional><codigoExcepcion xsi:nil="true" /><cafc xsi:nil="true" /><leyenda>Ley N° 453: Tienes derecho a recibir información sobre las características y contenidos de los servicios que utilices.</leyenda><usuario>don_bercho</usuario><codigoDocumentoSector>1</codigoDocumentoSector></cabecera><detalle><actividadEconomica>561110</actividadEconomica><codigoProductoSin>99100</codigoProductoSin><codigoProducto>286</codigoProducto><descripcion>AGUAS SIN GAS 600 ML</descripcion><cantidad>1</cantidad><unidadMedida>1</unidadMedida><precioUnitario>20.00</precioUnitario><montoDescuento xsi:nil="true" /><subTotal>20.0</subTotal><numeroSerie xsi:nil="true" /><numeroImei xsi:nil="true" /></detalle></facturaElectronicaCompraVenta>
2024-07-19 03:45:51,198 - INFO - Iniciando proceso de firma del XML
2024-07-19 03:45:51,214 - INFO - Hash del XML original: b35c301e8c5fc4a2f2b3044d349819b9eeb8b6716a51544cbb18916d55de4f59
2024-07-19 03:45:51,220 - INFO - XML canonicalizado exitosamente.
2024-07-19 03:45:51,220 - INFO - Hash del XML: 9ee4ee0f3566334b9da3ff06183d0155a03811edcbccc7eabd2a776a468b1245
2024-07-19 03:45:51,236 - INFO - Hash del XML en Base64: nuTuDzVmM0udo/8GGD0BVaA4Ee3LzMfqvSp3akaLEkU=
2024-07-19 03:45:51,236 - INFO - Etiquetas de signature añadidas al XML.
2024-07-19 03:45:51,252 - INFO - SignedInfo canonicalizado exitosamente.
2024-07-19 03:45:51,321 - INFO - SignedInfo firmado exitosamente.
2024-07-19 03:45:51,336 - INFO - SignatureValue en Base64: sRWiwUs5k8Q0YEU7nNiU6wbBVM0njjas9V1gGqbzq3fk+80t0zGiq0HawNqN8XyjfgowJKfHtSflUQPLfoCVmZvqKH9onfr+g4iGiZ7eDPOlpUoXK6t8f1SjLXb3L1X2WHWZPsmg6jikzpF/Em8qOSKE/TOfQQCqjaanvLlM9Y6tOnrK6cB2fhupDK03DKWgN0kwTPSpaRHTpyLpO+CfmSQ1PMFALWVcLk+h8Edue3tJ0WT8rkwm3RniYOiOYnMwxk7O8foqBzUvHnN0AK6OGpF9adMMNRwraOybAWxuLq8Rf2zXr0BqMkjhhtUnSbJZzn3s6fz9w7cYGqyhWHyR1A==
2024-07-19 03:45:51,336 - INFO - SignatureValue añadido al XML.
2024-07-19 03:45:51,352 - INFO - X509Certificate añadido al XML.
2024-07-19 03:45:51,352 - INFO - Hash del XML firmado (sin nodo de firma): 9ee4ee0f3566334b9da3ff06183d0155a03811edcbccc7eabd2a776a468b1245
2024-07-19 03:45:51,368 - INFO - El XML no se ha modificado después de la firma.
2024-07-19 03:45:51,368 - DEBUG - Validando XML: xmls/factura_178B43EFDB95AE6C1D80A1A19950FD0CCAC058E0E641B0EDB373D8E74_.xml contra el esquema XSD: xmls/schemas/facturaElectronicaCompraVenta.xsd
2024-07-19 03:45:51,437 - INFO - El XML es válido contra el esquema principal.
2024-07-19 03:45:51,437 - DEBUG - Comprimiendo XML: xmls/factura_178B43EFDB95AE6C1D80A1A19950FD0CCAC058E0E641B0EDB373D8E74_.xml
2024-07-19 03:45:51,452 - INFO - Archivo comprimido: xmls/factura_178B43EFDB95AE6C1D80A1A19950FD0CCAC058E0E641B0EDB373D8E74_.xml.gz
2024-07-19 03:45:51,452 - DEBUG - Obteniendo hash SHA-256 del archivo: xmls/factura_178B43EFDB95AE6C1D80A1A19950FD0CCAC058E0E641B0EDB373D8E74_.xml.gz
2024-07-19 03:45:51,468 - INFO - Hash SHA-256 obtenido: a8b2754d4c45f54603aaa219caee6f16c8630cf1ece3d987d23808a61dec7ff2
2024-07-19 03:45:51,468 - DEBUG - Enviando solicitud SOAP
2024-07-19 03:45:51,484 - DEBUG - Validando XML: xmls/factura_178B43EFDB95AE6C1D80A1A19950FD0CCAC058E0E641B0EDB373D8E74_.xml contra el esquema XSD: xmls/schemas/facturaElectronicaCompraVenta.xsd
2024-07-19 03:45:51,537 - INFO - El XML es válido contra el esquema principal.
2024-07-19 03:45:51,553 - DEBUG - Comprimiendo XML: xmls/factura_178B43EFDB95AE6C1D80A1A19950FD0CCAC058E0E641B0EDB373D8E74_.xml
2024-07-19 03:45:51,553 - INFO - Archivo comprimido: xmls/factura_178B43EFDB95AE6C1D80A1A19950FD0CCAC058E0E641B0EDB373D8E74_.xml.gz
2024-07-19 03:45:51,568 - DEBUG - Obteniendo hash SHA-256 del archivo: xmls/factura_178B43EFDB95AE6C1D80A1A19950FD0CCAC058E0E641B0EDB373D8E74_.xml.gz
2024-07-19 03:45:51,568 - INFO - Hash SHA-256 obtenido: a8b2754d4c45f54603aaa219caee6f16c8630cf1ece3d987d23808a61dec7ff2
2024-07-19 03:45:51,584 - DEBUG - Construyendo cuerpo de la solicitud SOAP
2024-07-19 03:45:51,584 - DEBUG - Starting new HTTPS connection (1): pilotosiatservicios.impuestos.gob.bo:443
2024-07-19 03:45:52,324 - DEBUG - https://pilotosiatservicios.impuestos.gob.bo:443 "POST /v2/ServicioFacturacionCompraVenta HTTP/1.1" 200 455
2024-07-19 03:45:52,334 - INFO - Response status code: 200
2024-07-19 03:45:52,343 - DEBUG - Response content: <soap:Envelope xmlns:soap="http://schemas.xmlsoap.org/soap/envelope/"><soap:Body><ns2:recepcionFacturaResponse xmlns:ns2="https://siat.impuestos.gob.bo/"><RespuestaServicioFacturacion><codigoDescripcion>VALIDADA</codigoDescripcion><codigoEstado>908</codigoEstado><codigoRecepcion>ec61b797-45a2-11ef-9c54-cf6a15265a72</codigoRecepcion><transaccion>true</transaccion></RespuestaServicioFacturacion></ns2:recepcionFacturaResponse></soap:Body></soap:Envelope>
2024-07-19 03:48:27,632 - DEBUG - Opciones de métodos de pago: ['DEBITO AUTOMATICO -  VALE', 'DEBITO AUTOMATICO -  PAGO POSTERIOR', 'DEBITO AUTOMATICO -  TRANSFERENCIA BANCARIA', 'DEBITO AUTOMATICO -  DEPOSITO EN CUENTA', 'DEBITO AUTOMATICO -  TRANSFERENCIA SWIFT', 'DEBITO AUTOMATICO -  GIFT CARD', 'DEBITO AUTOMATICO -  CANAL DE PAGO', 'DEBITO AUTOMATICO -  BILLETERA MOVIL', 'DEBITO AUTOMATICO -  PAGO ONLINE', 'DEBITO AUTOMATICO – OTRO', 'EFECTIVO-TARJETA', 'EFECTIVO-CHEQUE', 'EFECTIVO-VALES', 'EFECTIVO – TRANSFERENCIA BANCARIA', 'EFECTIVO-DEPOSITO EN CUENTA', 'EFECTIVO – TRANSFERENCIA BANCARIA SWIFT', 'TARJETA-CHEQUE', 'TARJETA-VALES', 'TARJETA-TRANSFERENCIA BANCARIA', 'TARJETA-DEPOSITO EN CUENTA', 'TARJETA-TRANSFERENCIA SWIFT', 'VALES-TRANSFERENCIA BANCARIA', 'VALES – DEPOSITO EN CUENTA', 'VALES-TRANSFERENCIA SWIFT', 'TRANSFERENCIA BANCARIA-DEPOSITO EN CUENTA', 'TRANSFERENCIA BANCARIA-TRANSFERENCIA SWIFT', 'DEPOSITO EN CUENTA – TRANSFERENCIA SWIFT', 'PAGO POSTERIOR', 'TRANSFERENCIA BANCARIA', 'GIFT-CARD', 'DEPOSITO EN CUENTA', 'TRANSFERENCIA SWIFT', 'GIFT-CARD OTROS', 'CANAL DE PAGO', 'BILLETERA MOVIL', 'PAGO ONLINE', 'EFECTIVO – PAGO POSTERIOR', 'EFECTIVO – GIFT CARD', 'EFECTIVO – CANAL PAGO', 'EFECTIVO – BILLETERA MOVIL', 'EFECTIVO – PAGO ONLINE', 'TARJETA – PAGO POSTERIOR', 'TARJETA – GIFT', 'TARJETA – CANAL PAGO', 'TARJETA – BILLETERA MOVIL', 'TARJETA – PAGO ONLINE', 'CHEQUE – VALES', 'CHEQUE – PAGO POSTERIOR', 'CHEQUE – TRANSFERENCIA BANCARIA', 'CHEQUE – DEPOSITO', 'CHEQUE – SWIFT', 'CHEQUE – GIFT', 'CHEQUE – CANAL PAGO', 'CHEQUE – BILLETERA', 'CHEQUE – PAGO ONLINE', 'VALES – GIFT', 'VALES – CANAL DE PAGO', 'VALES – BILLETERA MOVIL', 'VALES – PAGO ONLINE', 'PAGO POSTERIOR – TRANSFERENCIA BANCARIA', 'PAGO POSTERIOR – DEPOSITO EN CUENTA', 'PAGO POSTERIOR – SWIFT', 'PAGO POSTERIOR – GIFT', 'PAGO POSTERIOR – CANAL', 'PAGO POSTERIOR – BILLETERA', 'PAGO POSTERIOR – PAGO ONLINE', 'EFECTIVO', 'TRANSFERENCIA BANCARIA – GIFT-CARD', 'TARJETA', 'TRANSFERENCIA BANCARIA – CANAL DE PAGO', 'CHEQUE', 'TRANSFERENCIA BANCARIA – BILLETERA MOVIL', 'VALES', 'TRANSFERENCIA BANCARIA – PAGO ONLINE', 'OTROS', 'DEPOSITO EN CUENTA – GIFT-CARD', 'DEPOSITO EN CUENTA – CANAL DE PAGO', 'DEPOSITO EN CUENTA – BILLETERA MOVIL', 'DEPOSITO EN CUENTA  – PAGO ONLINE', 'SWIFT – GIFT', 'SWIFT – CANAL DE PAGO', 'SWIFT – BILLETERA MOVIL', 'SWIFT – PAGO ONLINE', 'GIFT-CARD – CANAL DE PAGO', 'GIFT – BILLETERA', 'GIFT – PAGO ONLINE', 'CANAL DE PAGO – BILLETERA MOVIL', 'CANAL DE PAGO – PAGO ONLINE', 'BILLETERA MOVIL – PAGO ONLINE', 'EFECTIVO - TARJETA - PAGO POSTERIOR', 'EFECTIVO - TARJETA - TRANSFERENCIA BANCARIA', 'EFECTIVO - TARJETA - DEPOSITO EN CUENTA', 'EFECTIVO - TARJETA - TRANSFERENCIA SWIFT', 'EFECTIVO - TARJETA - GIFT-CARD', 'EFECTIVO - TARJETA - CANAL DE PAGO', 'EFECTIVO - TARJETA - BILLETERA MOVIL', 'EFECTIVO - TARJETA - PAGO ONLINE', 'EFECTIVO – CHEQUE - PAGO POSTERIOR', 'EFECTIVO – CHEQUE - TRANSFERENCIA BANCARIA', 'EFECTIVO – CHEQUE - DEPOSITO EN CUENTA', 'EFECTIVO – CHEQUE - TRANSFERENCIA SWIFT', 'EFECTIVO – CHEQUE - GIFT-CARD', 'EFECTIVO – CHEQUE - CANAL DE PAGO', 'EFECTIVO – CHEQUE - BILLETERA MOVIL', 'EFECTIVO – CHEQUE - PAGO ONLINE', 'EFECTIVO – VALES - PAGO POSTERIOR', 'EFECTIVO – VALES - TRANSFERENCIA BANCARIA', 'EFECTIVO – VALES - DEPOSITO EN CUENTA', 'EFECTIVO – VALES - TRANSFERENCIA SWIFT', 'EFECTIVO – VALES - GIFT-CARD', 'EFECTIVO – VALES - CANAL DE PAGO', 'EFECTIVO – VALES - BILLETERA MOVIL', 'EFECTIVO – VALES - PAGO ONLINE', 'EFECTIVO – PAGO POSTERIOR - TRANSFERENCIA BANCARIA', 'EFECTIVO – PAGO POSTERIOR - DEPOSITO EN CUENTA', 'EFECTIVO – PAGO POSTERIOR - TRANSFERENCIA SWIFT', 'EFECTIVO – PAGO POSTERIOR - GIFT-CARD', 'EFECTIVO – PAGO POSTERIOR - CANAL DE PAGO', 'EFECTIVO – PAGO POSTERIOR - BILLETERA MOVIL', 'EFECTIVO – PAGO POSTERIOR - PAGO ONLINE', 'EFECTIVO – TRANSFERENCIA BANCARIA  – DEPOSITO EN CUENTA', 'EFECTIVO – TRANSFERENCIA BANCARIA  – TRANSFERENCIA SWIFT', 'EFECTIVO – TRANSFERENCIA BANCARIA  – GIFT-CARD', 'EFECTIVO – TRANSFERENCIA BANCARIA  – CANAL DE PAGO', 'EFECTIVO – TRANSFERENCIA BANCARIA  – BILLETERA MOVIL', 'EFECTIVO – TRANSFERENCIA BANCARIA  – PAGO ONLINE', 'EFECTIVO – DEPOSITO EN CUENTA  – TRANSFERENCIA SWIFT', 'EFECTIVO – DEPOSITO EN CUENTA  – GIFT-CARD', 'EFECTIVO – DEPOSITO EN CUENTA  – CANAL DE PAGO', 'EFECTIVO – DEPOSITO EN CUENTA  – BILLETERA MOVIL', 'EFECTIVO – DEPOSITO EN CUENTA  – PAGO ONLINE', 'EFECTIVO – SWIFT - GIFT-CARD', 'EFECTIVO – SWIFT - CANAL DE PAGO', 'EFECTIVO – SWIFT - BILLETERA MOVIL', 'EFECTIVO – SWIFT - PAGO ONLINE', 'EFECTIVO – GIFT CARD - CANAL DE PAGO', 'EFECTIVO – GIFT CARD - BILLETERA MOVIL', 'EFECTIVO – GIFT CARD - PAGO ONLINE', 'EFECTIVO – CANAL PAGO - BILLETERA MOVIL', 'EFECTIVO – CANAL PAGO - PAGO ONLINE', 'EFECTIVO – BILLETERA MOVIL - PAGO ONLINE', 'TARJETA – CHEQUE - PAGO POSTERIOR', 'TARJETA – CHEQUE - TRANSFERENCIA BANCARIA', 'TARJETA – CHEQUE - DEPOSITO EN CUENTA', 'TARJETA – CHEQUE - TRANSFERENCIA SWIFT', 'TARJETA – CHEQUE - GIFT-CARD', 'TARJETA – CHEQUE - CANAL DE PAGO', 'TARJETA – CHEQUE - BILLETERA MOVIL', 'TARJETA – CHEQUE - PAGO ONLINE', 'TARJETA – VALES - PAGO POSTERIOR', 'TARJETA – VALES - TRANSFERENCIA BANCARIA', 'TARJETA – VALES - DEPOSITO EN CUENTA', 'TARJETA – VALES - TRANSFERENCIA SWIFT', 'TARJETA – VALES - GIFT-CARD', 'TARJETA – VALES - CANAL DE PAGO', 'TARJETA – VALES - BILLETERA MOVIL', 'TARJETA – VALES - PAGO ONLINE', 'TARJETA – PAGO POSTERIOR - TRANSFERENCIA BANCARIA', 'TARJETA – PAGO POSTERIOR - DEPOSITO EN CUENTA', 'TARJETA – PAGO POSTERIOR - TRANSFERENCIA SWIFT', 'TARJETA – PAGO POSTERIOR - GIFT-CARD', 'TARJETA – PAGO POSTERIOR - CANAL DE PAGO', 'TARJETA – PAGO POSTERIOR - BILLETERA MOVIL', 'TARJETA – PAGO POSTERIOR - PAGO ONLINE', 'TARJETA – TRANSFERENCIA BANCARIA – DEPOSITO EN CUENTA', 'TARJETA – TRANSFERENCIA BANCARIA - TRANSFERENCIA SWIFT', 'TARJETA – TRANSFERENCIA BANCARIA – GIFT-CARD', 'TARJETA – TRANSFERENCIA BANCARIA – CANAL DE PAGO', 'TARJETA – TRANSFERENCIA  BANCARIA – BILLETERA MOVIL', 'TARJETA – TRANSFERENCIA BANCARIA – PAGO ONLINE', 'TARJETA – DEPOSITO EN CUENTA – TRANSFERENCIA SWIFT', 'TARJETA – DEPOSITO EN CUENTA – GIFT-CARD', 'TARJETA – DEPOSITO EN CUENTA – CANAL DE PAGO', 'TARJETA – DEPOSITO EN CUENTA  – BILLETERA MOVIL', 'TARJETA – DEPOSITO EN CUENTA – PAGO ONLINE', 'TARJETA – SWIFT - GIFT-CARD', 'TARJETA – SWIFT - CANAL DE PAGO', 'TARJETA – SWIFT - BILLETERA MOVIL', 'TARJETA – SWIFT - PAGO ONLINE', 'TARJETA – GIFT - CANAL DE PAGO', 'TARJETA – GIFT - BILLETERA MOVIL', 'TARJETA – GIFT - PAGO ONLINE', 'TARJETA – CANAL PAGO - BILLETERA MOVIL', 'TARJETA – CANAL PAGO - PAGO ONLINE', 'TARJETA – BILLETERA MOVIL - PAGO ONLINE', 'CHEQUE – VALES - PAGO POSTERIOR', 'CHEQUE – VALES - TRANSFERENCIA BANCARIA', 'CHEQUE – VALES - DEPOSITO EN CUENTA', 'CHEQUE – VALES - TRANSFERENCIA SWIFT', 'CHEQUE – VALES - GIFT-CARD', 'CHEQUE – VALES - CANAL DE PAGO', 'CHEQUE – VALES - BILLETERA MOVIL', 'CHEQUE – VALES - PAGO ONLINE', 'CHEQUE – PAGO POSTERIOR - TRANSFERENCIA BANCARIA', 'CHEQUE – PAGO POSTERIOR - DEPOSITO EN CUENTA', 'CHEQUE – PAGO POSTERIOR - TRANSFERENCIA SWIFT', 'CHEQUE – PAGO POSTERIOR - GIFT-CARD', 'CHEQUE – PAGO POSTERIOR - CANAL DE PAGO', 'CHEQUE – PAGO POSTERIOR - BILLETERA MOVIL', 'CHEQUE – PAGO POSTERIOR - PAGO ONLINE', 'CHEQUE – TRANSFERENCIA BANCARIA – DEPOSITO EN CUENTA', 'CHEQUE – TRANSFERENCIA BANCARIA – TRANSFERENCIA SWIFT', 'CHEQUE – TRANSFERENCIA BANCARIA – GIFT-CARD', 'CHEQUE – TRANSFERENCIA BANCARIA – CANAL DE PAGO', 'CHEQUE – TRANSFERENCIA BANCARIA – BILLETERA MOVIL', 'CHEQUE – TRANSFERENCIA BANCARIA – PAGO ONLINE', 'CHEQUE – DEPOSITO EN CUENTA - TRANSFERENCIA SWIFT', 'CHEQUE – DEPOSITO EN CUENTA - GIFT-CARD', 'CHEQUE – DEPOSITO EN CUENTA - CANAL DE PAGO', 'CHEQUE – DEPOSITO EN CUENTA - BILLETERA MOVIL', 'CHEQUE – DEPOSITO EN CUENTA - PAGO ONLINE', 'CHEQUE – SWIFT - GIFT-CARD', 'CHEQUE – SWIFT - CANAL DE PAGO', 'CHEQUE – SWIFT - BILLETERA MOVIL', 'CHEQUE – SWIFT - PAGO ONLINE', 'CHEQUE – GIFT - CANAL DE PAGO', 'CHEQUE – GIFT - BILLETERA MOVIL', 'CHEQUE – GIFT - PAGO ONLINE', 'CHEQUE – CANAL PAGO - BILLETERA MOVIL', 'CHEQUE – CANAL PAGO - PAGO ONLINE', 'CHEQUE – BILLETERA MOVIL  – PAGO ONLINE', 'VALES – SWIFT - TRANSFERENCIA BANCARIA', 'VALES – SWIFT - DEPOSITO EN CUENTA', 'VALES – SWIFT - TRANSFERENCIA SWIFT', 'VALES – SWIFT - GIFT-CARD', 'VALES – SWIFT - CANAL DE PAGO', 'VALES – SWIFT - BILLETERA MOVIL', 'VALES – SWIFT - PAGO ONLINE', 'VALES – GIFT - DEPOSITO EN CUENTA', 'VALES – GIFT - TRANSFERENCIA SWIFT', 'VALES – GIFT-CARD – TARJETA', 'VALES – GIFT - CANAL DE PAGO', 'VALES – GIFT - BILLETERA MOVIL', 'VALES – GIFT - PAGO ONLINE', 'VALES – CANAL DE PAGO  – TRANSFERENCIA SWIFT', 'VALES – CANAL DE PAGO  – GIFT-CARD', 'VALES – CANAL DE PAGO  – CANAL DE PAGO', 'VALES – CANAL DE PAGO  – BILLETERA MOVIL', 'VALES – CANAL DE PAGO  – PAGO ONLINE', 'VALES – BILLETERA MOVIL – GIFT-CARD', 'VALES – BILLETERA MOVIL – CANAL DE PAGO', 'VALES – BILLETERA MOVIL – BILLETERA MOVIL', 'VALES – BILLETERA MOVIL – PAGO ONLINE', 'VALES – PAGO ONLINE - CANAL DE PAGO', 'VALES – PAGO ONLINE - BILLETERA MOVIL', 'VALES – PAGO ONLINE - PAGO ONLINE', 'PAGO POSTERIOR – TRANSFERENCIA BANCARIA  – DEPOSITO EN CUENTA', 'PAGO POSTERIOR – TRANSFERENCIA BANCARIA  – TRANSFERENCIA SWIFT', 'PAGO POSTERIOR – TRANSFERENCIA BANCARIA  – GIFT-CARD', 'PAGO POSTERIOR – TRANSFERENCIA BANCARIA  – CANAL DE PAGO', 'PAGO POSTERIOR – TRANSFERENCIA BANCARIA  – BILLETERA MOVIL', 'PAGO POSTERIOR – TRANSFERENCIA BANCARIA  – PAGO ONLINE', 'PAGO POSTERIOR – DEPOSITO EN CUENTA  – TRANSFERENCIA SWIFT', 'PAGO POSTERIOR – DEPOSITO EN CUENTA  – GIFT-CARD', 'PAGO POSTERIOR – DEPOSITO EN CUENTA  – CANAL DE PAGO', 'PAGO POSTERIOR – DEPOSITO EN CUENTA  – BILLETERA MOVIL', 'PAGO POSTERIOR – DEPOSITO EN CUENTA  – PAGO ONLINE', 'PAGO POSTERIOR – SWIFT - GIFT-CARD', 'PAGO POSTERIOR – SWIFT - CANAL DE PAGO', 'PAGO POSTERIOR – SWIFT - BILLETERA MOVIL', 'PAGO POSTERIOR – SWIFT - PAGO ONLINE', 'PAGO POSTERIOR – GIFT - CANAL DE PAGO', 'PAGO POSTERIOR – GIFT - BILLETERA MOVIL', 'PAGO POSTERIOR – GIFT - PAGO ONLINE', 'PAGO POSTERIOR – CANAL DE PAGO - BILLETERA MOVIL', 'PAGO POSTERIOR – CANAL DE PAGO - PAGO ONLINE', 'PAGO POSTERIOR – BILLETERA MOVIL - PAGO ONLINE', 'TRANSFERENCIA BANCARIA – DEPOSITO EN CUENTA  – TRANSFERENCIA SWIFT', 'TRANSFERENCIA BANCARIA – DEPOSITO  EN CUENTA – GIFT-CARD', 'TRANSFERENCIA BANCARIA – DEPOSITO  EN CUENTA – CANAL DE PAGO', 'TRANSFERENCIA BANCARIA – DEPOSITO EN CUENTA   – BILLETERA MOVIL', 'TRANSFERENCIA BANCARIA– DEPOSITO  EN CUENTA – PAGO ONLINE', 'TRANSFERENCIA BANCARIA – SWIFT  – GIFT-CARD', 'TRANSFERENCIA BANCARIA – SWIFT  – CANAL DE PAGO', 'TRANSFERENCIA BANCARIA – SWIFT  – BILLETERA MOVIL', 'TRANSFERENCIA BANCARIA – SWIFT  – PAGO ONLINE', 'TRANSFERENCIA BANCARIA – GIFT-CARD  – CANAL DE PAGO', 'TRANSFERENCIA BANCARIA – GIFT-CARD  – BILLETERA MOVIL', 'TRANSFERENCIA BANCARIA – GIFT-CARD  – PAGO ONLINE', 'TRANSFERENCIA BANCARIA – CANAL DE PAGO – BILLETERA MOVIL', 'TRANSFERENCIA BANCARIA – CANAL DE PAGO – PAGO ONLINE', 'TRANSFERENCIA BANCARIA – BILLETERA MOVIL – PAGO ONLINE', 'DEPOSITO EN CUENTA  – SWIFT  – GIFT-CARD', 'DEPOSITO EN CUENTA  – SWIFT  – CANAL DE PAGO', 'DEPOSITO EN CUENTA  – SWIFT  – BILLETERA MOVIL', 'DEPOSITO EN CUENTA  – SWIFT  – PAGO ONLINE', 'DEPOSITO EN CUENTA – GIFT-CARD  – CANAL DE PAGO', 'DEPOSITO EN CUENTA – GIFT-CARD  – BILLETERA MOVIL', 'DEPOSITO EN CUENTA  – GIFT-CARD  – PAGO ONLINE', 'DEPOSITO EN CUENTA –  CANAL DE PAGO  – BILLETERA MOVIL', 'DEPOSITO EN CUENTA – CANAL DE PAGO   – PAGO ONLINE', 'DEPOSITO EN CUENTA – BILLETERA MOVIL  – PAGO ONLINE', 'SWIFT – GIFT - CANAL DE PAGO', 'SWIFT – GIFT - BILLETERA MOVIL', 'SWIFT – GIFT - PAGO ONLINE', 'SWIFT – CANAL DE PAGO  – BILLETERA MOVIL', 'SWIFT – CANAL  DE PAGO – PAGO ONLINE', 'SWIFT – BILLETERA MOVIL  – PAGO ONLINE', 'GIFT-CARD – CANAL DE PAGO  – BILLETERA MOVIL', 'GIFT-CARD – CANAL DE PAGO  – PAGO ONLINE', 'GIFT-CARD – BILLETERA MOVIL - PAGO ONLINE', 'CANAL DE PAGO – BILLETERA MOVIL  – PAGO ONLINE', 'DEBITO AUTOMATICO', 'DEBITO AUTOMATICO – EFECTIVO', 'DEBITO AUTOMATICO -TARJETA', 'DEBITO AUTOMATICO – CHEQUE']
2024-07-19 03:48:27,678 - DEBUG - Índice del método de pago predeterminado: 0
2024-07-19 03:48:27,689 - DEBUG - Método de pago seleccionado: EFECTIVO
2024-07-19 03:48:27,699 - INFO - Código clasificador del método de pago seleccionado: 1 (<class 'int'>)
2024-07-19 03:48:27,715 - DEBUG - Aplicar Descuento: False
2024-07-19 03:48:27,724 - INFO - Verificando si el código clasificador 1 (<class 'int'>) está en la lista de códigos de gift card: [102, 109, 115, 120, 124, 128, 129, 130, 138, 146, 153, 159, 164, 168, 172, 173, 174, 182, 189, 195, 200, 204, 208, 209, 210, 217, 221, 222, 223, 224, 225, 226, 228, 232, 241, 246, 250, 254, 255, 256, 261, 265, 269, 270, 271, 275, 279, 280, 281, 285, 286, 287, 291, 292, 293, 30, 304, 35, 40, 49, 53, 60, 64, 68, 72, 76, 77, 78, 86, 94]
2024-07-19 03:48:27,734 - WARNING - El código del método de pago seleccionado (1) no permite aplicar Gift Card.
2024-07-19 03:48:27,746 - DEBUG - Descuento Adicional Final: 0
2024-07-19 03:48:27,755 - DEBUG - Monto Gift Card Final: 0
2024-07-19 03:48:37,526 - DEBUG - HTTP Post to https://pilotosiatservicios.impuestos.gob.bo/v2/FacturacionCodigos:
<?xml version='1.0' encoding='utf-8'?>
<soap-env:Envelope xmlns:soap-env="http://schemas.xmlsoap.org/soap/envelope/"><soap-env:Body><ns0:verificarNit xmlns:ns0="https://siat.impuestos.gob.bo/"><SolicitudVerificarNit><codigoAmbiente>2</codigoAmbiente><codigoModalidad>1</codigoModalidad><codigoSistema>7C48F76DAFE4F209B9D0D66</codigoSistema><codigoSucursal>0</codigoSucursal><cuis>ECD914AC</cuis><nit>344096024</nit><nitParaVerificacion>35565</nitParaVerificacion></SolicitudVerificarNit></ns0:verificarNit></soap-env:Body></soap-env:Envelope>
2024-07-19 03:48:37,560 - DEBUG - Resetting dropped connection: pilotosiatservicios.impuestos.gob.bo
2024-07-19 03:48:38,119 - DEBUG - https://pilotosiatservicios.impuestos.gob.bo:443 "POST /v2/FacturacionCodigos HTTP/1.1" 200 375
2024-07-19 03:48:38,137 - DEBUG - HTTP Response from https://pilotosiatservicios.impuestos.gob.bo/v2/FacturacionCodigos (status: 200):
<soap:Envelope xmlns:soap="http://schemas.xmlsoap.org/soap/envelope/"><soap:Body><ns2:verificarNitResponse xmlns:ns2="https://siat.impuestos.gob.bo/"><RespuestaVerificarNit><mensajesList><codigo>994</codigo><descripcion>NIT INEXISTENTE</descripcion></mensajesList><transaccion>false</transaccion></RespuestaVerificarNit></ns2:verificarNitResponse></soap:Body></soap:Envelope>
2024-07-19 03:48:38,150 - DEBUG - Opciones de métodos de pago: ['DEBITO AUTOMATICO -  VALE', 'DEBITO AUTOMATICO -  PAGO POSTERIOR', 'DEBITO AUTOMATICO -  TRANSFERENCIA BANCARIA', 'DEBITO AUTOMATICO -  DEPOSITO EN CUENTA', 'DEBITO AUTOMATICO -  TRANSFERENCIA SWIFT', 'DEBITO AUTOMATICO -  GIFT CARD', 'DEBITO AUTOMATICO -  CANAL DE PAGO', 'DEBITO AUTOMATICO -  BILLETERA MOVIL', 'DEBITO AUTOMATICO -  PAGO ONLINE', 'DEBITO AUTOMATICO – OTRO', 'EFECTIVO-TARJETA', 'EFECTIVO-CHEQUE', 'EFECTIVO-VALES', 'EFECTIVO – TRANSFERENCIA BANCARIA', 'EFECTIVO-DEPOSITO EN CUENTA', 'EFECTIVO – TRANSFERENCIA BANCARIA SWIFT', 'TARJETA-CHEQUE', 'TARJETA-VALES', 'TARJETA-TRANSFERENCIA BANCARIA', 'TARJETA-DEPOSITO EN CUENTA', 'TARJETA-TRANSFERENCIA SWIFT', 'VALES-TRANSFERENCIA BANCARIA', 'VALES – DEPOSITO EN CUENTA', 'VALES-TRANSFERENCIA SWIFT', 'TRANSFERENCIA BANCARIA-DEPOSITO EN CUENTA', 'TRANSFERENCIA BANCARIA-TRANSFERENCIA SWIFT', 'DEPOSITO EN CUENTA – TRANSFERENCIA SWIFT', 'PAGO POSTERIOR', 'TRANSFERENCIA BANCARIA', 'GIFT-CARD', 'DEPOSITO EN CUENTA', 'TRANSFERENCIA SWIFT', 'GIFT-CARD OTROS', 'CANAL DE PAGO', 'BILLETERA MOVIL', 'PAGO ONLINE', 'EFECTIVO – PAGO POSTERIOR', 'EFECTIVO – GIFT CARD', 'EFECTIVO – CANAL PAGO', 'EFECTIVO – BILLETERA MOVIL', 'EFECTIVO – PAGO ONLINE', 'TARJETA – PAGO POSTERIOR', 'TARJETA – GIFT', 'TARJETA – CANAL PAGO', 'TARJETA – BILLETERA MOVIL', 'TARJETA – PAGO ONLINE', 'CHEQUE – VALES', 'CHEQUE – PAGO POSTERIOR', 'CHEQUE – TRANSFERENCIA BANCARIA', 'CHEQUE – DEPOSITO', 'CHEQUE – SWIFT', 'CHEQUE – GIFT', 'CHEQUE – CANAL PAGO', 'CHEQUE – BILLETERA', 'CHEQUE – PAGO ONLINE', 'VALES – GIFT', 'VALES – CANAL DE PAGO', 'VALES – BILLETERA MOVIL', 'VALES – PAGO ONLINE', 'PAGO POSTERIOR – TRANSFERENCIA BANCARIA', 'PAGO POSTERIOR – DEPOSITO EN CUENTA', 'PAGO POSTERIOR – SWIFT', 'PAGO POSTERIOR – GIFT', 'PAGO POSTERIOR – CANAL', 'PAGO POSTERIOR – BILLETERA', 'PAGO POSTERIOR – PAGO ONLINE', 'EFECTIVO', 'TRANSFERENCIA BANCARIA – GIFT-CARD', 'TARJETA', 'TRANSFERENCIA BANCARIA – CANAL DE PAGO', 'CHEQUE', 'TRANSFERENCIA BANCARIA – BILLETERA MOVIL', 'VALES', 'TRANSFERENCIA BANCARIA – PAGO ONLINE', 'OTROS', 'DEPOSITO EN CUENTA – GIFT-CARD', 'DEPOSITO EN CUENTA – CANAL DE PAGO', 'DEPOSITO EN CUENTA – BILLETERA MOVIL', 'DEPOSITO EN CUENTA  – PAGO ONLINE', 'SWIFT – GIFT', 'SWIFT – CANAL DE PAGO', 'SWIFT – BILLETERA MOVIL', 'SWIFT – PAGO ONLINE', 'GIFT-CARD – CANAL DE PAGO', 'GIFT – BILLETERA', 'GIFT – PAGO ONLINE', 'CANAL DE PAGO – BILLETERA MOVIL', 'CANAL DE PAGO – PAGO ONLINE', 'BILLETERA MOVIL – PAGO ONLINE', 'EFECTIVO - TARJETA - PAGO POSTERIOR', 'EFECTIVO - TARJETA - TRANSFERENCIA BANCARIA', 'EFECTIVO - TARJETA - DEPOSITO EN CUENTA', 'EFECTIVO - TARJETA - TRANSFERENCIA SWIFT', 'EFECTIVO - TARJETA - GIFT-CARD', 'EFECTIVO - TARJETA - CANAL DE PAGO', 'EFECTIVO - TARJETA - BILLETERA MOVIL', 'EFECTIVO - TARJETA - PAGO ONLINE', 'EFECTIVO – CHEQUE - PAGO POSTERIOR', 'EFECTIVO – CHEQUE - TRANSFERENCIA BANCARIA', 'EFECTIVO – CHEQUE - DEPOSITO EN CUENTA', 'EFECTIVO – CHEQUE - TRANSFERENCIA SWIFT', 'EFECTIVO – CHEQUE - GIFT-CARD', 'EFECTIVO – CHEQUE - CANAL DE PAGO', 'EFECTIVO – CHEQUE - BILLETERA MOVIL', 'EFECTIVO – CHEQUE - PAGO ONLINE', 'EFECTIVO – VALES - PAGO POSTERIOR', 'EFECTIVO – VALES - TRANSFERENCIA BANCARIA', 'EFECTIVO – VALES - DEPOSITO EN CUENTA', 'EFECTIVO – VALES - TRANSFERENCIA SWIFT', 'EFECTIVO – VALES - GIFT-CARD', 'EFECTIVO – VALES - CANAL DE PAGO', 'EFECTIVO – VALES - BILLETERA MOVIL', 'EFECTIVO – VALES - PAGO ONLINE', 'EFECTIVO – PAGO POSTERIOR - TRANSFERENCIA BANCARIA', 'EFECTIVO – PAGO POSTERIOR - DEPOSITO EN CUENTA', 'EFECTIVO – PAGO POSTERIOR - TRANSFERENCIA SWIFT', 'EFECTIVO – PAGO POSTERIOR - GIFT-CARD', 'EFECTIVO – PAGO POSTERIOR - CANAL DE PAGO', 'EFECTIVO – PAGO POSTERIOR - BILLETERA MOVIL', 'EFECTIVO – PAGO POSTERIOR - PAGO ONLINE', 'EFECTIVO – TRANSFERENCIA BANCARIA  – DEPOSITO EN CUENTA', 'EFECTIVO – TRANSFERENCIA BANCARIA  – TRANSFERENCIA SWIFT', 'EFECTIVO – TRANSFERENCIA BANCARIA  – GIFT-CARD', 'EFECTIVO – TRANSFERENCIA BANCARIA  – CANAL DE PAGO', 'EFECTIVO – TRANSFERENCIA BANCARIA  – BILLETERA MOVIL', 'EFECTIVO – TRANSFERENCIA BANCARIA  – PAGO ONLINE', 'EFECTIVO – DEPOSITO EN CUENTA  – TRANSFERENCIA SWIFT', 'EFECTIVO – DEPOSITO EN CUENTA  – GIFT-CARD', 'EFECTIVO – DEPOSITO EN CUENTA  – CANAL DE PAGO', 'EFECTIVO – DEPOSITO EN CUENTA  – BILLETERA MOVIL', 'EFECTIVO – DEPOSITO EN CUENTA  – PAGO ONLINE', 'EFECTIVO – SWIFT - GIFT-CARD', 'EFECTIVO – SWIFT - CANAL DE PAGO', 'EFECTIVO – SWIFT - BILLETERA MOVIL', 'EFECTIVO – SWIFT - PAGO ONLINE', 'EFECTIVO – GIFT CARD - CANAL DE PAGO', 'EFECTIVO – GIFT CARD - BILLETERA MOVIL', 'EFECTIVO – GIFT CARD - PAGO ONLINE', 'EFECTIVO – CANAL PAGO - BILLETERA MOVIL', 'EFECTIVO – CANAL PAGO - PAGO ONLINE', 'EFECTIVO – BILLETERA MOVIL - PAGO ONLINE', 'TARJETA – CHEQUE - PAGO POSTERIOR', 'TARJETA – CHEQUE - TRANSFERENCIA BANCARIA', 'TARJETA – CHEQUE - DEPOSITO EN CUENTA', 'TARJETA – CHEQUE - TRANSFERENCIA SWIFT', 'TARJETA – CHEQUE - GIFT-CARD', 'TARJETA – CHEQUE - CANAL DE PAGO', 'TARJETA – CHEQUE - BILLETERA MOVIL', 'TARJETA – CHEQUE - PAGO ONLINE', 'TARJETA – VALES - PAGO POSTERIOR', 'TARJETA – VALES - TRANSFERENCIA BANCARIA', 'TARJETA – VALES - DEPOSITO EN CUENTA', 'TARJETA – VALES - TRANSFERENCIA SWIFT', 'TARJETA – VALES - GIFT-CARD', 'TARJETA – VALES - CANAL DE PAGO', 'TARJETA – VALES - BILLETERA MOVIL', 'TARJETA – VALES - PAGO ONLINE', 'TARJETA – PAGO POSTERIOR - TRANSFERENCIA BANCARIA', 'TARJETA – PAGO POSTERIOR - DEPOSITO EN CUENTA', 'TARJETA – PAGO POSTERIOR - TRANSFERENCIA SWIFT', 'TARJETA – PAGO POSTERIOR - GIFT-CARD', 'TARJETA – PAGO POSTERIOR - CANAL DE PAGO', 'TARJETA – PAGO POSTERIOR - BILLETERA MOVIL', 'TARJETA – PAGO POSTERIOR - PAGO ONLINE', 'TARJETA – TRANSFERENCIA BANCARIA – DEPOSITO EN CUENTA', 'TARJETA – TRANSFERENCIA BANCARIA - TRANSFERENCIA SWIFT', 'TARJETA – TRANSFERENCIA BANCARIA – GIFT-CARD', 'TARJETA – TRANSFERENCIA BANCARIA – CANAL DE PAGO', 'TARJETA – TRANSFERENCIA  BANCARIA – BILLETERA MOVIL', 'TARJETA – TRANSFERENCIA BANCARIA – PAGO ONLINE', 'TARJETA – DEPOSITO EN CUENTA – TRANSFERENCIA SWIFT', 'TARJETA – DEPOSITO EN CUENTA – GIFT-CARD', 'TARJETA – DEPOSITO EN CUENTA – CANAL DE PAGO', 'TARJETA – DEPOSITO EN CUENTA  – BILLETERA MOVIL', 'TARJETA – DEPOSITO EN CUENTA – PAGO ONLINE', 'TARJETA – SWIFT - GIFT-CARD', 'TARJETA – SWIFT - CANAL DE PAGO', 'TARJETA – SWIFT - BILLETERA MOVIL', 'TARJETA – SWIFT - PAGO ONLINE', 'TARJETA – GIFT - CANAL DE PAGO', 'TARJETA – GIFT - BILLETERA MOVIL', 'TARJETA – GIFT - PAGO ONLINE', 'TARJETA – CANAL PAGO - BILLETERA MOVIL', 'TARJETA – CANAL PAGO - PAGO ONLINE', 'TARJETA – BILLETERA MOVIL - PAGO ONLINE', 'CHEQUE – VALES - PAGO POSTERIOR', 'CHEQUE – VALES - TRANSFERENCIA BANCARIA', 'CHEQUE – VALES - DEPOSITO EN CUENTA', 'CHEQUE – VALES - TRANSFERENCIA SWIFT', 'CHEQUE – VALES - GIFT-CARD', 'CHEQUE – VALES - CANAL DE PAGO', 'CHEQUE – VALES - BILLETERA MOVIL', 'CHEQUE – VALES - PAGO ONLINE', 'CHEQUE – PAGO POSTERIOR - TRANSFERENCIA BANCARIA', 'CHEQUE – PAGO POSTERIOR - DEPOSITO EN CUENTA', 'CHEQUE – PAGO POSTERIOR - TRANSFERENCIA SWIFT', 'CHEQUE – PAGO POSTERIOR - GIFT-CARD', 'CHEQUE – PAGO POSTERIOR - CANAL DE PAGO', 'CHEQUE – PAGO POSTERIOR - BILLETERA MOVIL', 'CHEQUE – PAGO POSTERIOR - PAGO ONLINE', 'CHEQUE – TRANSFERENCIA BANCARIA – DEPOSITO EN CUENTA', 'CHEQUE – TRANSFERENCIA BANCARIA – TRANSFERENCIA SWIFT', 'CHEQUE – TRANSFERENCIA BANCARIA – GIFT-CARD', 'CHEQUE – TRANSFERENCIA BANCARIA – CANAL DE PAGO', 'CHEQUE – TRANSFERENCIA BANCARIA – BILLETERA MOVIL', 'CHEQUE – TRANSFERENCIA BANCARIA – PAGO ONLINE', 'CHEQUE – DEPOSITO EN CUENTA - TRANSFERENCIA SWIFT', 'CHEQUE – DEPOSITO EN CUENTA - GIFT-CARD', 'CHEQUE – DEPOSITO EN CUENTA - CANAL DE PAGO', 'CHEQUE – DEPOSITO EN CUENTA - BILLETERA MOVIL', 'CHEQUE – DEPOSITO EN CUENTA - PAGO ONLINE', 'CHEQUE – SWIFT - GIFT-CARD', 'CHEQUE – SWIFT - CANAL DE PAGO', 'CHEQUE – SWIFT - BILLETERA MOVIL', 'CHEQUE – SWIFT - PAGO ONLINE', 'CHEQUE – GIFT - CANAL DE PAGO', 'CHEQUE – GIFT - BILLETERA MOVIL', 'CHEQUE – GIFT - PAGO ONLINE', 'CHEQUE – CANAL PAGO - BILLETERA MOVIL', 'CHEQUE – CANAL PAGO - PAGO ONLINE', 'CHEQUE – BILLETERA MOVIL  – PAGO ONLINE', 'VALES – SWIFT - TRANSFERENCIA BANCARIA', 'VALES – SWIFT - DEPOSITO EN CUENTA', 'VALES – SWIFT - TRANSFERENCIA SWIFT', 'VALES – SWIFT - GIFT-CARD', 'VALES – SWIFT - CANAL DE PAGO', 'VALES – SWIFT - BILLETERA MOVIL', 'VALES – SWIFT - PAGO ONLINE', 'VALES – GIFT - DEPOSITO EN CUENTA', 'VALES – GIFT - TRANSFERENCIA SWIFT', 'VALES – GIFT-CARD – TARJETA', 'VALES – GIFT - CANAL DE PAGO', 'VALES – GIFT - BILLETERA MOVIL', 'VALES – GIFT - PAGO ONLINE', 'VALES – CANAL DE PAGO  – TRANSFERENCIA SWIFT', 'VALES – CANAL DE PAGO  – GIFT-CARD', 'VALES – CANAL DE PAGO  – CANAL DE PAGO', 'VALES – CANAL DE PAGO  – BILLETERA MOVIL', 'VALES – CANAL DE PAGO  – PAGO ONLINE', 'VALES – BILLETERA MOVIL – GIFT-CARD', 'VALES – BILLETERA MOVIL – CANAL DE PAGO', 'VALES – BILLETERA MOVIL – BILLETERA MOVIL', 'VALES – BILLETERA MOVIL – PAGO ONLINE', 'VALES – PAGO ONLINE - CANAL DE PAGO', 'VALES – PAGO ONLINE - BILLETERA MOVIL', 'VALES – PAGO ONLINE - PAGO ONLINE', 'PAGO POSTERIOR – TRANSFERENCIA BANCARIA  – DEPOSITO EN CUENTA', 'PAGO POSTERIOR – TRANSFERENCIA BANCARIA  – TRANSFERENCIA SWIFT', 'PAGO POSTERIOR – TRANSFERENCIA BANCARIA  – GIFT-CARD', 'PAGO POSTERIOR – TRANSFERENCIA BANCARIA  – CANAL DE PAGO', 'PAGO POSTERIOR – TRANSFERENCIA BANCARIA  – BILLETERA MOVIL', 'PAGO POSTERIOR – TRANSFERENCIA BANCARIA  – PAGO ONLINE', 'PAGO POSTERIOR – DEPOSITO EN CUENTA  – TRANSFERENCIA SWIFT', 'PAGO POSTERIOR – DEPOSITO EN CUENTA  – GIFT-CARD', 'PAGO POSTERIOR – DEPOSITO EN CUENTA  – CANAL DE PAGO', 'PAGO POSTERIOR – DEPOSITO EN CUENTA  – BILLETERA MOVIL', 'PAGO POSTERIOR – DEPOSITO EN CUENTA  – PAGO ONLINE', 'PAGO POSTERIOR – SWIFT - GIFT-CARD', 'PAGO POSTERIOR – SWIFT - CANAL DE PAGO', 'PAGO POSTERIOR – SWIFT - BILLETERA MOVIL', 'PAGO POSTERIOR – SWIFT - PAGO ONLINE', 'PAGO POSTERIOR – GIFT - CANAL DE PAGO', 'PAGO POSTERIOR – GIFT - BILLETERA MOVIL', 'PAGO POSTERIOR – GIFT - PAGO ONLINE', 'PAGO POSTERIOR – CANAL DE PAGO - BILLETERA MOVIL', 'PAGO POSTERIOR – CANAL DE PAGO - PAGO ONLINE', 'PAGO POSTERIOR – BILLETERA MOVIL - PAGO ONLINE', 'TRANSFERENCIA BANCARIA – DEPOSITO EN CUENTA  – TRANSFERENCIA SWIFT', 'TRANSFERENCIA BANCARIA – DEPOSITO  EN CUENTA – GIFT-CARD', 'TRANSFERENCIA BANCARIA – DEPOSITO  EN CUENTA – CANAL DE PAGO', 'TRANSFERENCIA BANCARIA – DEPOSITO EN CUENTA   – BILLETERA MOVIL', 'TRANSFERENCIA BANCARIA– DEPOSITO  EN CUENTA – PAGO ONLINE', 'TRANSFERENCIA BANCARIA – SWIFT  – GIFT-CARD', 'TRANSFERENCIA BANCARIA – SWIFT  – CANAL DE PAGO', 'TRANSFERENCIA BANCARIA – SWIFT  – BILLETERA MOVIL', 'TRANSFERENCIA BANCARIA – SWIFT  – PAGO ONLINE', 'TRANSFERENCIA BANCARIA – GIFT-CARD  – CANAL DE PAGO', 'TRANSFERENCIA BANCARIA – GIFT-CARD  – BILLETERA MOVIL', 'TRANSFERENCIA BANCARIA – GIFT-CARD  – PAGO ONLINE', 'TRANSFERENCIA BANCARIA – CANAL DE PAGO – BILLETERA MOVIL', 'TRANSFERENCIA BANCARIA – CANAL DE PAGO – PAGO ONLINE', 'TRANSFERENCIA BANCARIA – BILLETERA MOVIL – PAGO ONLINE', 'DEPOSITO EN CUENTA  – SWIFT  – GIFT-CARD', 'DEPOSITO EN CUENTA  – SWIFT  – CANAL DE PAGO', 'DEPOSITO EN CUENTA  – SWIFT  – BILLETERA MOVIL', 'DEPOSITO EN CUENTA  – SWIFT  – PAGO ONLINE', 'DEPOSITO EN CUENTA – GIFT-CARD  – CANAL DE PAGO', 'DEPOSITO EN CUENTA – GIFT-CARD  – BILLETERA MOVIL', 'DEPOSITO EN CUENTA  – GIFT-CARD  – PAGO ONLINE', 'DEPOSITO EN CUENTA –  CANAL DE PAGO  – BILLETERA MOVIL', 'DEPOSITO EN CUENTA – CANAL DE PAGO   – PAGO ONLINE', 'DEPOSITO EN CUENTA – BILLETERA MOVIL  – PAGO ONLINE', 'SWIFT – GIFT - CANAL DE PAGO', 'SWIFT – GIFT - BILLETERA MOVIL', 'SWIFT – GIFT - PAGO ONLINE', 'SWIFT – CANAL DE PAGO  – BILLETERA MOVIL', 'SWIFT – CANAL  DE PAGO – PAGO ONLINE', 'SWIFT – BILLETERA MOVIL  – PAGO ONLINE', 'GIFT-CARD – CANAL DE PAGO  – BILLETERA MOVIL', 'GIFT-CARD – CANAL DE PAGO  – PAGO ONLINE', 'GIFT-CARD – BILLETERA MOVIL - PAGO ONLINE', 'CANAL DE PAGO – BILLETERA MOVIL  – PAGO ONLINE', 'DEBITO AUTOMATICO', 'DEBITO AUTOMATICO – EFECTIVO', 'DEBITO AUTOMATICO -TARJETA', 'DEBITO AUTOMATICO – CHEQUE']
2024-07-19 03:48:38,179 - DEBUG - Índice del método de pago predeterminado: 0
2024-07-19 03:48:38,191 - DEBUG - Método de pago seleccionado: EFECTIVO
2024-07-19 03:48:38,200 - INFO - Código clasificador del método de pago seleccionado: 1 (<class 'int'>)
2024-07-19 03:48:38,211 - DEBUG - Aplicar Descuento: False
2024-07-19 03:48:38,218 - INFO - Verificando si el código clasificador 1 (<class 'int'>) está en la lista de códigos de gift card: [102, 109, 115, 120, 124, 128, 129, 130, 138, 146, 153, 159, 164, 168, 172, 173, 174, 182, 189, 195, 200, 204, 208, 209, 210, 217, 221, 222, 223, 224, 225, 226, 228, 232, 241, 246, 250, 254, 255, 256, 261, 265, 269, 270, 271, 275, 279, 280, 281, 285, 286, 287, 291, 292, 293, 30, 304, 35, 40, 49, 53, 60, 64, 68, 72, 76, 77, 78, 86, 94]
2024-07-19 03:48:38,228 - WARNING - El código del método de pago seleccionado (1) no permite aplicar Gift Card.
2024-07-19 03:48:38,236 - DEBUG - Descuento Adicional Final: 0
2024-07-19 03:48:38,246 - DEBUG - Monto Gift Card Final: 0
2024-07-19 03:48:47,118 - DEBUG - HTTP Post to https://pilotosiatservicios.impuestos.gob.bo/v2/FacturacionCodigos:
<?xml version='1.0' encoding='utf-8'?>
<soap-env:Envelope xmlns:soap-env="http://schemas.xmlsoap.org/soap/envelope/"><soap-env:Body><ns0:verificarNit xmlns:ns0="https://siat.impuestos.gob.bo/"><SolicitudVerificarNit><codigoAmbiente>2</codigoAmbiente><codigoModalidad>1</codigoModalidad><codigoSistema>7C48F76DAFE4F209B9D0D66</codigoSistema><codigoSucursal>0</codigoSucursal><cuis>ECD914AC</cuis><nit>344096024</nit><nitParaVerificacion>35565</nitParaVerificacion></SolicitudVerificarNit></ns0:verificarNit></soap-env:Body></soap-env:Envelope>
2024-07-19 03:48:47,219 - DEBUG - https://pilotosiatservicios.impuestos.gob.bo:443 "POST /v2/FacturacionCodigos HTTP/1.1" 200 375
2024-07-19 03:48:47,231 - DEBUG - HTTP Response from https://pilotosiatservicios.impuestos.gob.bo/v2/FacturacionCodigos (status: 200):
<soap:Envelope xmlns:soap="http://schemas.xmlsoap.org/soap/envelope/"><soap:Body><ns2:verificarNitResponse xmlns:ns2="https://siat.impuestos.gob.bo/"><RespuestaVerificarNit><mensajesList><codigo>994</codigo><descripcion>NIT INEXISTENTE</descripcion></mensajesList><transaccion>false</transaccion></RespuestaVerificarNit></ns2:verificarNitResponse></soap:Body></soap:Envelope>
2024-07-19 03:48:47,247 - DEBUG - Opciones de métodos de pago: ['DEBITO AUTOMATICO -  VALE', 'DEBITO AUTOMATICO -  PAGO POSTERIOR', 'DEBITO AUTOMATICO -  TRANSFERENCIA BANCARIA', 'DEBITO AUTOMATICO -  DEPOSITO EN CUENTA', 'DEBITO AUTOMATICO -  TRANSFERENCIA SWIFT', 'DEBITO AUTOMATICO -  GIFT CARD', 'DEBITO AUTOMATICO -  CANAL DE PAGO', 'DEBITO AUTOMATICO -  BILLETERA MOVIL', 'DEBITO AUTOMATICO -  PAGO ONLINE', 'DEBITO AUTOMATICO – OTRO', 'EFECTIVO-TARJETA', 'EFECTIVO-CHEQUE', 'EFECTIVO-VALES', 'EFECTIVO – TRANSFERENCIA BANCARIA', 'EFECTIVO-DEPOSITO EN CUENTA', 'EFECTIVO – TRANSFERENCIA BANCARIA SWIFT', 'TARJETA-CHEQUE', 'TARJETA-VALES', 'TARJETA-TRANSFERENCIA BANCARIA', 'TARJETA-DEPOSITO EN CUENTA', 'TARJETA-TRANSFERENCIA SWIFT', 'VALES-TRANSFERENCIA BANCARIA', 'VALES – DEPOSITO EN CUENTA', 'VALES-TRANSFERENCIA SWIFT', 'TRANSFERENCIA BANCARIA-DEPOSITO EN CUENTA', 'TRANSFERENCIA BANCARIA-TRANSFERENCIA SWIFT', 'DEPOSITO EN CUENTA – TRANSFERENCIA SWIFT', 'PAGO POSTERIOR', 'TRANSFERENCIA BANCARIA', 'GIFT-CARD', 'DEPOSITO EN CUENTA', 'TRANSFERENCIA SWIFT', 'GIFT-CARD OTROS', 'CANAL DE PAGO', 'BILLETERA MOVIL', 'PAGO ONLINE', 'EFECTIVO – PAGO POSTERIOR', 'EFECTIVO – GIFT CARD', 'EFECTIVO – CANAL PAGO', 'EFECTIVO – BILLETERA MOVIL', 'EFECTIVO – PAGO ONLINE', 'TARJETA – PAGO POSTERIOR', 'TARJETA – GIFT', 'TARJETA – CANAL PAGO', 'TARJETA – BILLETERA MOVIL', 'TARJETA – PAGO ONLINE', 'CHEQUE – VALES', 'CHEQUE – PAGO POSTERIOR', 'CHEQUE – TRANSFERENCIA BANCARIA', 'CHEQUE – DEPOSITO', 'CHEQUE – SWIFT', 'CHEQUE – GIFT', 'CHEQUE – CANAL PAGO', 'CHEQUE – BILLETERA', 'CHEQUE – PAGO ONLINE', 'VALES – GIFT', 'VALES – CANAL DE PAGO', 'VALES – BILLETERA MOVIL', 'VALES – PAGO ONLINE', 'PAGO POSTERIOR – TRANSFERENCIA BANCARIA', 'PAGO POSTERIOR – DEPOSITO EN CUENTA', 'PAGO POSTERIOR – SWIFT', 'PAGO POSTERIOR – GIFT', 'PAGO POSTERIOR – CANAL', 'PAGO POSTERIOR – BILLETERA', 'PAGO POSTERIOR – PAGO ONLINE', 'EFECTIVO', 'TRANSFERENCIA BANCARIA – GIFT-CARD', 'TARJETA', 'TRANSFERENCIA BANCARIA – CANAL DE PAGO', 'CHEQUE', 'TRANSFERENCIA BANCARIA – BILLETERA MOVIL', 'VALES', 'TRANSFERENCIA BANCARIA – PAGO ONLINE', 'OTROS', 'DEPOSITO EN CUENTA – GIFT-CARD', 'DEPOSITO EN CUENTA – CANAL DE PAGO', 'DEPOSITO EN CUENTA – BILLETERA MOVIL', 'DEPOSITO EN CUENTA  – PAGO ONLINE', 'SWIFT – GIFT', 'SWIFT – CANAL DE PAGO', 'SWIFT – BILLETERA MOVIL', 'SWIFT – PAGO ONLINE', 'GIFT-CARD – CANAL DE PAGO', 'GIFT – BILLETERA', 'GIFT – PAGO ONLINE', 'CANAL DE PAGO – BILLETERA MOVIL', 'CANAL DE PAGO – PAGO ONLINE', 'BILLETERA MOVIL – PAGO ONLINE', 'EFECTIVO - TARJETA - PAGO POSTERIOR', 'EFECTIVO - TARJETA - TRANSFERENCIA BANCARIA', 'EFECTIVO - TARJETA - DEPOSITO EN CUENTA', 'EFECTIVO - TARJETA - TRANSFERENCIA SWIFT', 'EFECTIVO - TARJETA - GIFT-CARD', 'EFECTIVO - TARJETA - CANAL DE PAGO', 'EFECTIVO - TARJETA - BILLETERA MOVIL', 'EFECTIVO - TARJETA - PAGO ONLINE', 'EFECTIVO – CHEQUE - PAGO POSTERIOR', 'EFECTIVO – CHEQUE - TRANSFERENCIA BANCARIA', 'EFECTIVO – CHEQUE - DEPOSITO EN CUENTA', 'EFECTIVO – CHEQUE - TRANSFERENCIA SWIFT', 'EFECTIVO – CHEQUE - GIFT-CARD', 'EFECTIVO – CHEQUE - CANAL DE PAGO', 'EFECTIVO – CHEQUE - BILLETERA MOVIL', 'EFECTIVO – CHEQUE - PAGO ONLINE', 'EFECTIVO – VALES - PAGO POSTERIOR', 'EFECTIVO – VALES - TRANSFERENCIA BANCARIA', 'EFECTIVO – VALES - DEPOSITO EN CUENTA', 'EFECTIVO – VALES - TRANSFERENCIA SWIFT', 'EFECTIVO – VALES - GIFT-CARD', 'EFECTIVO – VALES - CANAL DE PAGO', 'EFECTIVO – VALES - BILLETERA MOVIL', 'EFECTIVO – VALES - PAGO ONLINE', 'EFECTIVO – PAGO POSTERIOR - TRANSFERENCIA BANCARIA', 'EFECTIVO – PAGO POSTERIOR - DEPOSITO EN CUENTA', 'EFECTIVO – PAGO POSTERIOR - TRANSFERENCIA SWIFT', 'EFECTIVO – PAGO POSTERIOR - GIFT-CARD', 'EFECTIVO – PAGO POSTERIOR - CANAL DE PAGO', 'EFECTIVO – PAGO POSTERIOR - BILLETERA MOVIL', 'EFECTIVO – PAGO POSTERIOR - PAGO ONLINE', 'EFECTIVO – TRANSFERENCIA BANCARIA  – DEPOSITO EN CUENTA', 'EFECTIVO – TRANSFERENCIA BANCARIA  – TRANSFERENCIA SWIFT', 'EFECTIVO – TRANSFERENCIA BANCARIA  – GIFT-CARD', 'EFECTIVO – TRANSFERENCIA BANCARIA  – CANAL DE PAGO', 'EFECTIVO – TRANSFERENCIA BANCARIA  – BILLETERA MOVIL', 'EFECTIVO – TRANSFERENCIA BANCARIA  – PAGO ONLINE', 'EFECTIVO – DEPOSITO EN CUENTA  – TRANSFERENCIA SWIFT', 'EFECTIVO – DEPOSITO EN CUENTA  – GIFT-CARD', 'EFECTIVO – DEPOSITO EN CUENTA  – CANAL DE PAGO', 'EFECTIVO – DEPOSITO EN CUENTA  – BILLETERA MOVIL', 'EFECTIVO – DEPOSITO EN CUENTA  – PAGO ONLINE', 'EFECTIVO – SWIFT - GIFT-CARD', 'EFECTIVO – SWIFT - CANAL DE PAGO', 'EFECTIVO – SWIFT - BILLETERA MOVIL', 'EFECTIVO – SWIFT - PAGO ONLINE', 'EFECTIVO – GIFT CARD - CANAL DE PAGO', 'EFECTIVO – GIFT CARD - BILLETERA MOVIL', 'EFECTIVO – GIFT CARD - PAGO ONLINE', 'EFECTIVO – CANAL PAGO - BILLETERA MOVIL', 'EFECTIVO – CANAL PAGO - PAGO ONLINE', 'EFECTIVO – BILLETERA MOVIL - PAGO ONLINE', 'TARJETA – CHEQUE - PAGO POSTERIOR', 'TARJETA – CHEQUE - TRANSFERENCIA BANCARIA', 'TARJETA – CHEQUE - DEPOSITO EN CUENTA', 'TARJETA – CHEQUE - TRANSFERENCIA SWIFT', 'TARJETA – CHEQUE - GIFT-CARD', 'TARJETA – CHEQUE - CANAL DE PAGO', 'TARJETA – CHEQUE - BILLETERA MOVIL', 'TARJETA – CHEQUE - PAGO ONLINE', 'TARJETA – VALES - PAGO POSTERIOR', 'TARJETA – VALES - TRANSFERENCIA BANCARIA', 'TARJETA – VALES - DEPOSITO EN CUENTA', 'TARJETA – VALES - TRANSFERENCIA SWIFT', 'TARJETA – VALES - GIFT-CARD', 'TARJETA – VALES - CANAL DE PAGO', 'TARJETA – VALES - BILLETERA MOVIL', 'TARJETA – VALES - PAGO ONLINE', 'TARJETA – PAGO POSTERIOR - TRANSFERENCIA BANCARIA', 'TARJETA – PAGO POSTERIOR - DEPOSITO EN CUENTA', 'TARJETA – PAGO POSTERIOR - TRANSFERENCIA SWIFT', 'TARJETA – PAGO POSTERIOR - GIFT-CARD', 'TARJETA – PAGO POSTERIOR - CANAL DE PAGO', 'TARJETA – PAGO POSTERIOR - BILLETERA MOVIL', 'TARJETA – PAGO POSTERIOR - PAGO ONLINE', 'TARJETA – TRANSFERENCIA BANCARIA – DEPOSITO EN CUENTA', 'TARJETA – TRANSFERENCIA BANCARIA - TRANSFERENCIA SWIFT', 'TARJETA – TRANSFERENCIA BANCARIA – GIFT-CARD', 'TARJETA – TRANSFERENCIA BANCARIA – CANAL DE PAGO', 'TARJETA – TRANSFERENCIA  BANCARIA – BILLETERA MOVIL', 'TARJETA – TRANSFERENCIA BANCARIA – PAGO ONLINE', 'TARJETA – DEPOSITO EN CUENTA – TRANSFERENCIA SWIFT', 'TARJETA – DEPOSITO EN CUENTA – GIFT-CARD', 'TARJETA – DEPOSITO EN CUENTA – CANAL DE PAGO', 'TARJETA – DEPOSITO EN CUENTA  – BILLETERA MOVIL', 'TARJETA – DEPOSITO EN CUENTA – PAGO ONLINE', 'TARJETA – SWIFT - GIFT-CARD', 'TARJETA – SWIFT - CANAL DE PAGO', 'TARJETA – SWIFT - BILLETERA MOVIL', 'TARJETA – SWIFT - PAGO ONLINE', 'TARJETA – GIFT - CANAL DE PAGO', 'TARJETA – GIFT - BILLETERA MOVIL', 'TARJETA – GIFT - PAGO ONLINE', 'TARJETA – CANAL PAGO - BILLETERA MOVIL', 'TARJETA – CANAL PAGO - PAGO ONLINE', 'TARJETA – BILLETERA MOVIL - PAGO ONLINE', 'CHEQUE – VALES - PAGO POSTERIOR', 'CHEQUE – VALES - TRANSFERENCIA BANCARIA', 'CHEQUE – VALES - DEPOSITO EN CUENTA', 'CHEQUE – VALES - TRANSFERENCIA SWIFT', 'CHEQUE – VALES - GIFT-CARD', 'CHEQUE – VALES - CANAL DE PAGO', 'CHEQUE – VALES - BILLETERA MOVIL', 'CHEQUE – VALES - PAGO ONLINE', 'CHEQUE – PAGO POSTERIOR - TRANSFERENCIA BANCARIA', 'CHEQUE – PAGO POSTERIOR - DEPOSITO EN CUENTA', 'CHEQUE – PAGO POSTERIOR - TRANSFERENCIA SWIFT', 'CHEQUE – PAGO POSTERIOR - GIFT-CARD', 'CHEQUE – PAGO POSTERIOR - CANAL DE PAGO', 'CHEQUE – PAGO POSTERIOR - BILLETERA MOVIL', 'CHEQUE – PAGO POSTERIOR - PAGO ONLINE', 'CHEQUE – TRANSFERENCIA BANCARIA – DEPOSITO EN CUENTA', 'CHEQUE – TRANSFERENCIA BANCARIA – TRANSFERENCIA SWIFT', 'CHEQUE – TRANSFERENCIA BANCARIA – GIFT-CARD', 'CHEQUE – TRANSFERENCIA BANCARIA – CANAL DE PAGO', 'CHEQUE – TRANSFERENCIA BANCARIA – BILLETERA MOVIL', 'CHEQUE – TRANSFERENCIA BANCARIA – PAGO ONLINE', 'CHEQUE – DEPOSITO EN CUENTA - TRANSFERENCIA SWIFT', 'CHEQUE – DEPOSITO EN CUENTA - GIFT-CARD', 'CHEQUE – DEPOSITO EN CUENTA - CANAL DE PAGO', 'CHEQUE – DEPOSITO EN CUENTA - BILLETERA MOVIL', 'CHEQUE – DEPOSITO EN CUENTA - PAGO ONLINE', 'CHEQUE – SWIFT - GIFT-CARD', 'CHEQUE – SWIFT - CANAL DE PAGO', 'CHEQUE – SWIFT - BILLETERA MOVIL', 'CHEQUE – SWIFT - PAGO ONLINE', 'CHEQUE – GIFT - CANAL DE PAGO', 'CHEQUE – GIFT - BILLETERA MOVIL', 'CHEQUE – GIFT - PAGO ONLINE', 'CHEQUE – CANAL PAGO - BILLETERA MOVIL', 'CHEQUE – CANAL PAGO - PAGO ONLINE', 'CHEQUE – BILLETERA MOVIL  – PAGO ONLINE', 'VALES – SWIFT - TRANSFERENCIA BANCARIA', 'VALES – SWIFT - DEPOSITO EN CUENTA', 'VALES – SWIFT - TRANSFERENCIA SWIFT', 'VALES – SWIFT - GIFT-CARD', 'VALES – SWIFT - CANAL DE PAGO', 'VALES – SWIFT - BILLETERA MOVIL', 'VALES – SWIFT - PAGO ONLINE', 'VALES – GIFT - DEPOSITO EN CUENTA', 'VALES – GIFT - TRANSFERENCIA SWIFT', 'VALES – GIFT-CARD – TARJETA', 'VALES – GIFT - CANAL DE PAGO', 'VALES – GIFT - BILLETERA MOVIL', 'VALES – GIFT - PAGO ONLINE', 'VALES – CANAL DE PAGO  – TRANSFERENCIA SWIFT', 'VALES – CANAL DE PAGO  – GIFT-CARD', 'VALES – CANAL DE PAGO  – CANAL DE PAGO', 'VALES – CANAL DE PAGO  – BILLETERA MOVIL', 'VALES – CANAL DE PAGO  – PAGO ONLINE', 'VALES – BILLETERA MOVIL – GIFT-CARD', 'VALES – BILLETERA MOVIL – CANAL DE PAGO', 'VALES – BILLETERA MOVIL – BILLETERA MOVIL', 'VALES – BILLETERA MOVIL – PAGO ONLINE', 'VALES – PAGO ONLINE - CANAL DE PAGO', 'VALES – PAGO ONLINE - BILLETERA MOVIL', 'VALES – PAGO ONLINE - PAGO ONLINE', 'PAGO POSTERIOR – TRANSFERENCIA BANCARIA  – DEPOSITO EN CUENTA', 'PAGO POSTERIOR – TRANSFERENCIA BANCARIA  – TRANSFERENCIA SWIFT', 'PAGO POSTERIOR – TRANSFERENCIA BANCARIA  – GIFT-CARD', 'PAGO POSTERIOR – TRANSFERENCIA BANCARIA  – CANAL DE PAGO', 'PAGO POSTERIOR – TRANSFERENCIA BANCARIA  – BILLETERA MOVIL', 'PAGO POSTERIOR – TRANSFERENCIA BANCARIA  – PAGO ONLINE', 'PAGO POSTERIOR – DEPOSITO EN CUENTA  – TRANSFERENCIA SWIFT', 'PAGO POSTERIOR – DEPOSITO EN CUENTA  – GIFT-CARD', 'PAGO POSTERIOR – DEPOSITO EN CUENTA  – CANAL DE PAGO', 'PAGO POSTERIOR – DEPOSITO EN CUENTA  – BILLETERA MOVIL', 'PAGO POSTERIOR – DEPOSITO EN CUENTA  – PAGO ONLINE', 'PAGO POSTERIOR – SWIFT - GIFT-CARD', 'PAGO POSTERIOR – SWIFT - CANAL DE PAGO', 'PAGO POSTERIOR – SWIFT - BILLETERA MOVIL', 'PAGO POSTERIOR – SWIFT - PAGO ONLINE', 'PAGO POSTERIOR – GIFT - CANAL DE PAGO', 'PAGO POSTERIOR – GIFT - BILLETERA MOVIL', 'PAGO POSTERIOR – GIFT - PAGO ONLINE', 'PAGO POSTERIOR – CANAL DE PAGO - BILLETERA MOVIL', 'PAGO POSTERIOR – CANAL DE PAGO - PAGO ONLINE', 'PAGO POSTERIOR – BILLETERA MOVIL - PAGO ONLINE', 'TRANSFERENCIA BANCARIA – DEPOSITO EN CUENTA  – TRANSFERENCIA SWIFT', 'TRANSFERENCIA BANCARIA – DEPOSITO  EN CUENTA – GIFT-CARD', 'TRANSFERENCIA BANCARIA – DEPOSITO  EN CUENTA – CANAL DE PAGO', 'TRANSFERENCIA BANCARIA – DEPOSITO EN CUENTA   – BILLETERA MOVIL', 'TRANSFERENCIA BANCARIA– DEPOSITO  EN CUENTA – PAGO ONLINE', 'TRANSFERENCIA BANCARIA – SWIFT  – GIFT-CARD', 'TRANSFERENCIA BANCARIA – SWIFT  – CANAL DE PAGO', 'TRANSFERENCIA BANCARIA – SWIFT  – BILLETERA MOVIL', 'TRANSFERENCIA BANCARIA – SWIFT  – PAGO ONLINE', 'TRANSFERENCIA BANCARIA – GIFT-CARD  – CANAL DE PAGO', 'TRANSFERENCIA BANCARIA – GIFT-CARD  – BILLETERA MOVIL', 'TRANSFERENCIA BANCARIA – GIFT-CARD  – PAGO ONLINE', 'TRANSFERENCIA BANCARIA – CANAL DE PAGO – BILLETERA MOVIL', 'TRANSFERENCIA BANCARIA – CANAL DE PAGO – PAGO ONLINE', 'TRANSFERENCIA BANCARIA – BILLETERA MOVIL – PAGO ONLINE', 'DEPOSITO EN CUENTA  – SWIFT  – GIFT-CARD', 'DEPOSITO EN CUENTA  – SWIFT  – CANAL DE PAGO', 'DEPOSITO EN CUENTA  – SWIFT  – BILLETERA MOVIL', 'DEPOSITO EN CUENTA  – SWIFT  – PAGO ONLINE', 'DEPOSITO EN CUENTA – GIFT-CARD  – CANAL DE PAGO', 'DEPOSITO EN CUENTA – GIFT-CARD  – BILLETERA MOVIL', 'DEPOSITO EN CUENTA  – GIFT-CARD  – PAGO ONLINE', 'DEPOSITO EN CUENTA –  CANAL DE PAGO  – BILLETERA MOVIL', 'DEPOSITO EN CUENTA – CANAL DE PAGO   – PAGO ONLINE', 'DEPOSITO EN CUENTA – BILLETERA MOVIL  – PAGO ONLINE', 'SWIFT – GIFT - CANAL DE PAGO', 'SWIFT – GIFT - BILLETERA MOVIL', 'SWIFT – GIFT - PAGO ONLINE', 'SWIFT – CANAL DE PAGO  – BILLETERA MOVIL', 'SWIFT – CANAL  DE PAGO – PAGO ONLINE', 'SWIFT – BILLETERA MOVIL  – PAGO ONLINE', 'GIFT-CARD – CANAL DE PAGO  – BILLETERA MOVIL', 'GIFT-CARD – CANAL DE PAGO  – PAGO ONLINE', 'GIFT-CARD – BILLETERA MOVIL - PAGO ONLINE', 'CANAL DE PAGO – BILLETERA MOVIL  – PAGO ONLINE', 'DEBITO AUTOMATICO', 'DEBITO AUTOMATICO – EFECTIVO', 'DEBITO AUTOMATICO -TARJETA', 'DEBITO AUTOMATICO – CHEQUE']
2024-07-19 03:48:47,280 - DEBUG - Índice del método de pago predeterminado: 0
2024-07-19 03:48:47,291 - DEBUG - Método de pago seleccionado: EFECTIVO
2024-07-19 03:48:47,299 - INFO - Código clasificador del método de pago seleccionado: 1 (<class 'int'>)
2024-07-19 03:48:47,309 - DEBUG - Aplicar Descuento: False
2024-07-19 03:48:47,318 - INFO - Verificando si el código clasificador 1 (<class 'int'>) está en la lista de códigos de gift card: [102, 109, 115, 120, 124, 128, 129, 130, 138, 146, 153, 159, 164, 168, 172, 173, 174, 182, 189, 195, 200, 204, 208, 209, 210, 217, 221, 222, 223, 224, 225, 226, 228, 232, 241, 246, 250, 254, 255, 256, 261, 265, 269, 270, 271, 275, 279, 280, 281, 285, 286, 287, 291, 292, 293, 30, 304, 35, 40, 49, 53, 60, 64, 68, 72, 76, 77, 78, 86, 94]
2024-07-19 03:48:47,329 - WARNING - El código del método de pago seleccionado (1) no permite aplicar Gift Card.
2024-07-19 03:48:47,337 - DEBUG - Descuento Adicional Final: 0
2024-07-19 03:48:47,347 - DEBUG - Monto Gift Card Final: 0
2024-07-19 03:48:53,954 - DEBUG - Opciones de métodos de pago: ['DEBITO AUTOMATICO -  VALE', 'DEBITO AUTOMATICO -  PAGO POSTERIOR', 'DEBITO AUTOMATICO -  TRANSFERENCIA BANCARIA', 'DEBITO AUTOMATICO -  DEPOSITO EN CUENTA', 'DEBITO AUTOMATICO -  TRANSFERENCIA SWIFT', 'DEBITO AUTOMATICO -  GIFT CARD', 'DEBITO AUTOMATICO -  CANAL DE PAGO', 'DEBITO AUTOMATICO -  BILLETERA MOVIL', 'DEBITO AUTOMATICO -  PAGO ONLINE', 'DEBITO AUTOMATICO – OTRO', 'EFECTIVO-TARJETA', 'EFECTIVO-CHEQUE', 'EFECTIVO-VALES', 'EFECTIVO – TRANSFERENCIA BANCARIA', 'EFECTIVO-DEPOSITO EN CUENTA', 'EFECTIVO – TRANSFERENCIA BANCARIA SWIFT', 'TARJETA-CHEQUE', 'TARJETA-VALES', 'TARJETA-TRANSFERENCIA BANCARIA', 'TARJETA-DEPOSITO EN CUENTA', 'TARJETA-TRANSFERENCIA SWIFT', 'VALES-TRANSFERENCIA BANCARIA', 'VALES – DEPOSITO EN CUENTA', 'VALES-TRANSFERENCIA SWIFT', 'TRANSFERENCIA BANCARIA-DEPOSITO EN CUENTA', 'TRANSFERENCIA BANCARIA-TRANSFERENCIA SWIFT', 'DEPOSITO EN CUENTA – TRANSFERENCIA SWIFT', 'PAGO POSTERIOR', 'TRANSFERENCIA BANCARIA', 'GIFT-CARD', 'DEPOSITO EN CUENTA', 'TRANSFERENCIA SWIFT', 'GIFT-CARD OTROS', 'CANAL DE PAGO', 'BILLETERA MOVIL', 'PAGO ONLINE', 'EFECTIVO – PAGO POSTERIOR', 'EFECTIVO – GIFT CARD', 'EFECTIVO – CANAL PAGO', 'EFECTIVO – BILLETERA MOVIL', 'EFECTIVO – PAGO ONLINE', 'TARJETA – PAGO POSTERIOR', 'TARJETA – GIFT', 'TARJETA – CANAL PAGO', 'TARJETA – BILLETERA MOVIL', 'TARJETA – PAGO ONLINE', 'CHEQUE – VALES', 'CHEQUE – PAGO POSTERIOR', 'CHEQUE – TRANSFERENCIA BANCARIA', 'CHEQUE – DEPOSITO', 'CHEQUE – SWIFT', 'CHEQUE – GIFT', 'CHEQUE – CANAL PAGO', 'CHEQUE – BILLETERA', 'CHEQUE – PAGO ONLINE', 'VALES – GIFT', 'VALES – CANAL DE PAGO', 'VALES – BILLETERA MOVIL', 'VALES – PAGO ONLINE', 'PAGO POSTERIOR – TRANSFERENCIA BANCARIA', 'PAGO POSTERIOR – DEPOSITO EN CUENTA', 'PAGO POSTERIOR – SWIFT', 'PAGO POSTERIOR – GIFT', 'PAGO POSTERIOR – CANAL', 'PAGO POSTERIOR – BILLETERA', 'PAGO POSTERIOR – PAGO ONLINE', 'EFECTIVO', 'TRANSFERENCIA BANCARIA – GIFT-CARD', 'TARJETA', 'TRANSFERENCIA BANCARIA – CANAL DE PAGO', 'CHEQUE', 'TRANSFERENCIA BANCARIA – BILLETERA MOVIL', 'VALES', 'TRANSFERENCIA BANCARIA – PAGO ONLINE', 'OTROS', 'DEPOSITO EN CUENTA – GIFT-CARD', 'DEPOSITO EN CUENTA – CANAL DE PAGO', 'DEPOSITO EN CUENTA – BILLETERA MOVIL', 'DEPOSITO EN CUENTA  – PAGO ONLINE', 'SWIFT – GIFT', 'SWIFT – CANAL DE PAGO', 'SWIFT – BILLETERA MOVIL', 'SWIFT – PAGO ONLINE', 'GIFT-CARD – CANAL DE PAGO', 'GIFT – BILLETERA', 'GIFT – PAGO ONLINE', 'CANAL DE PAGO – BILLETERA MOVIL', 'CANAL DE PAGO – PAGO ONLINE', 'BILLETERA MOVIL – PAGO ONLINE', 'EFECTIVO - TARJETA - PAGO POSTERIOR', 'EFECTIVO - TARJETA - TRANSFERENCIA BANCARIA', 'EFECTIVO - TARJETA - DEPOSITO EN CUENTA', 'EFECTIVO - TARJETA - TRANSFERENCIA SWIFT', 'EFECTIVO - TARJETA - GIFT-CARD', 'EFECTIVO - TARJETA - CANAL DE PAGO', 'EFECTIVO - TARJETA - BILLETERA MOVIL', 'EFECTIVO - TARJETA - PAGO ONLINE', 'EFECTIVO – CHEQUE - PAGO POSTERIOR', 'EFECTIVO – CHEQUE - TRANSFERENCIA BANCARIA', 'EFECTIVO – CHEQUE - DEPOSITO EN CUENTA', 'EFECTIVO – CHEQUE - TRANSFERENCIA SWIFT', 'EFECTIVO – CHEQUE - GIFT-CARD', 'EFECTIVO – CHEQUE - CANAL DE PAGO', 'EFECTIVO – CHEQUE - BILLETERA MOVIL', 'EFECTIVO – CHEQUE - PAGO ONLINE', 'EFECTIVO – VALES - PAGO POSTERIOR', 'EFECTIVO – VALES - TRANSFERENCIA BANCARIA', 'EFECTIVO – VALES - DEPOSITO EN CUENTA', 'EFECTIVO – VALES - TRANSFERENCIA SWIFT', 'EFECTIVO – VALES - GIFT-CARD', 'EFECTIVO – VALES - CANAL DE PAGO', 'EFECTIVO – VALES - BILLETERA MOVIL', 'EFECTIVO – VALES - PAGO ONLINE', 'EFECTIVO – PAGO POSTERIOR - TRANSFERENCIA BANCARIA', 'EFECTIVO – PAGO POSTERIOR - DEPOSITO EN CUENTA', 'EFECTIVO – PAGO POSTERIOR - TRANSFERENCIA SWIFT', 'EFECTIVO – PAGO POSTERIOR - GIFT-CARD', 'EFECTIVO – PAGO POSTERIOR - CANAL DE PAGO', 'EFECTIVO – PAGO POSTERIOR - BILLETERA MOVIL', 'EFECTIVO – PAGO POSTERIOR - PAGO ONLINE', 'EFECTIVO – TRANSFERENCIA BANCARIA  – DEPOSITO EN CUENTA', 'EFECTIVO – TRANSFERENCIA BANCARIA  – TRANSFERENCIA SWIFT', 'EFECTIVO – TRANSFERENCIA BANCARIA  – GIFT-CARD', 'EFECTIVO – TRANSFERENCIA BANCARIA  – CANAL DE PAGO', 'EFECTIVO – TRANSFERENCIA BANCARIA  – BILLETERA MOVIL', 'EFECTIVO – TRANSFERENCIA BANCARIA  – PAGO ONLINE', 'EFECTIVO – DEPOSITO EN CUENTA  – TRANSFERENCIA SWIFT', 'EFECTIVO – DEPOSITO EN CUENTA  – GIFT-CARD', 'EFECTIVO – DEPOSITO EN CUENTA  – CANAL DE PAGO', 'EFECTIVO – DEPOSITO EN CUENTA  – BILLETERA MOVIL', 'EFECTIVO – DEPOSITO EN CUENTA  – PAGO ONLINE', 'EFECTIVO – SWIFT - GIFT-CARD', 'EFECTIVO – SWIFT - CANAL DE PAGO', 'EFECTIVO – SWIFT - BILLETERA MOVIL', 'EFECTIVO – SWIFT - PAGO ONLINE', 'EFECTIVO – GIFT CARD - CANAL DE PAGO', 'EFECTIVO – GIFT CARD - BILLETERA MOVIL', 'EFECTIVO – GIFT CARD - PAGO ONLINE', 'EFECTIVO – CANAL PAGO - BILLETERA MOVIL', 'EFECTIVO – CANAL PAGO - PAGO ONLINE', 'EFECTIVO – BILLETERA MOVIL - PAGO ONLINE', 'TARJETA – CHEQUE - PAGO POSTERIOR', 'TARJETA – CHEQUE - TRANSFERENCIA BANCARIA', 'TARJETA – CHEQUE - DEPOSITO EN CUENTA', 'TARJETA – CHEQUE - TRANSFERENCIA SWIFT', 'TARJETA – CHEQUE - GIFT-CARD', 'TARJETA – CHEQUE - CANAL DE PAGO', 'TARJETA – CHEQUE - BILLETERA MOVIL', 'TARJETA – CHEQUE - PAGO ONLINE', 'TARJETA – VALES - PAGO POSTERIOR', 'TARJETA – VALES - TRANSFERENCIA BANCARIA', 'TARJETA – VALES - DEPOSITO EN CUENTA', 'TARJETA – VALES - TRANSFERENCIA SWIFT', 'TARJETA – VALES - GIFT-CARD', 'TARJETA – VALES - CANAL DE PAGO', 'TARJETA – VALES - BILLETERA MOVIL', 'TARJETA – VALES - PAGO ONLINE', 'TARJETA – PAGO POSTERIOR - TRANSFERENCIA BANCARIA', 'TARJETA – PAGO POSTERIOR - DEPOSITO EN CUENTA', 'TARJETA – PAGO POSTERIOR - TRANSFERENCIA SWIFT', 'TARJETA – PAGO POSTERIOR - GIFT-CARD', 'TARJETA – PAGO POSTERIOR - CANAL DE PAGO', 'TARJETA – PAGO POSTERIOR - BILLETERA MOVIL', 'TARJETA – PAGO POSTERIOR - PAGO ONLINE', 'TARJETA – TRANSFERENCIA BANCARIA – DEPOSITO EN CUENTA', 'TARJETA – TRANSFERENCIA BANCARIA - TRANSFERENCIA SWIFT', 'TARJETA – TRANSFERENCIA BANCARIA – GIFT-CARD', 'TARJETA – TRANSFERENCIA BANCARIA – CANAL DE PAGO', 'TARJETA – TRANSFERENCIA  BANCARIA – BILLETERA MOVIL', 'TARJETA – TRANSFERENCIA BANCARIA – PAGO ONLINE', 'TARJETA – DEPOSITO EN CUENTA – TRANSFERENCIA SWIFT', 'TARJETA – DEPOSITO EN CUENTA – GIFT-CARD', 'TARJETA – DEPOSITO EN CUENTA – CANAL DE PAGO', 'TARJETA – DEPOSITO EN CUENTA  – BILLETERA MOVIL', 'TARJETA – DEPOSITO EN CUENTA – PAGO ONLINE', 'TARJETA – SWIFT - GIFT-CARD', 'TARJETA – SWIFT - CANAL DE PAGO', 'TARJETA – SWIFT - BILLETERA MOVIL', 'TARJETA – SWIFT - PAGO ONLINE', 'TARJETA – GIFT - CANAL DE PAGO', 'TARJETA – GIFT - BILLETERA MOVIL', 'TARJETA – GIFT - PAGO ONLINE', 'TARJETA – CANAL PAGO - BILLETERA MOVIL', 'TARJETA – CANAL PAGO - PAGO ONLINE', 'TARJETA – BILLETERA MOVIL - PAGO ONLINE', 'CHEQUE – VALES - PAGO POSTERIOR', 'CHEQUE – VALES - TRANSFERENCIA BANCARIA', 'CHEQUE – VALES - DEPOSITO EN CUENTA', 'CHEQUE – VALES - TRANSFERENCIA SWIFT', 'CHEQUE – VALES - GIFT-CARD', 'CHEQUE – VALES - CANAL DE PAGO', 'CHEQUE – VALES - BILLETERA MOVIL', 'CHEQUE – VALES - PAGO ONLINE', 'CHEQUE – PAGO POSTERIOR - TRANSFERENCIA BANCARIA', 'CHEQUE – PAGO POSTERIOR - DEPOSITO EN CUENTA', 'CHEQUE – PAGO POSTERIOR - TRANSFERENCIA SWIFT', 'CHEQUE – PAGO POSTERIOR - GIFT-CARD', 'CHEQUE – PAGO POSTERIOR - CANAL DE PAGO', 'CHEQUE – PAGO POSTERIOR - BILLETERA MOVIL', 'CHEQUE – PAGO POSTERIOR - PAGO ONLINE', 'CHEQUE – TRANSFERENCIA BANCARIA – DEPOSITO EN CUENTA', 'CHEQUE – TRANSFERENCIA BANCARIA – TRANSFERENCIA SWIFT', 'CHEQUE – TRANSFERENCIA BANCARIA – GIFT-CARD', 'CHEQUE – TRANSFERENCIA BANCARIA – CANAL DE PAGO', 'CHEQUE – TRANSFERENCIA BANCARIA – BILLETERA MOVIL', 'CHEQUE – TRANSFERENCIA BANCARIA – PAGO ONLINE', 'CHEQUE – DEPOSITO EN CUENTA - TRANSFERENCIA SWIFT', 'CHEQUE – DEPOSITO EN CUENTA - GIFT-CARD', 'CHEQUE – DEPOSITO EN CUENTA - CANAL DE PAGO', 'CHEQUE – DEPOSITO EN CUENTA - BILLETERA MOVIL', 'CHEQUE – DEPOSITO EN CUENTA - PAGO ONLINE', 'CHEQUE – SWIFT - GIFT-CARD', 'CHEQUE – SWIFT - CANAL DE PAGO', 'CHEQUE – SWIFT - BILLETERA MOVIL', 'CHEQUE – SWIFT - PAGO ONLINE', 'CHEQUE – GIFT - CANAL DE PAGO', 'CHEQUE – GIFT - BILLETERA MOVIL', 'CHEQUE – GIFT - PAGO ONLINE', 'CHEQUE – CANAL PAGO - BILLETERA MOVIL', 'CHEQUE – CANAL PAGO - PAGO ONLINE', 'CHEQUE – BILLETERA MOVIL  – PAGO ONLINE', 'VALES – SWIFT - TRANSFERENCIA BANCARIA', 'VALES – SWIFT - DEPOSITO EN CUENTA', 'VALES – SWIFT - TRANSFERENCIA SWIFT', 'VALES – SWIFT - GIFT-CARD', 'VALES – SWIFT - CANAL DE PAGO', 'VALES – SWIFT - BILLETERA MOVIL', 'VALES – SWIFT - PAGO ONLINE', 'VALES – GIFT - DEPOSITO EN CUENTA', 'VALES – GIFT - TRANSFERENCIA SWIFT', 'VALES – GIFT-CARD – TARJETA', 'VALES – GIFT - CANAL DE PAGO', 'VALES – GIFT - BILLETERA MOVIL', 'VALES – GIFT - PAGO ONLINE', 'VALES – CANAL DE PAGO  – TRANSFERENCIA SWIFT', 'VALES – CANAL DE PAGO  – GIFT-CARD', 'VALES – CANAL DE PAGO  – CANAL DE PAGO', 'VALES – CANAL DE PAGO  – BILLETERA MOVIL', 'VALES – CANAL DE PAGO  – PAGO ONLINE', 'VALES – BILLETERA MOVIL – GIFT-CARD', 'VALES – BILLETERA MOVIL – CANAL DE PAGO', 'VALES – BILLETERA MOVIL – BILLETERA MOVIL', 'VALES – BILLETERA MOVIL – PAGO ONLINE', 'VALES – PAGO ONLINE - CANAL DE PAGO', 'VALES – PAGO ONLINE - BILLETERA MOVIL', 'VALES – PAGO ONLINE - PAGO ONLINE', 'PAGO POSTERIOR – TRANSFERENCIA BANCARIA  – DEPOSITO EN CUENTA', 'PAGO POSTERIOR – TRANSFERENCIA BANCARIA  – TRANSFERENCIA SWIFT', 'PAGO POSTERIOR – TRANSFERENCIA BANCARIA  – GIFT-CARD', 'PAGO POSTERIOR – TRANSFERENCIA BANCARIA  – CANAL DE PAGO', 'PAGO POSTERIOR – TRANSFERENCIA BANCARIA  – BILLETERA MOVIL', 'PAGO POSTERIOR – TRANSFERENCIA BANCARIA  – PAGO ONLINE', 'PAGO POSTERIOR – DEPOSITO EN CUENTA  – TRANSFERENCIA SWIFT', 'PAGO POSTERIOR – DEPOSITO EN CUENTA  – GIFT-CARD', 'PAGO POSTERIOR – DEPOSITO EN CUENTA  – CANAL DE PAGO', 'PAGO POSTERIOR – DEPOSITO EN CUENTA  – BILLETERA MOVIL', 'PAGO POSTERIOR – DEPOSITO EN CUENTA  – PAGO ONLINE', 'PAGO POSTERIOR – SWIFT - GIFT-CARD', 'PAGO POSTERIOR – SWIFT - CANAL DE PAGO', 'PAGO POSTERIOR – SWIFT - BILLETERA MOVIL', 'PAGO POSTERIOR – SWIFT - PAGO ONLINE', 'PAGO POSTERIOR – GIFT - CANAL DE PAGO', 'PAGO POSTERIOR – GIFT - BILLETERA MOVIL', 'PAGO POSTERIOR – GIFT - PAGO ONLINE', 'PAGO POSTERIOR – CANAL DE PAGO - BILLETERA MOVIL', 'PAGO POSTERIOR – CANAL DE PAGO - PAGO ONLINE', 'PAGO POSTERIOR – BILLETERA MOVIL - PAGO ONLINE', 'TRANSFERENCIA BANCARIA – DEPOSITO EN CUENTA  – TRANSFERENCIA SWIFT', 'TRANSFERENCIA BANCARIA – DEPOSITO  EN CUENTA – GIFT-CARD', 'TRANSFERENCIA BANCARIA – DEPOSITO  EN CUENTA – CANAL DE PAGO', 'TRANSFERENCIA BANCARIA – DEPOSITO EN CUENTA   – BILLETERA MOVIL', 'TRANSFERENCIA BANCARIA– DEPOSITO  EN CUENTA – PAGO ONLINE', 'TRANSFERENCIA BANCARIA – SWIFT  – GIFT-CARD', 'TRANSFERENCIA BANCARIA – SWIFT  – CANAL DE PAGO', 'TRANSFERENCIA BANCARIA – SWIFT  – BILLETERA MOVIL', 'TRANSFERENCIA BANCARIA – SWIFT  – PAGO ONLINE', 'TRANSFERENCIA BANCARIA – GIFT-CARD  – CANAL DE PAGO', 'TRANSFERENCIA BANCARIA – GIFT-CARD  – BILLETERA MOVIL', 'TRANSFERENCIA BANCARIA – GIFT-CARD  – PAGO ONLINE', 'TRANSFERENCIA BANCARIA – CANAL DE PAGO – BILLETERA MOVIL', 'TRANSFERENCIA BANCARIA – CANAL DE PAGO – PAGO ONLINE', 'TRANSFERENCIA BANCARIA – BILLETERA MOVIL – PAGO ONLINE', 'DEPOSITO EN CUENTA  – SWIFT  – GIFT-CARD', 'DEPOSITO EN CUENTA  – SWIFT  – CANAL DE PAGO', 'DEPOSITO EN CUENTA  – SWIFT  – BILLETERA MOVIL', 'DEPOSITO EN CUENTA  – SWIFT  – PAGO ONLINE', 'DEPOSITO EN CUENTA – GIFT-CARD  – CANAL DE PAGO', 'DEPOSITO EN CUENTA – GIFT-CARD  – BILLETERA MOVIL', 'DEPOSITO EN CUENTA  – GIFT-CARD  – PAGO ONLINE', 'DEPOSITO EN CUENTA –  CANAL DE PAGO  – BILLETERA MOVIL', 'DEPOSITO EN CUENTA – CANAL DE PAGO   – PAGO ONLINE', 'DEPOSITO EN CUENTA – BILLETERA MOVIL  – PAGO ONLINE', 'SWIFT – GIFT - CANAL DE PAGO', 'SWIFT – GIFT - BILLETERA MOVIL', 'SWIFT – GIFT - PAGO ONLINE', 'SWIFT – CANAL DE PAGO  – BILLETERA MOVIL', 'SWIFT – CANAL  DE PAGO – PAGO ONLINE', 'SWIFT – BILLETERA MOVIL  – PAGO ONLINE', 'GIFT-CARD – CANAL DE PAGO  – BILLETERA MOVIL', 'GIFT-CARD – CANAL DE PAGO  – PAGO ONLINE', 'GIFT-CARD – BILLETERA MOVIL - PAGO ONLINE', 'CANAL DE PAGO – BILLETERA MOVIL  – PAGO ONLINE', 'DEBITO AUTOMATICO', 'DEBITO AUTOMATICO – EFECTIVO', 'DEBITO AUTOMATICO -TARJETA', 'DEBITO AUTOMATICO – CHEQUE']
2024-07-19 03:48:53,989 - DEBUG - Índice del método de pago predeterminado: 0
2024-07-19 03:48:53,998 - DEBUG - Método de pago seleccionado: EFECTIVO
2024-07-19 03:48:54,006 - INFO - Código clasificador del método de pago seleccionado: 1 (<class 'int'>)
2024-07-19 03:48:54,014 - DEBUG - Aplicar Descuento: False
2024-07-19 03:48:54,023 - INFO - Verificando si el código clasificador 1 (<class 'int'>) está en la lista de códigos de gift card: [102, 109, 115, 120, 124, 128, 129, 130, 138, 146, 153, 159, 164, 168, 172, 173, 174, 182, 189, 195, 200, 204, 208, 209, 210, 217, 221, 222, 223, 224, 225, 226, 228, 232, 241, 246, 250, 254, 255, 256, 261, 265, 269, 270, 271, 275, 279, 280, 281, 285, 286, 287, 291, 292, 293, 30, 304, 35, 40, 49, 53, 60, 64, 68, 72, 76, 77, 78, 86, 94]
2024-07-19 03:48:54,032 - WARNING - El código del método de pago seleccionado (1) no permite aplicar Gift Card.
2024-07-19 03:48:54,041 - DEBUG - Descuento Adicional Final: 0
2024-07-19 03:48:54,049 - DEBUG - Monto Gift Card Final: 0
2024-07-19 03:48:55,991 - DEBUG - Opciones de métodos de pago: ['DEBITO AUTOMATICO -  VALE', 'DEBITO AUTOMATICO -  PAGO POSTERIOR', 'DEBITO AUTOMATICO -  TRANSFERENCIA BANCARIA', 'DEBITO AUTOMATICO -  DEPOSITO EN CUENTA', 'DEBITO AUTOMATICO -  TRANSFERENCIA SWIFT', 'DEBITO AUTOMATICO -  GIFT CARD', 'DEBITO AUTOMATICO -  CANAL DE PAGO', 'DEBITO AUTOMATICO -  BILLETERA MOVIL', 'DEBITO AUTOMATICO -  PAGO ONLINE', 'DEBITO AUTOMATICO – OTRO', 'EFECTIVO-TARJETA', 'EFECTIVO-CHEQUE', 'EFECTIVO-VALES', 'EFECTIVO – TRANSFERENCIA BANCARIA', 'EFECTIVO-DEPOSITO EN CUENTA', 'EFECTIVO – TRANSFERENCIA BANCARIA SWIFT', 'TARJETA-CHEQUE', 'TARJETA-VALES', 'TARJETA-TRANSFERENCIA BANCARIA', 'TARJETA-DEPOSITO EN CUENTA', 'TARJETA-TRANSFERENCIA SWIFT', 'VALES-TRANSFERENCIA BANCARIA', 'VALES – DEPOSITO EN CUENTA', 'VALES-TRANSFERENCIA SWIFT', 'TRANSFERENCIA BANCARIA-DEPOSITO EN CUENTA', 'TRANSFERENCIA BANCARIA-TRANSFERENCIA SWIFT', 'DEPOSITO EN CUENTA – TRANSFERENCIA SWIFT', 'PAGO POSTERIOR', 'TRANSFERENCIA BANCARIA', 'GIFT-CARD', 'DEPOSITO EN CUENTA', 'TRANSFERENCIA SWIFT', 'GIFT-CARD OTROS', 'CANAL DE PAGO', 'BILLETERA MOVIL', 'PAGO ONLINE', 'EFECTIVO – PAGO POSTERIOR', 'EFECTIVO – GIFT CARD', 'EFECTIVO – CANAL PAGO', 'EFECTIVO – BILLETERA MOVIL', 'EFECTIVO – PAGO ONLINE', 'TARJETA – PAGO POSTERIOR', 'TARJETA – GIFT', 'TARJETA – CANAL PAGO', 'TARJETA – BILLETERA MOVIL', 'TARJETA – PAGO ONLINE', 'CHEQUE – VALES', 'CHEQUE – PAGO POSTERIOR', 'CHEQUE – TRANSFERENCIA BANCARIA', 'CHEQUE – DEPOSITO', 'CHEQUE – SWIFT', 'CHEQUE – GIFT', 'CHEQUE – CANAL PAGO', 'CHEQUE – BILLETERA', 'CHEQUE – PAGO ONLINE', 'VALES – GIFT', 'VALES – CANAL DE PAGO', 'VALES – BILLETERA MOVIL', 'VALES – PAGO ONLINE', 'PAGO POSTERIOR – TRANSFERENCIA BANCARIA', 'PAGO POSTERIOR – DEPOSITO EN CUENTA', 'PAGO POSTERIOR – SWIFT', 'PAGO POSTERIOR – GIFT', 'PAGO POSTERIOR – CANAL', 'PAGO POSTERIOR – BILLETERA', 'PAGO POSTERIOR – PAGO ONLINE', 'EFECTIVO', 'TRANSFERENCIA BANCARIA – GIFT-CARD', 'TARJETA', 'TRANSFERENCIA BANCARIA – CANAL DE PAGO', 'CHEQUE', 'TRANSFERENCIA BANCARIA – BILLETERA MOVIL', 'VALES', 'TRANSFERENCIA BANCARIA – PAGO ONLINE', 'OTROS', 'DEPOSITO EN CUENTA – GIFT-CARD', 'DEPOSITO EN CUENTA – CANAL DE PAGO', 'DEPOSITO EN CUENTA – BILLETERA MOVIL', 'DEPOSITO EN CUENTA  – PAGO ONLINE', 'SWIFT – GIFT', 'SWIFT – CANAL DE PAGO', 'SWIFT – BILLETERA MOVIL', 'SWIFT – PAGO ONLINE', 'GIFT-CARD – CANAL DE PAGO', 'GIFT – BILLETERA', 'GIFT – PAGO ONLINE', 'CANAL DE PAGO – BILLETERA MOVIL', 'CANAL DE PAGO – PAGO ONLINE', 'BILLETERA MOVIL – PAGO ONLINE', 'EFECTIVO - TARJETA - PAGO POSTERIOR', 'EFECTIVO - TARJETA - TRANSFERENCIA BANCARIA', 'EFECTIVO - TARJETA - DEPOSITO EN CUENTA', 'EFECTIVO - TARJETA - TRANSFERENCIA SWIFT', 'EFECTIVO - TARJETA - GIFT-CARD', 'EFECTIVO - TARJETA - CANAL DE PAGO', 'EFECTIVO - TARJETA - BILLETERA MOVIL', 'EFECTIVO - TARJETA - PAGO ONLINE', 'EFECTIVO – CHEQUE - PAGO POSTERIOR', 'EFECTIVO – CHEQUE - TRANSFERENCIA BANCARIA', 'EFECTIVO – CHEQUE - DEPOSITO EN CUENTA', 'EFECTIVO – CHEQUE - TRANSFERENCIA SWIFT', 'EFECTIVO – CHEQUE - GIFT-CARD', 'EFECTIVO – CHEQUE - CANAL DE PAGO', 'EFECTIVO – CHEQUE - BILLETERA MOVIL', 'EFECTIVO – CHEQUE - PAGO ONLINE', 'EFECTIVO – VALES - PAGO POSTERIOR', 'EFECTIVO – VALES - TRANSFERENCIA BANCARIA', 'EFECTIVO – VALES - DEPOSITO EN CUENTA', 'EFECTIVO – VALES - TRANSFERENCIA SWIFT', 'EFECTIVO – VALES - GIFT-CARD', 'EFECTIVO – VALES - CANAL DE PAGO', 'EFECTIVO – VALES - BILLETERA MOVIL', 'EFECTIVO – VALES - PAGO ONLINE', 'EFECTIVO – PAGO POSTERIOR - TRANSFERENCIA BANCARIA', 'EFECTIVO – PAGO POSTERIOR - DEPOSITO EN CUENTA', 'EFECTIVO – PAGO POSTERIOR - TRANSFERENCIA SWIFT', 'EFECTIVO – PAGO POSTERIOR - GIFT-CARD', 'EFECTIVO – PAGO POSTERIOR - CANAL DE PAGO', 'EFECTIVO – PAGO POSTERIOR - BILLETERA MOVIL', 'EFECTIVO – PAGO POSTERIOR - PAGO ONLINE', 'EFECTIVO – TRANSFERENCIA BANCARIA  – DEPOSITO EN CUENTA', 'EFECTIVO – TRANSFERENCIA BANCARIA  – TRANSFERENCIA SWIFT', 'EFECTIVO – TRANSFERENCIA BANCARIA  – GIFT-CARD', 'EFECTIVO – TRANSFERENCIA BANCARIA  – CANAL DE PAGO', 'EFECTIVO – TRANSFERENCIA BANCARIA  – BILLETERA MOVIL', 'EFECTIVO – TRANSFERENCIA BANCARIA  – PAGO ONLINE', 'EFECTIVO – DEPOSITO EN CUENTA  – TRANSFERENCIA SWIFT', 'EFECTIVO – DEPOSITO EN CUENTA  – GIFT-CARD', 'EFECTIVO – DEPOSITO EN CUENTA  – CANAL DE PAGO', 'EFECTIVO – DEPOSITO EN CUENTA  – BILLETERA MOVIL', 'EFECTIVO – DEPOSITO EN CUENTA  – PAGO ONLINE', 'EFECTIVO – SWIFT - GIFT-CARD', 'EFECTIVO – SWIFT - CANAL DE PAGO', 'EFECTIVO – SWIFT - BILLETERA MOVIL', 'EFECTIVO – SWIFT - PAGO ONLINE', 'EFECTIVO – GIFT CARD - CANAL DE PAGO', 'EFECTIVO – GIFT CARD - BILLETERA MOVIL', 'EFECTIVO – GIFT CARD - PAGO ONLINE', 'EFECTIVO – CANAL PAGO - BILLETERA MOVIL', 'EFECTIVO – CANAL PAGO - PAGO ONLINE', 'EFECTIVO – BILLETERA MOVIL - PAGO ONLINE', 'TARJETA – CHEQUE - PAGO POSTERIOR', 'TARJETA – CHEQUE - TRANSFERENCIA BANCARIA', 'TARJETA – CHEQUE - DEPOSITO EN CUENTA', 'TARJETA – CHEQUE - TRANSFERENCIA SWIFT', 'TARJETA – CHEQUE - GIFT-CARD', 'TARJETA – CHEQUE - CANAL DE PAGO', 'TARJETA – CHEQUE - BILLETERA MOVIL', 'TARJETA – CHEQUE - PAGO ONLINE', 'TARJETA – VALES - PAGO POSTERIOR', 'TARJETA – VALES - TRANSFERENCIA BANCARIA', 'TARJETA – VALES - DEPOSITO EN CUENTA', 'TARJETA – VALES - TRANSFERENCIA SWIFT', 'TARJETA – VALES - GIFT-CARD', 'TARJETA – VALES - CANAL DE PAGO', 'TARJETA – VALES - BILLETERA MOVIL', 'TARJETA – VALES - PAGO ONLINE', 'TARJETA – PAGO POSTERIOR - TRANSFERENCIA BANCARIA', 'TARJETA – PAGO POSTERIOR - DEPOSITO EN CUENTA', 'TARJETA – PAGO POSTERIOR - TRANSFERENCIA SWIFT', 'TARJETA – PAGO POSTERIOR - GIFT-CARD', 'TARJETA – PAGO POSTERIOR - CANAL DE PAGO', 'TARJETA – PAGO POSTERIOR - BILLETERA MOVIL', 'TARJETA – PAGO POSTERIOR - PAGO ONLINE', 'TARJETA – TRANSFERENCIA BANCARIA – DEPOSITO EN CUENTA', 'TARJETA – TRANSFERENCIA BANCARIA - TRANSFERENCIA SWIFT', 'TARJETA – TRANSFERENCIA BANCARIA – GIFT-CARD', 'TARJETA – TRANSFERENCIA BANCARIA – CANAL DE PAGO', 'TARJETA – TRANSFERENCIA  BANCARIA – BILLETERA MOVIL', 'TARJETA – TRANSFERENCIA BANCARIA – PAGO ONLINE', 'TARJETA – DEPOSITO EN CUENTA – TRANSFERENCIA SWIFT', 'TARJETA – DEPOSITO EN CUENTA – GIFT-CARD', 'TARJETA – DEPOSITO EN CUENTA – CANAL DE PAGO', 'TARJETA – DEPOSITO EN CUENTA  – BILLETERA MOVIL', 'TARJETA – DEPOSITO EN CUENTA – PAGO ONLINE', 'TARJETA – SWIFT - GIFT-CARD', 'TARJETA – SWIFT - CANAL DE PAGO', 'TARJETA – SWIFT - BILLETERA MOVIL', 'TARJETA – SWIFT - PAGO ONLINE', 'TARJETA – GIFT - CANAL DE PAGO', 'TARJETA – GIFT - BILLETERA MOVIL', 'TARJETA – GIFT - PAGO ONLINE', 'TARJETA – CANAL PAGO - BILLETERA MOVIL', 'TARJETA – CANAL PAGO - PAGO ONLINE', 'TARJETA – BILLETERA MOVIL - PAGO ONLINE', 'CHEQUE – VALES - PAGO POSTERIOR', 'CHEQUE – VALES - TRANSFERENCIA BANCARIA', 'CHEQUE – VALES - DEPOSITO EN CUENTA', 'CHEQUE – VALES - TRANSFERENCIA SWIFT', 'CHEQUE – VALES - GIFT-CARD', 'CHEQUE – VALES - CANAL DE PAGO', 'CHEQUE – VALES - BILLETERA MOVIL', 'CHEQUE – VALES - PAGO ONLINE', 'CHEQUE – PAGO POSTERIOR - TRANSFERENCIA BANCARIA', 'CHEQUE – PAGO POSTERIOR - DEPOSITO EN CUENTA', 'CHEQUE – PAGO POSTERIOR - TRANSFERENCIA SWIFT', 'CHEQUE – PAGO POSTERIOR - GIFT-CARD', 'CHEQUE – PAGO POSTERIOR - CANAL DE PAGO', 'CHEQUE – PAGO POSTERIOR - BILLETERA MOVIL', 'CHEQUE – PAGO POSTERIOR - PAGO ONLINE', 'CHEQUE – TRANSFERENCIA BANCARIA – DEPOSITO EN CUENTA', 'CHEQUE – TRANSFERENCIA BANCARIA – TRANSFERENCIA SWIFT', 'CHEQUE – TRANSFERENCIA BANCARIA – GIFT-CARD', 'CHEQUE – TRANSFERENCIA BANCARIA – CANAL DE PAGO', 'CHEQUE – TRANSFERENCIA BANCARIA – BILLETERA MOVIL', 'CHEQUE – TRANSFERENCIA BANCARIA – PAGO ONLINE', 'CHEQUE – DEPOSITO EN CUENTA - TRANSFERENCIA SWIFT', 'CHEQUE – DEPOSITO EN CUENTA - GIFT-CARD', 'CHEQUE – DEPOSITO EN CUENTA - CANAL DE PAGO', 'CHEQUE – DEPOSITO EN CUENTA - BILLETERA MOVIL', 'CHEQUE – DEPOSITO EN CUENTA - PAGO ONLINE', 'CHEQUE – SWIFT - GIFT-CARD', 'CHEQUE – SWIFT - CANAL DE PAGO', 'CHEQUE – SWIFT - BILLETERA MOVIL', 'CHEQUE – SWIFT - PAGO ONLINE', 'CHEQUE – GIFT - CANAL DE PAGO', 'CHEQUE – GIFT - BILLETERA MOVIL', 'CHEQUE – GIFT - PAGO ONLINE', 'CHEQUE – CANAL PAGO - BILLETERA MOVIL', 'CHEQUE – CANAL PAGO - PAGO ONLINE', 'CHEQUE – BILLETERA MOVIL  – PAGO ONLINE', 'VALES – SWIFT - TRANSFERENCIA BANCARIA', 'VALES – SWIFT - DEPOSITO EN CUENTA', 'VALES – SWIFT - TRANSFERENCIA SWIFT', 'VALES – SWIFT - GIFT-CARD', 'VALES – SWIFT - CANAL DE PAGO', 'VALES – SWIFT - BILLETERA MOVIL', 'VALES – SWIFT - PAGO ONLINE', 'VALES – GIFT - DEPOSITO EN CUENTA', 'VALES – GIFT - TRANSFERENCIA SWIFT', 'VALES – GIFT-CARD – TARJETA', 'VALES – GIFT - CANAL DE PAGO', 'VALES – GIFT - BILLETERA MOVIL', 'VALES – GIFT - PAGO ONLINE', 'VALES – CANAL DE PAGO  – TRANSFERENCIA SWIFT', 'VALES – CANAL DE PAGO  – GIFT-CARD', 'VALES – CANAL DE PAGO  – CANAL DE PAGO', 'VALES – CANAL DE PAGO  – BILLETERA MOVIL', 'VALES – CANAL DE PAGO  – PAGO ONLINE', 'VALES – BILLETERA MOVIL – GIFT-CARD', 'VALES – BILLETERA MOVIL – CANAL DE PAGO', 'VALES – BILLETERA MOVIL – BILLETERA MOVIL', 'VALES – BILLETERA MOVIL – PAGO ONLINE', 'VALES – PAGO ONLINE - CANAL DE PAGO', 'VALES – PAGO ONLINE - BILLETERA MOVIL', 'VALES – PAGO ONLINE - PAGO ONLINE', 'PAGO POSTERIOR – TRANSFERENCIA BANCARIA  – DEPOSITO EN CUENTA', 'PAGO POSTERIOR – TRANSFERENCIA BANCARIA  – TRANSFERENCIA SWIFT', 'PAGO POSTERIOR – TRANSFERENCIA BANCARIA  – GIFT-CARD', 'PAGO POSTERIOR – TRANSFERENCIA BANCARIA  – CANAL DE PAGO', 'PAGO POSTERIOR – TRANSFERENCIA BANCARIA  – BILLETERA MOVIL', 'PAGO POSTERIOR – TRANSFERENCIA BANCARIA  – PAGO ONLINE', 'PAGO POSTERIOR – DEPOSITO EN CUENTA  – TRANSFERENCIA SWIFT', 'PAGO POSTERIOR – DEPOSITO EN CUENTA  – GIFT-CARD', 'PAGO POSTERIOR – DEPOSITO EN CUENTA  – CANAL DE PAGO', 'PAGO POSTERIOR – DEPOSITO EN CUENTA  – BILLETERA MOVIL', 'PAGO POSTERIOR – DEPOSITO EN CUENTA  – PAGO ONLINE', 'PAGO POSTERIOR – SWIFT - GIFT-CARD', 'PAGO POSTERIOR – SWIFT - CANAL DE PAGO', 'PAGO POSTERIOR – SWIFT - BILLETERA MOVIL', 'PAGO POSTERIOR – SWIFT - PAGO ONLINE', 'PAGO POSTERIOR – GIFT - CANAL DE PAGO', 'PAGO POSTERIOR – GIFT - BILLETERA MOVIL', 'PAGO POSTERIOR – GIFT - PAGO ONLINE', 'PAGO POSTERIOR – CANAL DE PAGO - BILLETERA MOVIL', 'PAGO POSTERIOR – CANAL DE PAGO - PAGO ONLINE', 'PAGO POSTERIOR – BILLETERA MOVIL - PAGO ONLINE', 'TRANSFERENCIA BANCARIA – DEPOSITO EN CUENTA  – TRANSFERENCIA SWIFT', 'TRANSFERENCIA BANCARIA – DEPOSITO  EN CUENTA – GIFT-CARD', 'TRANSFERENCIA BANCARIA – DEPOSITO  EN CUENTA – CANAL DE PAGO', 'TRANSFERENCIA BANCARIA – DEPOSITO EN CUENTA   – BILLETERA MOVIL', 'TRANSFERENCIA BANCARIA– DEPOSITO  EN CUENTA – PAGO ONLINE', 'TRANSFERENCIA BANCARIA – SWIFT  – GIFT-CARD', 'TRANSFERENCIA BANCARIA – SWIFT  – CANAL DE PAGO', 'TRANSFERENCIA BANCARIA – SWIFT  – BILLETERA MOVIL', 'TRANSFERENCIA BANCARIA – SWIFT  – PAGO ONLINE', 'TRANSFERENCIA BANCARIA – GIFT-CARD  – CANAL DE PAGO', 'TRANSFERENCIA BANCARIA – GIFT-CARD  – BILLETERA MOVIL', 'TRANSFERENCIA BANCARIA – GIFT-CARD  – PAGO ONLINE', 'TRANSFERENCIA BANCARIA – CANAL DE PAGO – BILLETERA MOVIL', 'TRANSFERENCIA BANCARIA – CANAL DE PAGO – PAGO ONLINE', 'TRANSFERENCIA BANCARIA – BILLETERA MOVIL – PAGO ONLINE', 'DEPOSITO EN CUENTA  – SWIFT  – GIFT-CARD', 'DEPOSITO EN CUENTA  – SWIFT  – CANAL DE PAGO', 'DEPOSITO EN CUENTA  – SWIFT  – BILLETERA MOVIL', 'DEPOSITO EN CUENTA  – SWIFT  – PAGO ONLINE', 'DEPOSITO EN CUENTA – GIFT-CARD  – CANAL DE PAGO', 'DEPOSITO EN CUENTA – GIFT-CARD  – BILLETERA MOVIL', 'DEPOSITO EN CUENTA  – GIFT-CARD  – PAGO ONLINE', 'DEPOSITO EN CUENTA –  CANAL DE PAGO  – BILLETERA MOVIL', 'DEPOSITO EN CUENTA – CANAL DE PAGO   – PAGO ONLINE', 'DEPOSITO EN CUENTA – BILLETERA MOVIL  – PAGO ONLINE', 'SWIFT – GIFT - CANAL DE PAGO', 'SWIFT – GIFT - BILLETERA MOVIL', 'SWIFT – GIFT - PAGO ONLINE', 'SWIFT – CANAL DE PAGO  – BILLETERA MOVIL', 'SWIFT – CANAL  DE PAGO – PAGO ONLINE', 'SWIFT – BILLETERA MOVIL  – PAGO ONLINE', 'GIFT-CARD – CANAL DE PAGO  – BILLETERA MOVIL', 'GIFT-CARD – CANAL DE PAGO  – PAGO ONLINE', 'GIFT-CARD – BILLETERA MOVIL - PAGO ONLINE', 'CANAL DE PAGO – BILLETERA MOVIL  – PAGO ONLINE', 'DEBITO AUTOMATICO', 'DEBITO AUTOMATICO – EFECTIVO', 'DEBITO AUTOMATICO -TARJETA', 'DEBITO AUTOMATICO – CHEQUE']
2024-07-19 03:48:56,033 - DEBUG - Índice del método de pago predeterminado: 0
2024-07-19 03:48:56,043 - DEBUG - Método de pago seleccionado: EFECTIVO
2024-07-19 03:48:56,052 - INFO - Código clasificador del método de pago seleccionado: 1 (<class 'int'>)
2024-07-19 03:48:56,062 - DEBUG - Aplicar Descuento: False
2024-07-19 03:48:56,070 - INFO - Verificando si el código clasificador 1 (<class 'int'>) está en la lista de códigos de gift card: [102, 109, 115, 120, 124, 128, 129, 130, 138, 146, 153, 159, 164, 168, 172, 173, 174, 182, 189, 195, 200, 204, 208, 209, 210, 217, 221, 222, 223, 224, 225, 226, 228, 232, 241, 246, 250, 254, 255, 256, 261, 265, 269, 270, 271, 275, 279, 280, 281, 285, 286, 287, 291, 292, 293, 30, 304, 35, 40, 49, 53, 60, 64, 68, 72, 76, 77, 78, 86, 94]
2024-07-19 03:48:56,080 - WARNING - El código del método de pago seleccionado (1) no permite aplicar Gift Card.
2024-07-19 03:48:56,127 - DEBUG - Descuento Adicional Final: 0
2024-07-19 03:48:56,144 - DEBUG - Monto Gift Card Final: 0
2024-07-19 03:49:03,956 - DEBUG - Opciones de métodos de pago: ['DEBITO AUTOMATICO -  VALE', 'DEBITO AUTOMATICO -  PAGO POSTERIOR', 'DEBITO AUTOMATICO -  TRANSFERENCIA BANCARIA', 'DEBITO AUTOMATICO -  DEPOSITO EN CUENTA', 'DEBITO AUTOMATICO -  TRANSFERENCIA SWIFT', 'DEBITO AUTOMATICO -  GIFT CARD', 'DEBITO AUTOMATICO -  CANAL DE PAGO', 'DEBITO AUTOMATICO -  BILLETERA MOVIL', 'DEBITO AUTOMATICO -  PAGO ONLINE', 'DEBITO AUTOMATICO – OTRO', 'EFECTIVO-TARJETA', 'EFECTIVO-CHEQUE', 'EFECTIVO-VALES', 'EFECTIVO – TRANSFERENCIA BANCARIA', 'EFECTIVO-DEPOSITO EN CUENTA', 'EFECTIVO – TRANSFERENCIA BANCARIA SWIFT', 'TARJETA-CHEQUE', 'TARJETA-VALES', 'TARJETA-TRANSFERENCIA BANCARIA', 'TARJETA-DEPOSITO EN CUENTA', 'TARJETA-TRANSFERENCIA SWIFT', 'VALES-TRANSFERENCIA BANCARIA', 'VALES – DEPOSITO EN CUENTA', 'VALES-TRANSFERENCIA SWIFT', 'TRANSFERENCIA BANCARIA-DEPOSITO EN CUENTA', 'TRANSFERENCIA BANCARIA-TRANSFERENCIA SWIFT', 'DEPOSITO EN CUENTA – TRANSFERENCIA SWIFT', 'PAGO POSTERIOR', 'TRANSFERENCIA BANCARIA', 'GIFT-CARD', 'DEPOSITO EN CUENTA', 'TRANSFERENCIA SWIFT', 'GIFT-CARD OTROS', 'CANAL DE PAGO', 'BILLETERA MOVIL', 'PAGO ONLINE', 'EFECTIVO – PAGO POSTERIOR', 'EFECTIVO – GIFT CARD', 'EFECTIVO – CANAL PAGO', 'EFECTIVO – BILLETERA MOVIL', 'EFECTIVO – PAGO ONLINE', 'TARJETA – PAGO POSTERIOR', 'TARJETA – GIFT', 'TARJETA – CANAL PAGO', 'TARJETA – BILLETERA MOVIL', 'TARJETA – PAGO ONLINE', 'CHEQUE – VALES', 'CHEQUE – PAGO POSTERIOR', 'CHEQUE – TRANSFERENCIA BANCARIA', 'CHEQUE – DEPOSITO', 'CHEQUE – SWIFT', 'CHEQUE – GIFT', 'CHEQUE – CANAL PAGO', 'CHEQUE – BILLETERA', 'CHEQUE – PAGO ONLINE', 'VALES – GIFT', 'VALES – CANAL DE PAGO', 'VALES – BILLETERA MOVIL', 'VALES – PAGO ONLINE', 'PAGO POSTERIOR – TRANSFERENCIA BANCARIA', 'PAGO POSTERIOR – DEPOSITO EN CUENTA', 'PAGO POSTERIOR – SWIFT', 'PAGO POSTERIOR – GIFT', 'PAGO POSTERIOR – CANAL', 'PAGO POSTERIOR – BILLETERA', 'PAGO POSTERIOR – PAGO ONLINE', 'EFECTIVO', 'TRANSFERENCIA BANCARIA – GIFT-CARD', 'TARJETA', 'TRANSFERENCIA BANCARIA – CANAL DE PAGO', 'CHEQUE', 'TRANSFERENCIA BANCARIA – BILLETERA MOVIL', 'VALES', 'TRANSFERENCIA BANCARIA – PAGO ONLINE', 'OTROS', 'DEPOSITO EN CUENTA – GIFT-CARD', 'DEPOSITO EN CUENTA – CANAL DE PAGO', 'DEPOSITO EN CUENTA – BILLETERA MOVIL', 'DEPOSITO EN CUENTA  – PAGO ONLINE', 'SWIFT – GIFT', 'SWIFT – CANAL DE PAGO', 'SWIFT – BILLETERA MOVIL', 'SWIFT – PAGO ONLINE', 'GIFT-CARD – CANAL DE PAGO', 'GIFT – BILLETERA', 'GIFT – PAGO ONLINE', 'CANAL DE PAGO – BILLETERA MOVIL', 'CANAL DE PAGO – PAGO ONLINE', 'BILLETERA MOVIL – PAGO ONLINE', 'EFECTIVO - TARJETA - PAGO POSTERIOR', 'EFECTIVO - TARJETA - TRANSFERENCIA BANCARIA', 'EFECTIVO - TARJETA - DEPOSITO EN CUENTA', 'EFECTIVO - TARJETA - TRANSFERENCIA SWIFT', 'EFECTIVO - TARJETA - GIFT-CARD', 'EFECTIVO - TARJETA - CANAL DE PAGO', 'EFECTIVO - TARJETA - BILLETERA MOVIL', 'EFECTIVO - TARJETA - PAGO ONLINE', 'EFECTIVO – CHEQUE - PAGO POSTERIOR', 'EFECTIVO – CHEQUE - TRANSFERENCIA BANCARIA', 'EFECTIVO – CHEQUE - DEPOSITO EN CUENTA', 'EFECTIVO – CHEQUE - TRANSFERENCIA SWIFT', 'EFECTIVO – CHEQUE - GIFT-CARD', 'EFECTIVO – CHEQUE - CANAL DE PAGO', 'EFECTIVO – CHEQUE - BILLETERA MOVIL', 'EFECTIVO – CHEQUE - PAGO ONLINE', 'EFECTIVO – VALES - PAGO POSTERIOR', 'EFECTIVO – VALES - TRANSFERENCIA BANCARIA', 'EFECTIVO – VALES - DEPOSITO EN CUENTA', 'EFECTIVO – VALES - TRANSFERENCIA SWIFT', 'EFECTIVO – VALES - GIFT-CARD', 'EFECTIVO – VALES - CANAL DE PAGO', 'EFECTIVO – VALES - BILLETERA MOVIL', 'EFECTIVO – VALES - PAGO ONLINE', 'EFECTIVO – PAGO POSTERIOR - TRANSFERENCIA BANCARIA', 'EFECTIVO – PAGO POSTERIOR - DEPOSITO EN CUENTA', 'EFECTIVO – PAGO POSTERIOR - TRANSFERENCIA SWIFT', 'EFECTIVO – PAGO POSTERIOR - GIFT-CARD', 'EFECTIVO – PAGO POSTERIOR - CANAL DE PAGO', 'EFECTIVO – PAGO POSTERIOR - BILLETERA MOVIL', 'EFECTIVO – PAGO POSTERIOR - PAGO ONLINE', 'EFECTIVO – TRANSFERENCIA BANCARIA  – DEPOSITO EN CUENTA', 'EFECTIVO – TRANSFERENCIA BANCARIA  – TRANSFERENCIA SWIFT', 'EFECTIVO – TRANSFERENCIA BANCARIA  – GIFT-CARD', 'EFECTIVO – TRANSFERENCIA BANCARIA  – CANAL DE PAGO', 'EFECTIVO – TRANSFERENCIA BANCARIA  – BILLETERA MOVIL', 'EFECTIVO – TRANSFERENCIA BANCARIA  – PAGO ONLINE', 'EFECTIVO – DEPOSITO EN CUENTA  – TRANSFERENCIA SWIFT', 'EFECTIVO – DEPOSITO EN CUENTA  – GIFT-CARD', 'EFECTIVO – DEPOSITO EN CUENTA  – CANAL DE PAGO', 'EFECTIVO – DEPOSITO EN CUENTA  – BILLETERA MOVIL', 'EFECTIVO – DEPOSITO EN CUENTA  – PAGO ONLINE', 'EFECTIVO – SWIFT - GIFT-CARD', 'EFECTIVO – SWIFT - CANAL DE PAGO', 'EFECTIVO – SWIFT - BILLETERA MOVIL', 'EFECTIVO – SWIFT - PAGO ONLINE', 'EFECTIVO – GIFT CARD - CANAL DE PAGO', 'EFECTIVO – GIFT CARD - BILLETERA MOVIL', 'EFECTIVO – GIFT CARD - PAGO ONLINE', 'EFECTIVO – CANAL PAGO - BILLETERA MOVIL', 'EFECTIVO – CANAL PAGO - PAGO ONLINE', 'EFECTIVO – BILLETERA MOVIL - PAGO ONLINE', 'TARJETA – CHEQUE - PAGO POSTERIOR', 'TARJETA – CHEQUE - TRANSFERENCIA BANCARIA', 'TARJETA – CHEQUE - DEPOSITO EN CUENTA', 'TARJETA – CHEQUE - TRANSFERENCIA SWIFT', 'TARJETA – CHEQUE - GIFT-CARD', 'TARJETA – CHEQUE - CANAL DE PAGO', 'TARJETA – CHEQUE - BILLETERA MOVIL', 'TARJETA – CHEQUE - PAGO ONLINE', 'TARJETA – VALES - PAGO POSTERIOR', 'TARJETA – VALES - TRANSFERENCIA BANCARIA', 'TARJETA – VALES - DEPOSITO EN CUENTA', 'TARJETA – VALES - TRANSFERENCIA SWIFT', 'TARJETA – VALES - GIFT-CARD', 'TARJETA – VALES - CANAL DE PAGO', 'TARJETA – VALES - BILLETERA MOVIL', 'TARJETA – VALES - PAGO ONLINE', 'TARJETA – PAGO POSTERIOR - TRANSFERENCIA BANCARIA', 'TARJETA – PAGO POSTERIOR - DEPOSITO EN CUENTA', 'TARJETA – PAGO POSTERIOR - TRANSFERENCIA SWIFT', 'TARJETA – PAGO POSTERIOR - GIFT-CARD', 'TARJETA – PAGO POSTERIOR - CANAL DE PAGO', 'TARJETA – PAGO POSTERIOR - BILLETERA MOVIL', 'TARJETA – PAGO POSTERIOR - PAGO ONLINE', 'TARJETA – TRANSFERENCIA BANCARIA – DEPOSITO EN CUENTA', 'TARJETA – TRANSFERENCIA BANCARIA - TRANSFERENCIA SWIFT', 'TARJETA – TRANSFERENCIA BANCARIA – GIFT-CARD', 'TARJETA – TRANSFERENCIA BANCARIA – CANAL DE PAGO', 'TARJETA – TRANSFERENCIA  BANCARIA – BILLETERA MOVIL', 'TARJETA – TRANSFERENCIA BANCARIA – PAGO ONLINE', 'TARJETA – DEPOSITO EN CUENTA – TRANSFERENCIA SWIFT', 'TARJETA – DEPOSITO EN CUENTA – GIFT-CARD', 'TARJETA – DEPOSITO EN CUENTA – CANAL DE PAGO', 'TARJETA – DEPOSITO EN CUENTA  – BILLETERA MOVIL', 'TARJETA – DEPOSITO EN CUENTA – PAGO ONLINE', 'TARJETA – SWIFT - GIFT-CARD', 'TARJETA – SWIFT - CANAL DE PAGO', 'TARJETA – SWIFT - BILLETERA MOVIL', 'TARJETA – SWIFT - PAGO ONLINE', 'TARJETA – GIFT - CANAL DE PAGO', 'TARJETA – GIFT - BILLETERA MOVIL', 'TARJETA – GIFT - PAGO ONLINE', 'TARJETA – CANAL PAGO - BILLETERA MOVIL', 'TARJETA – CANAL PAGO - PAGO ONLINE', 'TARJETA – BILLETERA MOVIL - PAGO ONLINE', 'CHEQUE – VALES - PAGO POSTERIOR', 'CHEQUE – VALES - TRANSFERENCIA BANCARIA', 'CHEQUE – VALES - DEPOSITO EN CUENTA', 'CHEQUE – VALES - TRANSFERENCIA SWIFT', 'CHEQUE – VALES - GIFT-CARD', 'CHEQUE – VALES - CANAL DE PAGO', 'CHEQUE – VALES - BILLETERA MOVIL', 'CHEQUE – VALES - PAGO ONLINE', 'CHEQUE – PAGO POSTERIOR - TRANSFERENCIA BANCARIA', 'CHEQUE – PAGO POSTERIOR - DEPOSITO EN CUENTA', 'CHEQUE – PAGO POSTERIOR - TRANSFERENCIA SWIFT', 'CHEQUE – PAGO POSTERIOR - GIFT-CARD', 'CHEQUE – PAGO POSTERIOR - CANAL DE PAGO', 'CHEQUE – PAGO POSTERIOR - BILLETERA MOVIL', 'CHEQUE – PAGO POSTERIOR - PAGO ONLINE', 'CHEQUE – TRANSFERENCIA BANCARIA – DEPOSITO EN CUENTA', 'CHEQUE – TRANSFERENCIA BANCARIA – TRANSFERENCIA SWIFT', 'CHEQUE – TRANSFERENCIA BANCARIA – GIFT-CARD', 'CHEQUE – TRANSFERENCIA BANCARIA – CANAL DE PAGO', 'CHEQUE – TRANSFERENCIA BANCARIA – BILLETERA MOVIL', 'CHEQUE – TRANSFERENCIA BANCARIA – PAGO ONLINE', 'CHEQUE – DEPOSITO EN CUENTA - TRANSFERENCIA SWIFT', 'CHEQUE – DEPOSITO EN CUENTA - GIFT-CARD', 'CHEQUE – DEPOSITO EN CUENTA - CANAL DE PAGO', 'CHEQUE – DEPOSITO EN CUENTA - BILLETERA MOVIL', 'CHEQUE – DEPOSITO EN CUENTA - PAGO ONLINE', 'CHEQUE – SWIFT - GIFT-CARD', 'CHEQUE – SWIFT - CANAL DE PAGO', 'CHEQUE – SWIFT - BILLETERA MOVIL', 'CHEQUE – SWIFT - PAGO ONLINE', 'CHEQUE – GIFT - CANAL DE PAGO', 'CHEQUE – GIFT - BILLETERA MOVIL', 'CHEQUE – GIFT - PAGO ONLINE', 'CHEQUE – CANAL PAGO - BILLETERA MOVIL', 'CHEQUE – CANAL PAGO - PAGO ONLINE', 'CHEQUE – BILLETERA MOVIL  – PAGO ONLINE', 'VALES – SWIFT - TRANSFERENCIA BANCARIA', 'VALES – SWIFT - DEPOSITO EN CUENTA', 'VALES – SWIFT - TRANSFERENCIA SWIFT', 'VALES – SWIFT - GIFT-CARD', 'VALES – SWIFT - CANAL DE PAGO', 'VALES – SWIFT - BILLETERA MOVIL', 'VALES – SWIFT - PAGO ONLINE', 'VALES – GIFT - DEPOSITO EN CUENTA', 'VALES – GIFT - TRANSFERENCIA SWIFT', 'VALES – GIFT-CARD – TARJETA', 'VALES – GIFT - CANAL DE PAGO', 'VALES – GIFT - BILLETERA MOVIL', 'VALES – GIFT - PAGO ONLINE', 'VALES – CANAL DE PAGO  – TRANSFERENCIA SWIFT', 'VALES – CANAL DE PAGO  – GIFT-CARD', 'VALES – CANAL DE PAGO  – CANAL DE PAGO', 'VALES – CANAL DE PAGO  – BILLETERA MOVIL', 'VALES – CANAL DE PAGO  – PAGO ONLINE', 'VALES – BILLETERA MOVIL – GIFT-CARD', 'VALES – BILLETERA MOVIL – CANAL DE PAGO', 'VALES – BILLETERA MOVIL – BILLETERA MOVIL', 'VALES – BILLETERA MOVIL – PAGO ONLINE', 'VALES – PAGO ONLINE - CANAL DE PAGO', 'VALES – PAGO ONLINE - BILLETERA MOVIL', 'VALES – PAGO ONLINE - PAGO ONLINE', 'PAGO POSTERIOR – TRANSFERENCIA BANCARIA  – DEPOSITO EN CUENTA', 'PAGO POSTERIOR – TRANSFERENCIA BANCARIA  – TRANSFERENCIA SWIFT', 'PAGO POSTERIOR – TRANSFERENCIA BANCARIA  – GIFT-CARD', 'PAGO POSTERIOR – TRANSFERENCIA BANCARIA  – CANAL DE PAGO', 'PAGO POSTERIOR – TRANSFERENCIA BANCARIA  – BILLETERA MOVIL', 'PAGO POSTERIOR – TRANSFERENCIA BANCARIA  – PAGO ONLINE', 'PAGO POSTERIOR – DEPOSITO EN CUENTA  – TRANSFERENCIA SWIFT', 'PAGO POSTERIOR – DEPOSITO EN CUENTA  – GIFT-CARD', 'PAGO POSTERIOR – DEPOSITO EN CUENTA  – CANAL DE PAGO', 'PAGO POSTERIOR – DEPOSITO EN CUENTA  – BILLETERA MOVIL', 'PAGO POSTERIOR – DEPOSITO EN CUENTA  – PAGO ONLINE', 'PAGO POSTERIOR – SWIFT - GIFT-CARD', 'PAGO POSTERIOR – SWIFT - CANAL DE PAGO', 'PAGO POSTERIOR – SWIFT - BILLETERA MOVIL', 'PAGO POSTERIOR – SWIFT - PAGO ONLINE', 'PAGO POSTERIOR – GIFT - CANAL DE PAGO', 'PAGO POSTERIOR – GIFT - BILLETERA MOVIL', 'PAGO POSTERIOR – GIFT - PAGO ONLINE', 'PAGO POSTERIOR – CANAL DE PAGO - BILLETERA MOVIL', 'PAGO POSTERIOR – CANAL DE PAGO - PAGO ONLINE', 'PAGO POSTERIOR – BILLETERA MOVIL - PAGO ONLINE', 'TRANSFERENCIA BANCARIA – DEPOSITO EN CUENTA  – TRANSFERENCIA SWIFT', 'TRANSFERENCIA BANCARIA – DEPOSITO  EN CUENTA – GIFT-CARD', 'TRANSFERENCIA BANCARIA – DEPOSITO  EN CUENTA – CANAL DE PAGO', 'TRANSFERENCIA BANCARIA – DEPOSITO EN CUENTA   – BILLETERA MOVIL', 'TRANSFERENCIA BANCARIA– DEPOSITO  EN CUENTA – PAGO ONLINE', 'TRANSFERENCIA BANCARIA – SWIFT  – GIFT-CARD', 'TRANSFERENCIA BANCARIA – SWIFT  – CANAL DE PAGO', 'TRANSFERENCIA BANCARIA – SWIFT  – BILLETERA MOVIL', 'TRANSFERENCIA BANCARIA – SWIFT  – PAGO ONLINE', 'TRANSFERENCIA BANCARIA – GIFT-CARD  – CANAL DE PAGO', 'TRANSFERENCIA BANCARIA – GIFT-CARD  – BILLETERA MOVIL', 'TRANSFERENCIA BANCARIA – GIFT-CARD  – PAGO ONLINE', 'TRANSFERENCIA BANCARIA – CANAL DE PAGO – BILLETERA MOVIL', 'TRANSFERENCIA BANCARIA – CANAL DE PAGO – PAGO ONLINE', 'TRANSFERENCIA BANCARIA – BILLETERA MOVIL – PAGO ONLINE', 'DEPOSITO EN CUENTA  – SWIFT  – GIFT-CARD', 'DEPOSITO EN CUENTA  – SWIFT  – CANAL DE PAGO', 'DEPOSITO EN CUENTA  – SWIFT  – BILLETERA MOVIL', 'DEPOSITO EN CUENTA  – SWIFT  – PAGO ONLINE', 'DEPOSITO EN CUENTA – GIFT-CARD  – CANAL DE PAGO', 'DEPOSITO EN CUENTA – GIFT-CARD  – BILLETERA MOVIL', 'DEPOSITO EN CUENTA  – GIFT-CARD  – PAGO ONLINE', 'DEPOSITO EN CUENTA –  CANAL DE PAGO  – BILLETERA MOVIL', 'DEPOSITO EN CUENTA – CANAL DE PAGO   – PAGO ONLINE', 'DEPOSITO EN CUENTA – BILLETERA MOVIL  – PAGO ONLINE', 'SWIFT – GIFT - CANAL DE PAGO', 'SWIFT – GIFT - BILLETERA MOVIL', 'SWIFT – GIFT - PAGO ONLINE', 'SWIFT – CANAL DE PAGO  – BILLETERA MOVIL', 'SWIFT – CANAL  DE PAGO – PAGO ONLINE', 'SWIFT – BILLETERA MOVIL  – PAGO ONLINE', 'GIFT-CARD – CANAL DE PAGO  – BILLETERA MOVIL', 'GIFT-CARD – CANAL DE PAGO  – PAGO ONLINE', 'GIFT-CARD – BILLETERA MOVIL - PAGO ONLINE', 'CANAL DE PAGO – BILLETERA MOVIL  – PAGO ONLINE', 'DEBITO AUTOMATICO', 'DEBITO AUTOMATICO – EFECTIVO', 'DEBITO AUTOMATICO -TARJETA', 'DEBITO AUTOMATICO – CHEQUE']
2024-07-19 03:49:03,990 - DEBUG - Índice del método de pago predeterminado: 0
2024-07-19 03:49:04,000 - DEBUG - Método de pago seleccionado: EFECTIVO
2024-07-19 03:49:04,010 - INFO - Código clasificador del método de pago seleccionado: 1 (<class 'int'>)
2024-07-19 03:49:04,019 - DEBUG - Aplicar Descuento: False
2024-07-19 03:49:04,029 - INFO - Verificando si el código clasificador 1 (<class 'int'>) está en la lista de códigos de gift card: [102, 109, 115, 120, 124, 128, 129, 130, 138, 146, 153, 159, 164, 168, 172, 173, 174, 182, 189, 195, 200, 204, 208, 209, 210, 217, 221, 222, 223, 224, 225, 226, 228, 232, 241, 246, 250, 254, 255, 256, 261, 265, 269, 270, 271, 275, 279, 280, 281, 285, 286, 287, 291, 292, 293, 30, 304, 35, 40, 49, 53, 60, 64, 68, 72, 76, 77, 78, 86, 94]
2024-07-19 03:49:04,040 - WARNING - El código del método de pago seleccionado (1) no permite aplicar Gift Card.
2024-07-19 03:49:04,049 - DEBUG - Descuento Adicional Final: 0
2024-07-19 03:49:04,058 - DEBUG - Monto Gift Card Final: 0
2024-07-19 03:49:06,639 - DEBUG - Opciones de métodos de pago: ['DEBITO AUTOMATICO -  VALE', 'DEBITO AUTOMATICO -  PAGO POSTERIOR', 'DEBITO AUTOMATICO -  TRANSFERENCIA BANCARIA', 'DEBITO AUTOMATICO -  DEPOSITO EN CUENTA', 'DEBITO AUTOMATICO -  TRANSFERENCIA SWIFT', 'DEBITO AUTOMATICO -  GIFT CARD', 'DEBITO AUTOMATICO -  CANAL DE PAGO', 'DEBITO AUTOMATICO -  BILLETERA MOVIL', 'DEBITO AUTOMATICO -  PAGO ONLINE', 'DEBITO AUTOMATICO – OTRO', 'EFECTIVO-TARJETA', 'EFECTIVO-CHEQUE', 'EFECTIVO-VALES', 'EFECTIVO – TRANSFERENCIA BANCARIA', 'EFECTIVO-DEPOSITO EN CUENTA', 'EFECTIVO – TRANSFERENCIA BANCARIA SWIFT', 'TARJETA-CHEQUE', 'TARJETA-VALES', 'TARJETA-TRANSFERENCIA BANCARIA', 'TARJETA-DEPOSITO EN CUENTA', 'TARJETA-TRANSFERENCIA SWIFT', 'VALES-TRANSFERENCIA BANCARIA', 'VALES – DEPOSITO EN CUENTA', 'VALES-TRANSFERENCIA SWIFT', 'TRANSFERENCIA BANCARIA-DEPOSITO EN CUENTA', 'TRANSFERENCIA BANCARIA-TRANSFERENCIA SWIFT', 'DEPOSITO EN CUENTA – TRANSFERENCIA SWIFT', 'PAGO POSTERIOR', 'TRANSFERENCIA BANCARIA', 'GIFT-CARD', 'DEPOSITO EN CUENTA', 'TRANSFERENCIA SWIFT', 'GIFT-CARD OTROS', 'CANAL DE PAGO', 'BILLETERA MOVIL', 'PAGO ONLINE', 'EFECTIVO – PAGO POSTERIOR', 'EFECTIVO – GIFT CARD', 'EFECTIVO – CANAL PAGO', 'EFECTIVO – BILLETERA MOVIL', 'EFECTIVO – PAGO ONLINE', 'TARJETA – PAGO POSTERIOR', 'TARJETA – GIFT', 'TARJETA – CANAL PAGO', 'TARJETA – BILLETERA MOVIL', 'TARJETA – PAGO ONLINE', 'CHEQUE – VALES', 'CHEQUE – PAGO POSTERIOR', 'CHEQUE – TRANSFERENCIA BANCARIA', 'CHEQUE – DEPOSITO', 'CHEQUE – SWIFT', 'CHEQUE – GIFT', 'CHEQUE – CANAL PAGO', 'CHEQUE – BILLETERA', 'CHEQUE – PAGO ONLINE', 'VALES – GIFT', 'VALES – CANAL DE PAGO', 'VALES – BILLETERA MOVIL', 'VALES – PAGO ONLINE', 'PAGO POSTERIOR – TRANSFERENCIA BANCARIA', 'PAGO POSTERIOR – DEPOSITO EN CUENTA', 'PAGO POSTERIOR – SWIFT', 'PAGO POSTERIOR – GIFT', 'PAGO POSTERIOR – CANAL', 'PAGO POSTERIOR – BILLETERA', 'PAGO POSTERIOR – PAGO ONLINE', 'EFECTIVO', 'TRANSFERENCIA BANCARIA – GIFT-CARD', 'TARJETA', 'TRANSFERENCIA BANCARIA – CANAL DE PAGO', 'CHEQUE', 'TRANSFERENCIA BANCARIA – BILLETERA MOVIL', 'VALES', 'TRANSFERENCIA BANCARIA – PAGO ONLINE', 'OTROS', 'DEPOSITO EN CUENTA – GIFT-CARD', 'DEPOSITO EN CUENTA – CANAL DE PAGO', 'DEPOSITO EN CUENTA – BILLETERA MOVIL', 'DEPOSITO EN CUENTA  – PAGO ONLINE', 'SWIFT – GIFT', 'SWIFT – CANAL DE PAGO', 'SWIFT – BILLETERA MOVIL', 'SWIFT – PAGO ONLINE', 'GIFT-CARD – CANAL DE PAGO', 'GIFT – BILLETERA', 'GIFT – PAGO ONLINE', 'CANAL DE PAGO – BILLETERA MOVIL', 'CANAL DE PAGO – PAGO ONLINE', 'BILLETERA MOVIL – PAGO ONLINE', 'EFECTIVO - TARJETA - PAGO POSTERIOR', 'EFECTIVO - TARJETA - TRANSFERENCIA BANCARIA', 'EFECTIVO - TARJETA - DEPOSITO EN CUENTA', 'EFECTIVO - TARJETA - TRANSFERENCIA SWIFT', 'EFECTIVO - TARJETA - GIFT-CARD', 'EFECTIVO - TARJETA - CANAL DE PAGO', 'EFECTIVO - TARJETA - BILLETERA MOVIL', 'EFECTIVO - TARJETA - PAGO ONLINE', 'EFECTIVO – CHEQUE - PAGO POSTERIOR', 'EFECTIVO – CHEQUE - TRANSFERENCIA BANCARIA', 'EFECTIVO – CHEQUE - DEPOSITO EN CUENTA', 'EFECTIVO – CHEQUE - TRANSFERENCIA SWIFT', 'EFECTIVO – CHEQUE - GIFT-CARD', 'EFECTIVO – CHEQUE - CANAL DE PAGO', 'EFECTIVO – CHEQUE - BILLETERA MOVIL', 'EFECTIVO – CHEQUE - PAGO ONLINE', 'EFECTIVO – VALES - PAGO POSTERIOR', 'EFECTIVO – VALES - TRANSFERENCIA BANCARIA', 'EFECTIVO – VALES - DEPOSITO EN CUENTA', 'EFECTIVO – VALES - TRANSFERENCIA SWIFT', 'EFECTIVO – VALES - GIFT-CARD', 'EFECTIVO – VALES - CANAL DE PAGO', 'EFECTIVO – VALES - BILLETERA MOVIL', 'EFECTIVO – VALES - PAGO ONLINE', 'EFECTIVO – PAGO POSTERIOR - TRANSFERENCIA BANCARIA', 'EFECTIVO – PAGO POSTERIOR - DEPOSITO EN CUENTA', 'EFECTIVO – PAGO POSTERIOR - TRANSFERENCIA SWIFT', 'EFECTIVO – PAGO POSTERIOR - GIFT-CARD', 'EFECTIVO – PAGO POSTERIOR - CANAL DE PAGO', 'EFECTIVO – PAGO POSTERIOR - BILLETERA MOVIL', 'EFECTIVO – PAGO POSTERIOR - PAGO ONLINE', 'EFECTIVO – TRANSFERENCIA BANCARIA  – DEPOSITO EN CUENTA', 'EFECTIVO – TRANSFERENCIA BANCARIA  – TRANSFERENCIA SWIFT', 'EFECTIVO – TRANSFERENCIA BANCARIA  – GIFT-CARD', 'EFECTIVO – TRANSFERENCIA BANCARIA  – CANAL DE PAGO', 'EFECTIVO – TRANSFERENCIA BANCARIA  – BILLETERA MOVIL', 'EFECTIVO – TRANSFERENCIA BANCARIA  – PAGO ONLINE', 'EFECTIVO – DEPOSITO EN CUENTA  – TRANSFERENCIA SWIFT', 'EFECTIVO – DEPOSITO EN CUENTA  – GIFT-CARD', 'EFECTIVO – DEPOSITO EN CUENTA  – CANAL DE PAGO', 'EFECTIVO – DEPOSITO EN CUENTA  – BILLETERA MOVIL', 'EFECTIVO – DEPOSITO EN CUENTA  – PAGO ONLINE', 'EFECTIVO – SWIFT - GIFT-CARD', 'EFECTIVO – SWIFT - CANAL DE PAGO', 'EFECTIVO – SWIFT - BILLETERA MOVIL', 'EFECTIVO – SWIFT - PAGO ONLINE', 'EFECTIVO – GIFT CARD - CANAL DE PAGO', 'EFECTIVO – GIFT CARD - BILLETERA MOVIL', 'EFECTIVO – GIFT CARD - PAGO ONLINE', 'EFECTIVO – CANAL PAGO - BILLETERA MOVIL', 'EFECTIVO – CANAL PAGO - PAGO ONLINE', 'EFECTIVO – BILLETERA MOVIL - PAGO ONLINE', 'TARJETA – CHEQUE - PAGO POSTERIOR', 'TARJETA – CHEQUE - TRANSFERENCIA BANCARIA', 'TARJETA – CHEQUE - DEPOSITO EN CUENTA', 'TARJETA – CHEQUE - TRANSFERENCIA SWIFT', 'TARJETA – CHEQUE - GIFT-CARD', 'TARJETA – CHEQUE - CANAL DE PAGO', 'TARJETA – CHEQUE - BILLETERA MOVIL', 'TARJETA – CHEQUE - PAGO ONLINE', 'TARJETA – VALES - PAGO POSTERIOR', 'TARJETA – VALES - TRANSFERENCIA BANCARIA', 'TARJETA – VALES - DEPOSITO EN CUENTA', 'TARJETA – VALES - TRANSFERENCIA SWIFT', 'TARJETA – VALES - GIFT-CARD', 'TARJETA – VALES - CANAL DE PAGO', 'TARJETA – VALES - BILLETERA MOVIL', 'TARJETA – VALES - PAGO ONLINE', 'TARJETA – PAGO POSTERIOR - TRANSFERENCIA BANCARIA', 'TARJETA – PAGO POSTERIOR - DEPOSITO EN CUENTA', 'TARJETA – PAGO POSTERIOR - TRANSFERENCIA SWIFT', 'TARJETA – PAGO POSTERIOR - GIFT-CARD', 'TARJETA – PAGO POSTERIOR - CANAL DE PAGO', 'TARJETA – PAGO POSTERIOR - BILLETERA MOVIL', 'TARJETA – PAGO POSTERIOR - PAGO ONLINE', 'TARJETA – TRANSFERENCIA BANCARIA – DEPOSITO EN CUENTA', 'TARJETA – TRANSFERENCIA BANCARIA - TRANSFERENCIA SWIFT', 'TARJETA – TRANSFERENCIA BANCARIA – GIFT-CARD', 'TARJETA – TRANSFERENCIA BANCARIA – CANAL DE PAGO', 'TARJETA – TRANSFERENCIA  BANCARIA – BILLETERA MOVIL', 'TARJETA – TRANSFERENCIA BANCARIA – PAGO ONLINE', 'TARJETA – DEPOSITO EN CUENTA – TRANSFERENCIA SWIFT', 'TARJETA – DEPOSITO EN CUENTA – GIFT-CARD', 'TARJETA – DEPOSITO EN CUENTA – CANAL DE PAGO', 'TARJETA – DEPOSITO EN CUENTA  – BILLETERA MOVIL', 'TARJETA – DEPOSITO EN CUENTA – PAGO ONLINE', 'TARJETA – SWIFT - GIFT-CARD', 'TARJETA – SWIFT - CANAL DE PAGO', 'TARJETA – SWIFT - BILLETERA MOVIL', 'TARJETA – SWIFT - PAGO ONLINE', 'TARJETA – GIFT - CANAL DE PAGO', 'TARJETA – GIFT - BILLETERA MOVIL', 'TARJETA – GIFT - PAGO ONLINE', 'TARJETA – CANAL PAGO - BILLETERA MOVIL', 'TARJETA – CANAL PAGO - PAGO ONLINE', 'TARJETA – BILLETERA MOVIL - PAGO ONLINE', 'CHEQUE – VALES - PAGO POSTERIOR', 'CHEQUE – VALES - TRANSFERENCIA BANCARIA', 'CHEQUE – VALES - DEPOSITO EN CUENTA', 'CHEQUE – VALES - TRANSFERENCIA SWIFT', 'CHEQUE – VALES - GIFT-CARD', 'CHEQUE – VALES - CANAL DE PAGO', 'CHEQUE – VALES - BILLETERA MOVIL', 'CHEQUE – VALES - PAGO ONLINE', 'CHEQUE – PAGO POSTERIOR - TRANSFERENCIA BANCARIA', 'CHEQUE – PAGO POSTERIOR - DEPOSITO EN CUENTA', 'CHEQUE – PAGO POSTERIOR - TRANSFERENCIA SWIFT', 'CHEQUE – PAGO POSTERIOR - GIFT-CARD', 'CHEQUE – PAGO POSTERIOR - CANAL DE PAGO', 'CHEQUE – PAGO POSTERIOR - BILLETERA MOVIL', 'CHEQUE – PAGO POSTERIOR - PAGO ONLINE', 'CHEQUE – TRANSFERENCIA BANCARIA – DEPOSITO EN CUENTA', 'CHEQUE – TRANSFERENCIA BANCARIA – TRANSFERENCIA SWIFT', 'CHEQUE – TRANSFERENCIA BANCARIA – GIFT-CARD', 'CHEQUE – TRANSFERENCIA BANCARIA – CANAL DE PAGO', 'CHEQUE – TRANSFERENCIA BANCARIA – BILLETERA MOVIL', 'CHEQUE – TRANSFERENCIA BANCARIA – PAGO ONLINE', 'CHEQUE – DEPOSITO EN CUENTA - TRANSFERENCIA SWIFT', 'CHEQUE – DEPOSITO EN CUENTA - GIFT-CARD', 'CHEQUE – DEPOSITO EN CUENTA - CANAL DE PAGO', 'CHEQUE – DEPOSITO EN CUENTA - BILLETERA MOVIL', 'CHEQUE – DEPOSITO EN CUENTA - PAGO ONLINE', 'CHEQUE – SWIFT - GIFT-CARD', 'CHEQUE – SWIFT - CANAL DE PAGO', 'CHEQUE – SWIFT - BILLETERA MOVIL', 'CHEQUE – SWIFT - PAGO ONLINE', 'CHEQUE – GIFT - CANAL DE PAGO', 'CHEQUE – GIFT - BILLETERA MOVIL', 'CHEQUE – GIFT - PAGO ONLINE', 'CHEQUE – CANAL PAGO - BILLETERA MOVIL', 'CHEQUE – CANAL PAGO - PAGO ONLINE', 'CHEQUE – BILLETERA MOVIL  – PAGO ONLINE', 'VALES – SWIFT - TRANSFERENCIA BANCARIA', 'VALES – SWIFT - DEPOSITO EN CUENTA', 'VALES – SWIFT - TRANSFERENCIA SWIFT', 'VALES – SWIFT - GIFT-CARD', 'VALES – SWIFT - CANAL DE PAGO', 'VALES – SWIFT - BILLETERA MOVIL', 'VALES – SWIFT - PAGO ONLINE', 'VALES – GIFT - DEPOSITO EN CUENTA', 'VALES – GIFT - TRANSFERENCIA SWIFT', 'VALES – GIFT-CARD – TARJETA', 'VALES – GIFT - CANAL DE PAGO', 'VALES – GIFT - BILLETERA MOVIL', 'VALES – GIFT - PAGO ONLINE', 'VALES – CANAL DE PAGO  – TRANSFERENCIA SWIFT', 'VALES – CANAL DE PAGO  – GIFT-CARD', 'VALES – CANAL DE PAGO  – CANAL DE PAGO', 'VALES – CANAL DE PAGO  – BILLETERA MOVIL', 'VALES – CANAL DE PAGO  – PAGO ONLINE', 'VALES – BILLETERA MOVIL – GIFT-CARD', 'VALES – BILLETERA MOVIL – CANAL DE PAGO', 'VALES – BILLETERA MOVIL – BILLETERA MOVIL', 'VALES – BILLETERA MOVIL – PAGO ONLINE', 'VALES – PAGO ONLINE - CANAL DE PAGO', 'VALES – PAGO ONLINE - BILLETERA MOVIL', 'VALES – PAGO ONLINE - PAGO ONLINE', 'PAGO POSTERIOR – TRANSFERENCIA BANCARIA  – DEPOSITO EN CUENTA', 'PAGO POSTERIOR – TRANSFERENCIA BANCARIA  – TRANSFERENCIA SWIFT', 'PAGO POSTERIOR – TRANSFERENCIA BANCARIA  – GIFT-CARD', 'PAGO POSTERIOR – TRANSFERENCIA BANCARIA  – CANAL DE PAGO', 'PAGO POSTERIOR – TRANSFERENCIA BANCARIA  – BILLETERA MOVIL', 'PAGO POSTERIOR – TRANSFERENCIA BANCARIA  – PAGO ONLINE', 'PAGO POSTERIOR – DEPOSITO EN CUENTA  – TRANSFERENCIA SWIFT', 'PAGO POSTERIOR – DEPOSITO EN CUENTA  – GIFT-CARD', 'PAGO POSTERIOR – DEPOSITO EN CUENTA  – CANAL DE PAGO', 'PAGO POSTERIOR – DEPOSITO EN CUENTA  – BILLETERA MOVIL', 'PAGO POSTERIOR – DEPOSITO EN CUENTA  – PAGO ONLINE', 'PAGO POSTERIOR – SWIFT - GIFT-CARD', 'PAGO POSTERIOR – SWIFT - CANAL DE PAGO', 'PAGO POSTERIOR – SWIFT - BILLETERA MOVIL', 'PAGO POSTERIOR – SWIFT - PAGO ONLINE', 'PAGO POSTERIOR – GIFT - CANAL DE PAGO', 'PAGO POSTERIOR – GIFT - BILLETERA MOVIL', 'PAGO POSTERIOR – GIFT - PAGO ONLINE', 'PAGO POSTERIOR – CANAL DE PAGO - BILLETERA MOVIL', 'PAGO POSTERIOR – CANAL DE PAGO - PAGO ONLINE', 'PAGO POSTERIOR – BILLETERA MOVIL - PAGO ONLINE', 'TRANSFERENCIA BANCARIA – DEPOSITO EN CUENTA  – TRANSFERENCIA SWIFT', 'TRANSFERENCIA BANCARIA – DEPOSITO  EN CUENTA – GIFT-CARD', 'TRANSFERENCIA BANCARIA – DEPOSITO  EN CUENTA – CANAL DE PAGO', 'TRANSFERENCIA BANCARIA – DEPOSITO EN CUENTA   – BILLETERA MOVIL', 'TRANSFERENCIA BANCARIA– DEPOSITO  EN CUENTA – PAGO ONLINE', 'TRANSFERENCIA BANCARIA – SWIFT  – GIFT-CARD', 'TRANSFERENCIA BANCARIA – SWIFT  – CANAL DE PAGO', 'TRANSFERENCIA BANCARIA – SWIFT  – BILLETERA MOVIL', 'TRANSFERENCIA BANCARIA – SWIFT  – PAGO ONLINE', 'TRANSFERENCIA BANCARIA – GIFT-CARD  – CANAL DE PAGO', 'TRANSFERENCIA BANCARIA – GIFT-CARD  – BILLETERA MOVIL', 'TRANSFERENCIA BANCARIA – GIFT-CARD  – PAGO ONLINE', 'TRANSFERENCIA BANCARIA – CANAL DE PAGO – BILLETERA MOVIL', 'TRANSFERENCIA BANCARIA – CANAL DE PAGO – PAGO ONLINE', 'TRANSFERENCIA BANCARIA – BILLETERA MOVIL – PAGO ONLINE', 'DEPOSITO EN CUENTA  – SWIFT  – GIFT-CARD', 'DEPOSITO EN CUENTA  – SWIFT  – CANAL DE PAGO', 'DEPOSITO EN CUENTA  – SWIFT  – BILLETERA MOVIL', 'DEPOSITO EN CUENTA  – SWIFT  – PAGO ONLINE', 'DEPOSITO EN CUENTA – GIFT-CARD  – CANAL DE PAGO', 'DEPOSITO EN CUENTA – GIFT-CARD  – BILLETERA MOVIL', 'DEPOSITO EN CUENTA  – GIFT-CARD  – PAGO ONLINE', 'DEPOSITO EN CUENTA –  CANAL DE PAGO  – BILLETERA MOVIL', 'DEPOSITO EN CUENTA – CANAL DE PAGO   – PAGO ONLINE', 'DEPOSITO EN CUENTA – BILLETERA MOVIL  – PAGO ONLINE', 'SWIFT – GIFT - CANAL DE PAGO', 'SWIFT – GIFT - BILLETERA MOVIL', 'SWIFT – GIFT - PAGO ONLINE', 'SWIFT – CANAL DE PAGO  – BILLETERA MOVIL', 'SWIFT – CANAL  DE PAGO – PAGO ONLINE', 'SWIFT – BILLETERA MOVIL  – PAGO ONLINE', 'GIFT-CARD – CANAL DE PAGO  – BILLETERA MOVIL', 'GIFT-CARD – CANAL DE PAGO  – PAGO ONLINE', 'GIFT-CARD – BILLETERA MOVIL - PAGO ONLINE', 'CANAL DE PAGO – BILLETERA MOVIL  – PAGO ONLINE', 'DEBITO AUTOMATICO', 'DEBITO AUTOMATICO – EFECTIVO', 'DEBITO AUTOMATICO -TARJETA', 'DEBITO AUTOMATICO – CHEQUE']
2024-07-19 03:49:06,672 - DEBUG - Índice del método de pago predeterminado: 0
2024-07-19 03:49:06,681 - DEBUG - Método de pago seleccionado: EFECTIVO
2024-07-19 03:49:06,690 - INFO - Código clasificador del método de pago seleccionado: 1 (<class 'int'>)
2024-07-19 03:49:06,701 - DEBUG - Aplicar Descuento: True
2024-07-19 03:49:06,711 - DEBUG - Descuento adicional ingresado: 0
2024-07-19 03:49:06,719 - INFO - Verificando si el código clasificador 1 (<class 'int'>) está en la lista de códigos de gift card: [102, 109, 115, 120, 124, 128, 129, 130, 138, 146, 153, 159, 164, 168, 172, 173, 174, 182, 189, 195, 200, 204, 208, 209, 210, 217, 221, 222, 223, 224, 225, 226, 228, 232, 241, 246, 250, 254, 255, 256, 261, 265, 269, 270, 271, 275, 279, 280, 281, 285, 286, 287, 291, 292, 293, 30, 304, 35, 40, 49, 53, 60, 64, 68, 72, 76, 77, 78, 86, 94]
2024-07-19 03:49:06,728 - WARNING - El código del método de pago seleccionado (1) no permite aplicar Gift Card.
2024-07-19 03:49:06,736 - DEBUG - Descuento Adicional Final: 0
2024-07-19 03:49:06,745 - DEBUG - Monto Gift Card Final: 0
2024-07-19 03:49:08,781 - DEBUG - Opciones de métodos de pago: ['DEBITO AUTOMATICO -  VALE', 'DEBITO AUTOMATICO -  PAGO POSTERIOR', 'DEBITO AUTOMATICO -  TRANSFERENCIA BANCARIA', 'DEBITO AUTOMATICO -  DEPOSITO EN CUENTA', 'DEBITO AUTOMATICO -  TRANSFERENCIA SWIFT', 'DEBITO AUTOMATICO -  GIFT CARD', 'DEBITO AUTOMATICO -  CANAL DE PAGO', 'DEBITO AUTOMATICO -  BILLETERA MOVIL', 'DEBITO AUTOMATICO -  PAGO ONLINE', 'DEBITO AUTOMATICO – OTRO', 'EFECTIVO-TARJETA', 'EFECTIVO-CHEQUE', 'EFECTIVO-VALES', 'EFECTIVO – TRANSFERENCIA BANCARIA', 'EFECTIVO-DEPOSITO EN CUENTA', 'EFECTIVO – TRANSFERENCIA BANCARIA SWIFT', 'TARJETA-CHEQUE', 'TARJETA-VALES', 'TARJETA-TRANSFERENCIA BANCARIA', 'TARJETA-DEPOSITO EN CUENTA', 'TARJETA-TRANSFERENCIA SWIFT', 'VALES-TRANSFERENCIA BANCARIA', 'VALES – DEPOSITO EN CUENTA', 'VALES-TRANSFERENCIA SWIFT', 'TRANSFERENCIA BANCARIA-DEPOSITO EN CUENTA', 'TRANSFERENCIA BANCARIA-TRANSFERENCIA SWIFT', 'DEPOSITO EN CUENTA – TRANSFERENCIA SWIFT', 'PAGO POSTERIOR', 'TRANSFERENCIA BANCARIA', 'GIFT-CARD', 'DEPOSITO EN CUENTA', 'TRANSFERENCIA SWIFT', 'GIFT-CARD OTROS', 'CANAL DE PAGO', 'BILLETERA MOVIL', 'PAGO ONLINE', 'EFECTIVO – PAGO POSTERIOR', 'EFECTIVO – GIFT CARD', 'EFECTIVO – CANAL PAGO', 'EFECTIVO – BILLETERA MOVIL', 'EFECTIVO – PAGO ONLINE', 'TARJETA – PAGO POSTERIOR', 'TARJETA – GIFT', 'TARJETA – CANAL PAGO', 'TARJETA – BILLETERA MOVIL', 'TARJETA – PAGO ONLINE', 'CHEQUE – VALES', 'CHEQUE – PAGO POSTERIOR', 'CHEQUE – TRANSFERENCIA BANCARIA', 'CHEQUE – DEPOSITO', 'CHEQUE – SWIFT', 'CHEQUE – GIFT', 'CHEQUE – CANAL PAGO', 'CHEQUE – BILLETERA', 'CHEQUE – PAGO ONLINE', 'VALES – GIFT', 'VALES – CANAL DE PAGO', 'VALES – BILLETERA MOVIL', 'VALES – PAGO ONLINE', 'PAGO POSTERIOR – TRANSFERENCIA BANCARIA', 'PAGO POSTERIOR – DEPOSITO EN CUENTA', 'PAGO POSTERIOR – SWIFT', 'PAGO POSTERIOR – GIFT', 'PAGO POSTERIOR – CANAL', 'PAGO POSTERIOR – BILLETERA', 'PAGO POSTERIOR – PAGO ONLINE', 'EFECTIVO', 'TRANSFERENCIA BANCARIA – GIFT-CARD', 'TARJETA', 'TRANSFERENCIA BANCARIA – CANAL DE PAGO', 'CHEQUE', 'TRANSFERENCIA BANCARIA – BILLETERA MOVIL', 'VALES', 'TRANSFERENCIA BANCARIA – PAGO ONLINE', 'OTROS', 'DEPOSITO EN CUENTA – GIFT-CARD', 'DEPOSITO EN CUENTA – CANAL DE PAGO', 'DEPOSITO EN CUENTA – BILLETERA MOVIL', 'DEPOSITO EN CUENTA  – PAGO ONLINE', 'SWIFT – GIFT', 'SWIFT – CANAL DE PAGO', 'SWIFT – BILLETERA MOVIL', 'SWIFT – PAGO ONLINE', 'GIFT-CARD – CANAL DE PAGO', 'GIFT – BILLETERA', 'GIFT – PAGO ONLINE', 'CANAL DE PAGO – BILLETERA MOVIL', 'CANAL DE PAGO – PAGO ONLINE', 'BILLETERA MOVIL – PAGO ONLINE', 'EFECTIVO - TARJETA - PAGO POSTERIOR', 'EFECTIVO - TARJETA - TRANSFERENCIA BANCARIA', 'EFECTIVO - TARJETA - DEPOSITO EN CUENTA', 'EFECTIVO - TARJETA - TRANSFERENCIA SWIFT', 'EFECTIVO - TARJETA - GIFT-CARD', 'EFECTIVO - TARJETA - CANAL DE PAGO', 'EFECTIVO - TARJETA - BILLETERA MOVIL', 'EFECTIVO - TARJETA - PAGO ONLINE', 'EFECTIVO – CHEQUE - PAGO POSTERIOR', 'EFECTIVO – CHEQUE - TRANSFERENCIA BANCARIA', 'EFECTIVO – CHEQUE - DEPOSITO EN CUENTA', 'EFECTIVO – CHEQUE - TRANSFERENCIA SWIFT', 'EFECTIVO – CHEQUE - GIFT-CARD', 'EFECTIVO – CHEQUE - CANAL DE PAGO', 'EFECTIVO – CHEQUE - BILLETERA MOVIL', 'EFECTIVO – CHEQUE - PAGO ONLINE', 'EFECTIVO – VALES - PAGO POSTERIOR', 'EFECTIVO – VALES - TRANSFERENCIA BANCARIA', 'EFECTIVO – VALES - DEPOSITO EN CUENTA', 'EFECTIVO – VALES - TRANSFERENCIA SWIFT', 'EFECTIVO – VALES - GIFT-CARD', 'EFECTIVO – VALES - CANAL DE PAGO', 'EFECTIVO – VALES - BILLETERA MOVIL', 'EFECTIVO – VALES - PAGO ONLINE', 'EFECTIVO – PAGO POSTERIOR - TRANSFERENCIA BANCARIA', 'EFECTIVO – PAGO POSTERIOR - DEPOSITO EN CUENTA', 'EFECTIVO – PAGO POSTERIOR - TRANSFERENCIA SWIFT', 'EFECTIVO – PAGO POSTERIOR - GIFT-CARD', 'EFECTIVO – PAGO POSTERIOR - CANAL DE PAGO', 'EFECTIVO – PAGO POSTERIOR - BILLETERA MOVIL', 'EFECTIVO – PAGO POSTERIOR - PAGO ONLINE', 'EFECTIVO – TRANSFERENCIA BANCARIA  – DEPOSITO EN CUENTA', 'EFECTIVO – TRANSFERENCIA BANCARIA  – TRANSFERENCIA SWIFT', 'EFECTIVO – TRANSFERENCIA BANCARIA  – GIFT-CARD', 'EFECTIVO – TRANSFERENCIA BANCARIA  – CANAL DE PAGO', 'EFECTIVO – TRANSFERENCIA BANCARIA  – BILLETERA MOVIL', 'EFECTIVO – TRANSFERENCIA BANCARIA  – PAGO ONLINE', 'EFECTIVO – DEPOSITO EN CUENTA  – TRANSFERENCIA SWIFT', 'EFECTIVO – DEPOSITO EN CUENTA  – GIFT-CARD', 'EFECTIVO – DEPOSITO EN CUENTA  – CANAL DE PAGO', 'EFECTIVO – DEPOSITO EN CUENTA  – BILLETERA MOVIL', 'EFECTIVO – DEPOSITO EN CUENTA  – PAGO ONLINE', 'EFECTIVO – SWIFT - GIFT-CARD', 'EFECTIVO – SWIFT - CANAL DE PAGO', 'EFECTIVO – SWIFT - BILLETERA MOVIL', 'EFECTIVO – SWIFT - PAGO ONLINE', 'EFECTIVO – GIFT CARD - CANAL DE PAGO', 'EFECTIVO – GIFT CARD - BILLETERA MOVIL', 'EFECTIVO – GIFT CARD - PAGO ONLINE', 'EFECTIVO – CANAL PAGO - BILLETERA MOVIL', 'EFECTIVO – CANAL PAGO - PAGO ONLINE', 'EFECTIVO – BILLETERA MOVIL - PAGO ONLINE', 'TARJETA – CHEQUE - PAGO POSTERIOR', 'TARJETA – CHEQUE - TRANSFERENCIA BANCARIA', 'TARJETA – CHEQUE - DEPOSITO EN CUENTA', 'TARJETA – CHEQUE - TRANSFERENCIA SWIFT', 'TARJETA – CHEQUE - GIFT-CARD', 'TARJETA – CHEQUE - CANAL DE PAGO', 'TARJETA – CHEQUE - BILLETERA MOVIL', 'TARJETA – CHEQUE - PAGO ONLINE', 'TARJETA – VALES - PAGO POSTERIOR', 'TARJETA – VALES - TRANSFERENCIA BANCARIA', 'TARJETA – VALES - DEPOSITO EN CUENTA', 'TARJETA – VALES - TRANSFERENCIA SWIFT', 'TARJETA – VALES - GIFT-CARD', 'TARJETA – VALES - CANAL DE PAGO', 'TARJETA – VALES - BILLETERA MOVIL', 'TARJETA – VALES - PAGO ONLINE', 'TARJETA – PAGO POSTERIOR - TRANSFERENCIA BANCARIA', 'TARJETA – PAGO POSTERIOR - DEPOSITO EN CUENTA', 'TARJETA – PAGO POSTERIOR - TRANSFERENCIA SWIFT', 'TARJETA – PAGO POSTERIOR - GIFT-CARD', 'TARJETA – PAGO POSTERIOR - CANAL DE PAGO', 'TARJETA – PAGO POSTERIOR - BILLETERA MOVIL', 'TARJETA – PAGO POSTERIOR - PAGO ONLINE', 'TARJETA – TRANSFERENCIA BANCARIA – DEPOSITO EN CUENTA', 'TARJETA – TRANSFERENCIA BANCARIA - TRANSFERENCIA SWIFT', 'TARJETA – TRANSFERENCIA BANCARIA – GIFT-CARD', 'TARJETA – TRANSFERENCIA BANCARIA – CANAL DE PAGO', 'TARJETA – TRANSFERENCIA  BANCARIA – BILLETERA MOVIL', 'TARJETA – TRANSFERENCIA BANCARIA – PAGO ONLINE', 'TARJETA – DEPOSITO EN CUENTA – TRANSFERENCIA SWIFT', 'TARJETA – DEPOSITO EN CUENTA – GIFT-CARD', 'TARJETA – DEPOSITO EN CUENTA – CANAL DE PAGO', 'TARJETA – DEPOSITO EN CUENTA  – BILLETERA MOVIL', 'TARJETA – DEPOSITO EN CUENTA – PAGO ONLINE', 'TARJETA – SWIFT - GIFT-CARD', 'TARJETA – SWIFT - CANAL DE PAGO', 'TARJETA – SWIFT - BILLETERA MOVIL', 'TARJETA – SWIFT - PAGO ONLINE', 'TARJETA – GIFT - CANAL DE PAGO', 'TARJETA – GIFT - BILLETERA MOVIL', 'TARJETA – GIFT - PAGO ONLINE', 'TARJETA – CANAL PAGO - BILLETERA MOVIL', 'TARJETA – CANAL PAGO - PAGO ONLINE', 'TARJETA – BILLETERA MOVIL - PAGO ONLINE', 'CHEQUE – VALES - PAGO POSTERIOR', 'CHEQUE – VALES - TRANSFERENCIA BANCARIA', 'CHEQUE – VALES - DEPOSITO EN CUENTA', 'CHEQUE – VALES - TRANSFERENCIA SWIFT', 'CHEQUE – VALES - GIFT-CARD', 'CHEQUE – VALES - CANAL DE PAGO', 'CHEQUE – VALES - BILLETERA MOVIL', 'CHEQUE – VALES - PAGO ONLINE', 'CHEQUE – PAGO POSTERIOR - TRANSFERENCIA BANCARIA', 'CHEQUE – PAGO POSTERIOR - DEPOSITO EN CUENTA', 'CHEQUE – PAGO POSTERIOR - TRANSFERENCIA SWIFT', 'CHEQUE – PAGO POSTERIOR - GIFT-CARD', 'CHEQUE – PAGO POSTERIOR - CANAL DE PAGO', 'CHEQUE – PAGO POSTERIOR - BILLETERA MOVIL', 'CHEQUE – PAGO POSTERIOR - PAGO ONLINE', 'CHEQUE – TRANSFERENCIA BANCARIA – DEPOSITO EN CUENTA', 'CHEQUE – TRANSFERENCIA BANCARIA – TRANSFERENCIA SWIFT', 'CHEQUE – TRANSFERENCIA BANCARIA – GIFT-CARD', 'CHEQUE – TRANSFERENCIA BANCARIA – CANAL DE PAGO', 'CHEQUE – TRANSFERENCIA BANCARIA – BILLETERA MOVIL', 'CHEQUE – TRANSFERENCIA BANCARIA – PAGO ONLINE', 'CHEQUE – DEPOSITO EN CUENTA - TRANSFERENCIA SWIFT', 'CHEQUE – DEPOSITO EN CUENTA - GIFT-CARD', 'CHEQUE – DEPOSITO EN CUENTA - CANAL DE PAGO', 'CHEQUE – DEPOSITO EN CUENTA - BILLETERA MOVIL', 'CHEQUE – DEPOSITO EN CUENTA - PAGO ONLINE', 'CHEQUE – SWIFT - GIFT-CARD', 'CHEQUE – SWIFT - CANAL DE PAGO', 'CHEQUE – SWIFT - BILLETERA MOVIL', 'CHEQUE – SWIFT - PAGO ONLINE', 'CHEQUE – GIFT - CANAL DE PAGO', 'CHEQUE – GIFT - BILLETERA MOVIL', 'CHEQUE – GIFT - PAGO ONLINE', 'CHEQUE – CANAL PAGO - BILLETERA MOVIL', 'CHEQUE – CANAL PAGO - PAGO ONLINE', 'CHEQUE – BILLETERA MOVIL  – PAGO ONLINE', 'VALES – SWIFT - TRANSFERENCIA BANCARIA', 'VALES – SWIFT - DEPOSITO EN CUENTA', 'VALES – SWIFT - TRANSFERENCIA SWIFT', 'VALES – SWIFT - GIFT-CARD', 'VALES – SWIFT - CANAL DE PAGO', 'VALES – SWIFT - BILLETERA MOVIL', 'VALES – SWIFT - PAGO ONLINE', 'VALES – GIFT - DEPOSITO EN CUENTA', 'VALES – GIFT - TRANSFERENCIA SWIFT', 'VALES – GIFT-CARD – TARJETA', 'VALES – GIFT - CANAL DE PAGO', 'VALES – GIFT - BILLETERA MOVIL', 'VALES – GIFT - PAGO ONLINE', 'VALES – CANAL DE PAGO  – TRANSFERENCIA SWIFT', 'VALES – CANAL DE PAGO  – GIFT-CARD', 'VALES – CANAL DE PAGO  – CANAL DE PAGO', 'VALES – CANAL DE PAGO  – BILLETERA MOVIL', 'VALES – CANAL DE PAGO  – PAGO ONLINE', 'VALES – BILLETERA MOVIL – GIFT-CARD', 'VALES – BILLETERA MOVIL – CANAL DE PAGO', 'VALES – BILLETERA MOVIL – BILLETERA MOVIL', 'VALES – BILLETERA MOVIL – PAGO ONLINE', 'VALES – PAGO ONLINE - CANAL DE PAGO', 'VALES – PAGO ONLINE - BILLETERA MOVIL', 'VALES – PAGO ONLINE - PAGO ONLINE', 'PAGO POSTERIOR – TRANSFERENCIA BANCARIA  – DEPOSITO EN CUENTA', 'PAGO POSTERIOR – TRANSFERENCIA BANCARIA  – TRANSFERENCIA SWIFT', 'PAGO POSTERIOR – TRANSFERENCIA BANCARIA  – GIFT-CARD', 'PAGO POSTERIOR – TRANSFERENCIA BANCARIA  – CANAL DE PAGO', 'PAGO POSTERIOR – TRANSFERENCIA BANCARIA  – BILLETERA MOVIL', 'PAGO POSTERIOR – TRANSFERENCIA BANCARIA  – PAGO ONLINE', 'PAGO POSTERIOR – DEPOSITO EN CUENTA  – TRANSFERENCIA SWIFT', 'PAGO POSTERIOR – DEPOSITO EN CUENTA  – GIFT-CARD', 'PAGO POSTERIOR – DEPOSITO EN CUENTA  – CANAL DE PAGO', 'PAGO POSTERIOR – DEPOSITO EN CUENTA  – BILLETERA MOVIL', 'PAGO POSTERIOR – DEPOSITO EN CUENTA  – PAGO ONLINE', 'PAGO POSTERIOR – SWIFT - GIFT-CARD', 'PAGO POSTERIOR – SWIFT - CANAL DE PAGO', 'PAGO POSTERIOR – SWIFT - BILLETERA MOVIL', 'PAGO POSTERIOR – SWIFT - PAGO ONLINE', 'PAGO POSTERIOR – GIFT - CANAL DE PAGO', 'PAGO POSTERIOR – GIFT - BILLETERA MOVIL', 'PAGO POSTERIOR – GIFT - PAGO ONLINE', 'PAGO POSTERIOR – CANAL DE PAGO - BILLETERA MOVIL', 'PAGO POSTERIOR – CANAL DE PAGO - PAGO ONLINE', 'PAGO POSTERIOR – BILLETERA MOVIL - PAGO ONLINE', 'TRANSFERENCIA BANCARIA – DEPOSITO EN CUENTA  – TRANSFERENCIA SWIFT', 'TRANSFERENCIA BANCARIA – DEPOSITO  EN CUENTA – GIFT-CARD', 'TRANSFERENCIA BANCARIA – DEPOSITO  EN CUENTA – CANAL DE PAGO', 'TRANSFERENCIA BANCARIA – DEPOSITO EN CUENTA   – BILLETERA MOVIL', 'TRANSFERENCIA BANCARIA– DEPOSITO  EN CUENTA – PAGO ONLINE', 'TRANSFERENCIA BANCARIA – SWIFT  – GIFT-CARD', 'TRANSFERENCIA BANCARIA – SWIFT  – CANAL DE PAGO', 'TRANSFERENCIA BANCARIA – SWIFT  – BILLETERA MOVIL', 'TRANSFERENCIA BANCARIA – SWIFT  – PAGO ONLINE', 'TRANSFERENCIA BANCARIA – GIFT-CARD  – CANAL DE PAGO', 'TRANSFERENCIA BANCARIA – GIFT-CARD  – BILLETERA MOVIL', 'TRANSFERENCIA BANCARIA – GIFT-CARD  – PAGO ONLINE', 'TRANSFERENCIA BANCARIA – CANAL DE PAGO – BILLETERA MOVIL', 'TRANSFERENCIA BANCARIA – CANAL DE PAGO – PAGO ONLINE', 'TRANSFERENCIA BANCARIA – BILLETERA MOVIL – PAGO ONLINE', 'DEPOSITO EN CUENTA  – SWIFT  – GIFT-CARD', 'DEPOSITO EN CUENTA  – SWIFT  – CANAL DE PAGO', 'DEPOSITO EN CUENTA  – SWIFT  – BILLETERA MOVIL', 'DEPOSITO EN CUENTA  – SWIFT  – PAGO ONLINE', 'DEPOSITO EN CUENTA – GIFT-CARD  – CANAL DE PAGO', 'DEPOSITO EN CUENTA – GIFT-CARD  – BILLETERA MOVIL', 'DEPOSITO EN CUENTA  – GIFT-CARD  – PAGO ONLINE', 'DEPOSITO EN CUENTA –  CANAL DE PAGO  – BILLETERA MOVIL', 'DEPOSITO EN CUENTA – CANAL DE PAGO   – PAGO ONLINE', 'DEPOSITO EN CUENTA – BILLETERA MOVIL  – PAGO ONLINE', 'SWIFT – GIFT - CANAL DE PAGO', 'SWIFT – GIFT - BILLETERA MOVIL', 'SWIFT – GIFT - PAGO ONLINE', 'SWIFT – CANAL DE PAGO  – BILLETERA MOVIL', 'SWIFT – CANAL  DE PAGO – PAGO ONLINE', 'SWIFT – BILLETERA MOVIL  – PAGO ONLINE', 'GIFT-CARD – CANAL DE PAGO  – BILLETERA MOVIL', 'GIFT-CARD – CANAL DE PAGO  – PAGO ONLINE', 'GIFT-CARD – BILLETERA MOVIL - PAGO ONLINE', 'CANAL DE PAGO – BILLETERA MOVIL  – PAGO ONLINE', 'DEBITO AUTOMATICO', 'DEBITO AUTOMATICO – EFECTIVO', 'DEBITO AUTOMATICO -TARJETA', 'DEBITO AUTOMATICO – CHEQUE']
2024-07-19 03:49:08,815 - DEBUG - Índice del método de pago predeterminado: 0
2024-07-19 03:49:08,825 - DEBUG - Método de pago seleccionado: EFECTIVO
2024-07-19 03:49:08,835 - INFO - Código clasificador del método de pago seleccionado: 1 (<class 'int'>)
2024-07-19 03:49:08,844 - DEBUG - Aplicar Descuento: True
2024-07-19 03:49:08,855 - DEBUG - Descuento adicional ingresado: 5
2024-07-19 03:49:08,864 - INFO - Verificando si el código clasificador 1 (<class 'int'>) está en la lista de códigos de gift card: [102, 109, 115, 120, 124, 128, 129, 130, 138, 146, 153, 159, 164, 168, 172, 173, 174, 182, 189, 195, 200, 204, 208, 209, 210, 217, 221, 222, 223, 224, 225, 226, 228, 232, 241, 246, 250, 254, 255, 256, 261, 265, 269, 270, 271, 275, 279, 280, 281, 285, 286, 287, 291, 292, 293, 30, 304, 35, 40, 49, 53, 60, 64, 68, 72, 76, 77, 78, 86, 94]
2024-07-19 03:49:08,873 - WARNING - El código del método de pago seleccionado (1) no permite aplicar Gift Card.
2024-07-19 03:49:08,881 - DEBUG - Descuento Adicional Final: 5
2024-07-19 03:49:08,889 - DEBUG - Monto Gift Card Final: 0
2024-07-19 03:49:09,049 - DEBUG - Opciones de métodos de pago: ['DEBITO AUTOMATICO -  VALE', 'DEBITO AUTOMATICO -  PAGO POSTERIOR', 'DEBITO AUTOMATICO -  TRANSFERENCIA BANCARIA', 'DEBITO AUTOMATICO -  DEPOSITO EN CUENTA', 'DEBITO AUTOMATICO -  TRANSFERENCIA SWIFT', 'DEBITO AUTOMATICO -  GIFT CARD', 'DEBITO AUTOMATICO -  CANAL DE PAGO', 'DEBITO AUTOMATICO -  BILLETERA MOVIL', 'DEBITO AUTOMATICO -  PAGO ONLINE', 'DEBITO AUTOMATICO – OTRO', 'EFECTIVO-TARJETA', 'EFECTIVO-CHEQUE', 'EFECTIVO-VALES', 'EFECTIVO – TRANSFERENCIA BANCARIA', 'EFECTIVO-DEPOSITO EN CUENTA', 'EFECTIVO – TRANSFERENCIA BANCARIA SWIFT', 'TARJETA-CHEQUE', 'TARJETA-VALES', 'TARJETA-TRANSFERENCIA BANCARIA', 'TARJETA-DEPOSITO EN CUENTA', 'TARJETA-TRANSFERENCIA SWIFT', 'VALES-TRANSFERENCIA BANCARIA', 'VALES – DEPOSITO EN CUENTA', 'VALES-TRANSFERENCIA SWIFT', 'TRANSFERENCIA BANCARIA-DEPOSITO EN CUENTA', 'TRANSFERENCIA BANCARIA-TRANSFERENCIA SWIFT', 'DEPOSITO EN CUENTA – TRANSFERENCIA SWIFT', 'PAGO POSTERIOR', 'TRANSFERENCIA BANCARIA', 'GIFT-CARD', 'DEPOSITO EN CUENTA', 'TRANSFERENCIA SWIFT', 'GIFT-CARD OTROS', 'CANAL DE PAGO', 'BILLETERA MOVIL', 'PAGO ONLINE', 'EFECTIVO – PAGO POSTERIOR', 'EFECTIVO – GIFT CARD', 'EFECTIVO – CANAL PAGO', 'EFECTIVO – BILLETERA MOVIL', 'EFECTIVO – PAGO ONLINE', 'TARJETA – PAGO POSTERIOR', 'TARJETA – GIFT', 'TARJETA – CANAL PAGO', 'TARJETA – BILLETERA MOVIL', 'TARJETA – PAGO ONLINE', 'CHEQUE – VALES', 'CHEQUE – PAGO POSTERIOR', 'CHEQUE – TRANSFERENCIA BANCARIA', 'CHEQUE – DEPOSITO', 'CHEQUE – SWIFT', 'CHEQUE – GIFT', 'CHEQUE – CANAL PAGO', 'CHEQUE – BILLETERA', 'CHEQUE – PAGO ONLINE', 'VALES – GIFT', 'VALES – CANAL DE PAGO', 'VALES – BILLETERA MOVIL', 'VALES – PAGO ONLINE', 'PAGO POSTERIOR – TRANSFERENCIA BANCARIA', 'PAGO POSTERIOR – DEPOSITO EN CUENTA', 'PAGO POSTERIOR – SWIFT', 'PAGO POSTERIOR – GIFT', 'PAGO POSTERIOR – CANAL', 'PAGO POSTERIOR – BILLETERA', 'PAGO POSTERIOR – PAGO ONLINE', 'EFECTIVO', 'TRANSFERENCIA BANCARIA – GIFT-CARD', 'TARJETA', 'TRANSFERENCIA BANCARIA – CANAL DE PAGO', 'CHEQUE', 'TRANSFERENCIA BANCARIA – BILLETERA MOVIL', 'VALES', 'TRANSFERENCIA BANCARIA – PAGO ONLINE', 'OTROS', 'DEPOSITO EN CUENTA – GIFT-CARD', 'DEPOSITO EN CUENTA – CANAL DE PAGO', 'DEPOSITO EN CUENTA – BILLETERA MOVIL', 'DEPOSITO EN CUENTA  – PAGO ONLINE', 'SWIFT – GIFT', 'SWIFT – CANAL DE PAGO', 'SWIFT – BILLETERA MOVIL', 'SWIFT – PAGO ONLINE', 'GIFT-CARD – CANAL DE PAGO', 'GIFT – BILLETERA', 'GIFT – PAGO ONLINE', 'CANAL DE PAGO – BILLETERA MOVIL', 'CANAL DE PAGO – PAGO ONLINE', 'BILLETERA MOVIL – PAGO ONLINE', 'EFECTIVO - TARJETA - PAGO POSTERIOR', 'EFECTIVO - TARJETA - TRANSFERENCIA BANCARIA', 'EFECTIVO - TARJETA - DEPOSITO EN CUENTA', 'EFECTIVO - TARJETA - TRANSFERENCIA SWIFT', 'EFECTIVO - TARJETA - GIFT-CARD', 'EFECTIVO - TARJETA - CANAL DE PAGO', 'EFECTIVO - TARJETA - BILLETERA MOVIL', 'EFECTIVO - TARJETA - PAGO ONLINE', 'EFECTIVO – CHEQUE - PAGO POSTERIOR', 'EFECTIVO – CHEQUE - TRANSFERENCIA BANCARIA', 'EFECTIVO – CHEQUE - DEPOSITO EN CUENTA', 'EFECTIVO – CHEQUE - TRANSFERENCIA SWIFT', 'EFECTIVO – CHEQUE - GIFT-CARD', 'EFECTIVO – CHEQUE - CANAL DE PAGO', 'EFECTIVO – CHEQUE - BILLETERA MOVIL', 'EFECTIVO – CHEQUE - PAGO ONLINE', 'EFECTIVO – VALES - PAGO POSTERIOR', 'EFECTIVO – VALES - TRANSFERENCIA BANCARIA', 'EFECTIVO – VALES - DEPOSITO EN CUENTA', 'EFECTIVO – VALES - TRANSFERENCIA SWIFT', 'EFECTIVO – VALES - GIFT-CARD', 'EFECTIVO – VALES - CANAL DE PAGO', 'EFECTIVO – VALES - BILLETERA MOVIL', 'EFECTIVO – VALES - PAGO ONLINE', 'EFECTIVO – PAGO POSTERIOR - TRANSFERENCIA BANCARIA', 'EFECTIVO – PAGO POSTERIOR - DEPOSITO EN CUENTA', 'EFECTIVO – PAGO POSTERIOR - TRANSFERENCIA SWIFT', 'EFECTIVO – PAGO POSTERIOR - GIFT-CARD', 'EFECTIVO – PAGO POSTERIOR - CANAL DE PAGO', 'EFECTIVO – PAGO POSTERIOR - BILLETERA MOVIL', 'EFECTIVO – PAGO POSTERIOR - PAGO ONLINE', 'EFECTIVO – TRANSFERENCIA BANCARIA  – DEPOSITO EN CUENTA', 'EFECTIVO – TRANSFERENCIA BANCARIA  – TRANSFERENCIA SWIFT', 'EFECTIVO – TRANSFERENCIA BANCARIA  – GIFT-CARD', 'EFECTIVO – TRANSFERENCIA BANCARIA  – CANAL DE PAGO', 'EFECTIVO – TRANSFERENCIA BANCARIA  – BILLETERA MOVIL', 'EFECTIVO – TRANSFERENCIA BANCARIA  – PAGO ONLINE', 'EFECTIVO – DEPOSITO EN CUENTA  – TRANSFERENCIA SWIFT', 'EFECTIVO – DEPOSITO EN CUENTA  – GIFT-CARD', 'EFECTIVO – DEPOSITO EN CUENTA  – CANAL DE PAGO', 'EFECTIVO – DEPOSITO EN CUENTA  – BILLETERA MOVIL', 'EFECTIVO – DEPOSITO EN CUENTA  – PAGO ONLINE', 'EFECTIVO – SWIFT - GIFT-CARD', 'EFECTIVO – SWIFT - CANAL DE PAGO', 'EFECTIVO – SWIFT - BILLETERA MOVIL', 'EFECTIVO – SWIFT - PAGO ONLINE', 'EFECTIVO – GIFT CARD - CANAL DE PAGO', 'EFECTIVO – GIFT CARD - BILLETERA MOVIL', 'EFECTIVO – GIFT CARD - PAGO ONLINE', 'EFECTIVO – CANAL PAGO - BILLETERA MOVIL', 'EFECTIVO – CANAL PAGO - PAGO ONLINE', 'EFECTIVO – BILLETERA MOVIL - PAGO ONLINE', 'TARJETA – CHEQUE - PAGO POSTERIOR', 'TARJETA – CHEQUE - TRANSFERENCIA BANCARIA', 'TARJETA – CHEQUE - DEPOSITO EN CUENTA', 'TARJETA – CHEQUE - TRANSFERENCIA SWIFT', 'TARJETA – CHEQUE - GIFT-CARD', 'TARJETA – CHEQUE - CANAL DE PAGO', 'TARJETA – CHEQUE - BILLETERA MOVIL', 'TARJETA – CHEQUE - PAGO ONLINE', 'TARJETA – VALES - PAGO POSTERIOR', 'TARJETA – VALES - TRANSFERENCIA BANCARIA', 'TARJETA – VALES - DEPOSITO EN CUENTA', 'TARJETA – VALES - TRANSFERENCIA SWIFT', 'TARJETA – VALES - GIFT-CARD', 'TARJETA – VALES - CANAL DE PAGO', 'TARJETA – VALES - BILLETERA MOVIL', 'TARJETA – VALES - PAGO ONLINE', 'TARJETA – PAGO POSTERIOR - TRANSFERENCIA BANCARIA', 'TARJETA – PAGO POSTERIOR - DEPOSITO EN CUENTA', 'TARJETA – PAGO POSTERIOR - TRANSFERENCIA SWIFT', 'TARJETA – PAGO POSTERIOR - GIFT-CARD', 'TARJETA – PAGO POSTERIOR - CANAL DE PAGO', 'TARJETA – PAGO POSTERIOR - BILLETERA MOVIL', 'TARJETA – PAGO POSTERIOR - PAGO ONLINE', 'TARJETA – TRANSFERENCIA BANCARIA – DEPOSITO EN CUENTA', 'TARJETA – TRANSFERENCIA BANCARIA - TRANSFERENCIA SWIFT', 'TARJETA – TRANSFERENCIA BANCARIA – GIFT-CARD', 'TARJETA – TRANSFERENCIA BANCARIA – CANAL DE PAGO', 'TARJETA – TRANSFERENCIA  BANCARIA – BILLETERA MOVIL', 'TARJETA – TRANSFERENCIA BANCARIA – PAGO ONLINE', 'TARJETA – DEPOSITO EN CUENTA – TRANSFERENCIA SWIFT', 'TARJETA – DEPOSITO EN CUENTA – GIFT-CARD', 'TARJETA – DEPOSITO EN CUENTA – CANAL DE PAGO', 'TARJETA – DEPOSITO EN CUENTA  – BILLETERA MOVIL', 'TARJETA – DEPOSITO EN CUENTA – PAGO ONLINE', 'TARJETA – SWIFT - GIFT-CARD', 'TARJETA – SWIFT - CANAL DE PAGO', 'TARJETA – SWIFT - BILLETERA MOVIL', 'TARJETA – SWIFT - PAGO ONLINE', 'TARJETA – GIFT - CANAL DE PAGO', 'TARJETA – GIFT - BILLETERA MOVIL', 'TARJETA – GIFT - PAGO ONLINE', 'TARJETA – CANAL PAGO - BILLETERA MOVIL', 'TARJETA – CANAL PAGO - PAGO ONLINE', 'TARJETA – BILLETERA MOVIL - PAGO ONLINE', 'CHEQUE – VALES - PAGO POSTERIOR', 'CHEQUE – VALES - TRANSFERENCIA BANCARIA', 'CHEQUE – VALES - DEPOSITO EN CUENTA', 'CHEQUE – VALES - TRANSFERENCIA SWIFT', 'CHEQUE – VALES - GIFT-CARD', 'CHEQUE – VALES - CANAL DE PAGO', 'CHEQUE – VALES - BILLETERA MOVIL', 'CHEQUE – VALES - PAGO ONLINE', 'CHEQUE – PAGO POSTERIOR - TRANSFERENCIA BANCARIA', 'CHEQUE – PAGO POSTERIOR - DEPOSITO EN CUENTA', 'CHEQUE – PAGO POSTERIOR - TRANSFERENCIA SWIFT', 'CHEQUE – PAGO POSTERIOR - GIFT-CARD', 'CHEQUE – PAGO POSTERIOR - CANAL DE PAGO', 'CHEQUE – PAGO POSTERIOR - BILLETERA MOVIL', 'CHEQUE – PAGO POSTERIOR - PAGO ONLINE', 'CHEQUE – TRANSFERENCIA BANCARIA – DEPOSITO EN CUENTA', 'CHEQUE – TRANSFERENCIA BANCARIA – TRANSFERENCIA SWIFT', 'CHEQUE – TRANSFERENCIA BANCARIA – GIFT-CARD', 'CHEQUE – TRANSFERENCIA BANCARIA – CANAL DE PAGO', 'CHEQUE – TRANSFERENCIA BANCARIA – BILLETERA MOVIL', 'CHEQUE – TRANSFERENCIA BANCARIA – PAGO ONLINE', 'CHEQUE – DEPOSITO EN CUENTA - TRANSFERENCIA SWIFT', 'CHEQUE – DEPOSITO EN CUENTA - GIFT-CARD', 'CHEQUE – DEPOSITO EN CUENTA - CANAL DE PAGO', 'CHEQUE – DEPOSITO EN CUENTA - BILLETERA MOVIL', 'CHEQUE – DEPOSITO EN CUENTA - PAGO ONLINE', 'CHEQUE – SWIFT - GIFT-CARD', 'CHEQUE – SWIFT - CANAL DE PAGO', 'CHEQUE – SWIFT - BILLETERA MOVIL', 'CHEQUE – SWIFT - PAGO ONLINE', 'CHEQUE – GIFT - CANAL DE PAGO', 'CHEQUE – GIFT - BILLETERA MOVIL', 'CHEQUE – GIFT - PAGO ONLINE', 'CHEQUE – CANAL PAGO - BILLETERA MOVIL', 'CHEQUE – CANAL PAGO - PAGO ONLINE', 'CHEQUE – BILLETERA MOVIL  – PAGO ONLINE', 'VALES – SWIFT - TRANSFERENCIA BANCARIA', 'VALES – SWIFT - DEPOSITO EN CUENTA', 'VALES – SWIFT - TRANSFERENCIA SWIFT', 'VALES – SWIFT - GIFT-CARD', 'VALES – SWIFT - CANAL DE PAGO', 'VALES – SWIFT - BILLETERA MOVIL', 'VALES – SWIFT - PAGO ONLINE', 'VALES – GIFT - DEPOSITO EN CUENTA', 'VALES – GIFT - TRANSFERENCIA SWIFT', 'VALES – GIFT-CARD – TARJETA', 'VALES – GIFT - CANAL DE PAGO', 'VALES – GIFT - BILLETERA MOVIL', 'VALES – GIFT - PAGO ONLINE', 'VALES – CANAL DE PAGO  – TRANSFERENCIA SWIFT', 'VALES – CANAL DE PAGO  – GIFT-CARD', 'VALES – CANAL DE PAGO  – CANAL DE PAGO', 'VALES – CANAL DE PAGO  – BILLETERA MOVIL', 'VALES – CANAL DE PAGO  – PAGO ONLINE', 'VALES – BILLETERA MOVIL – GIFT-CARD', 'VALES – BILLETERA MOVIL – CANAL DE PAGO', 'VALES – BILLETERA MOVIL – BILLETERA MOVIL', 'VALES – BILLETERA MOVIL – PAGO ONLINE', 'VALES – PAGO ONLINE - CANAL DE PAGO', 'VALES – PAGO ONLINE - BILLETERA MOVIL', 'VALES – PAGO ONLINE - PAGO ONLINE', 'PAGO POSTERIOR – TRANSFERENCIA BANCARIA  – DEPOSITO EN CUENTA', 'PAGO POSTERIOR – TRANSFERENCIA BANCARIA  – TRANSFERENCIA SWIFT', 'PAGO POSTERIOR – TRANSFERENCIA BANCARIA  – GIFT-CARD', 'PAGO POSTERIOR – TRANSFERENCIA BANCARIA  – CANAL DE PAGO', 'PAGO POSTERIOR – TRANSFERENCIA BANCARIA  – BILLETERA MOVIL', 'PAGO POSTERIOR – TRANSFERENCIA BANCARIA  – PAGO ONLINE', 'PAGO POSTERIOR – DEPOSITO EN CUENTA  – TRANSFERENCIA SWIFT', 'PAGO POSTERIOR – DEPOSITO EN CUENTA  – GIFT-CARD', 'PAGO POSTERIOR – DEPOSITO EN CUENTA  – CANAL DE PAGO', 'PAGO POSTERIOR – DEPOSITO EN CUENTA  – BILLETERA MOVIL', 'PAGO POSTERIOR – DEPOSITO EN CUENTA  – PAGO ONLINE', 'PAGO POSTERIOR – SWIFT - GIFT-CARD', 'PAGO POSTERIOR – SWIFT - CANAL DE PAGO', 'PAGO POSTERIOR – SWIFT - BILLETERA MOVIL', 'PAGO POSTERIOR – SWIFT - PAGO ONLINE', 'PAGO POSTERIOR – GIFT - CANAL DE PAGO', 'PAGO POSTERIOR – GIFT - BILLETERA MOVIL', 'PAGO POSTERIOR – GIFT - PAGO ONLINE', 'PAGO POSTERIOR – CANAL DE PAGO - BILLETERA MOVIL', 'PAGO POSTERIOR – CANAL DE PAGO - PAGO ONLINE', 'PAGO POSTERIOR – BILLETERA MOVIL - PAGO ONLINE', 'TRANSFERENCIA BANCARIA – DEPOSITO EN CUENTA  – TRANSFERENCIA SWIFT', 'TRANSFERENCIA BANCARIA – DEPOSITO  EN CUENTA – GIFT-CARD', 'TRANSFERENCIA BANCARIA – DEPOSITO  EN CUENTA – CANAL DE PAGO', 'TRANSFERENCIA BANCARIA – DEPOSITO EN CUENTA   – BILLETERA MOVIL', 'TRANSFERENCIA BANCARIA– DEPOSITO  EN CUENTA – PAGO ONLINE', 'TRANSFERENCIA BANCARIA – SWIFT  – GIFT-CARD', 'TRANSFERENCIA BANCARIA – SWIFT  – CANAL DE PAGO', 'TRANSFERENCIA BANCARIA – SWIFT  – BILLETERA MOVIL', 'TRANSFERENCIA BANCARIA – SWIFT  – PAGO ONLINE', 'TRANSFERENCIA BANCARIA – GIFT-CARD  – CANAL DE PAGO', 'TRANSFERENCIA BANCARIA – GIFT-CARD  – BILLETERA MOVIL', 'TRANSFERENCIA BANCARIA – GIFT-CARD  – PAGO ONLINE', 'TRANSFERENCIA BANCARIA – CANAL DE PAGO – BILLETERA MOVIL', 'TRANSFERENCIA BANCARIA – CANAL DE PAGO – PAGO ONLINE', 'TRANSFERENCIA BANCARIA – BILLETERA MOVIL – PAGO ONLINE', 'DEPOSITO EN CUENTA  – SWIFT  – GIFT-CARD', 'DEPOSITO EN CUENTA  – SWIFT  – CANAL DE PAGO', 'DEPOSITO EN CUENTA  – SWIFT  – BILLETERA MOVIL', 'DEPOSITO EN CUENTA  – SWIFT  – PAGO ONLINE', 'DEPOSITO EN CUENTA – GIFT-CARD  – CANAL DE PAGO', 'DEPOSITO EN CUENTA – GIFT-CARD  – BILLETERA MOVIL', 'DEPOSITO EN CUENTA  – GIFT-CARD  – PAGO ONLINE', 'DEPOSITO EN CUENTA –  CANAL DE PAGO  – BILLETERA MOVIL', 'DEPOSITO EN CUENTA – CANAL DE PAGO   – PAGO ONLINE', 'DEPOSITO EN CUENTA – BILLETERA MOVIL  – PAGO ONLINE', 'SWIFT – GIFT - CANAL DE PAGO', 'SWIFT – GIFT - BILLETERA MOVIL', 'SWIFT – GIFT - PAGO ONLINE', 'SWIFT – CANAL DE PAGO  – BILLETERA MOVIL', 'SWIFT – CANAL  DE PAGO – PAGO ONLINE', 'SWIFT – BILLETERA MOVIL  – PAGO ONLINE', 'GIFT-CARD – CANAL DE PAGO  – BILLETERA MOVIL', 'GIFT-CARD – CANAL DE PAGO  – PAGO ONLINE', 'GIFT-CARD – BILLETERA MOVIL - PAGO ONLINE', 'CANAL DE PAGO – BILLETERA MOVIL  – PAGO ONLINE', 'DEBITO AUTOMATICO', 'DEBITO AUTOMATICO – EFECTIVO', 'DEBITO AUTOMATICO -TARJETA', 'DEBITO AUTOMATICO – CHEQUE']
2024-07-19 03:49:09,084 - DEBUG - Índice del método de pago predeterminado: 0
2024-07-19 03:49:09,095 - DEBUG - Método de pago seleccionado: EFECTIVO
2024-07-19 03:49:09,102 - INFO - Código clasificador del método de pago seleccionado: 1 (<class 'int'>)
2024-07-19 03:49:09,111 - DEBUG - Aplicar Descuento: True
2024-07-19 03:49:09,119 - DEBUG - Descuento adicional ingresado: 10
2024-07-19 03:49:09,128 - INFO - Verificando si el código clasificador 1 (<class 'int'>) está en la lista de códigos de gift card: [102, 109, 115, 120, 124, 128, 129, 130, 138, 146, 153, 159, 164, 168, 172, 173, 174, 182, 189, 195, 200, 204, 208, 209, 210, 217, 221, 222, 223, 224, 225, 226, 228, 232, 241, 246, 250, 254, 255, 256, 261, 265, 269, 270, 271, 275, 279, 280, 281, 285, 286, 287, 291, 292, 293, 30, 304, 35, 40, 49, 53, 60, 64, 68, 72, 76, 77, 78, 86, 94]
2024-07-19 03:49:09,136 - WARNING - El código del método de pago seleccionado (1) no permite aplicar Gift Card.
2024-07-19 03:49:09,145 - DEBUG - Descuento Adicional Final: 10
2024-07-19 03:49:09,153 - DEBUG - Monto Gift Card Final: 0
2024-07-19 03:49:10,515 - DEBUG - Opciones de métodos de pago: ['DEBITO AUTOMATICO -  VALE', 'DEBITO AUTOMATICO -  PAGO POSTERIOR', 'DEBITO AUTOMATICO -  TRANSFERENCIA BANCARIA', 'DEBITO AUTOMATICO -  DEPOSITO EN CUENTA', 'DEBITO AUTOMATICO -  TRANSFERENCIA SWIFT', 'DEBITO AUTOMATICO -  GIFT CARD', 'DEBITO AUTOMATICO -  CANAL DE PAGO', 'DEBITO AUTOMATICO -  BILLETERA MOVIL', 'DEBITO AUTOMATICO -  PAGO ONLINE', 'DEBITO AUTOMATICO – OTRO', 'EFECTIVO-TARJETA', 'EFECTIVO-CHEQUE', 'EFECTIVO-VALES', 'EFECTIVO – TRANSFERENCIA BANCARIA', 'EFECTIVO-DEPOSITO EN CUENTA', 'EFECTIVO – TRANSFERENCIA BANCARIA SWIFT', 'TARJETA-CHEQUE', 'TARJETA-VALES', 'TARJETA-TRANSFERENCIA BANCARIA', 'TARJETA-DEPOSITO EN CUENTA', 'TARJETA-TRANSFERENCIA SWIFT', 'VALES-TRANSFERENCIA BANCARIA', 'VALES – DEPOSITO EN CUENTA', 'VALES-TRANSFERENCIA SWIFT', 'TRANSFERENCIA BANCARIA-DEPOSITO EN CUENTA', 'TRANSFERENCIA BANCARIA-TRANSFERENCIA SWIFT', 'DEPOSITO EN CUENTA – TRANSFERENCIA SWIFT', 'PAGO POSTERIOR', 'TRANSFERENCIA BANCARIA', 'GIFT-CARD', 'DEPOSITO EN CUENTA', 'TRANSFERENCIA SWIFT', 'GIFT-CARD OTROS', 'CANAL DE PAGO', 'BILLETERA MOVIL', 'PAGO ONLINE', 'EFECTIVO – PAGO POSTERIOR', 'EFECTIVO – GIFT CARD', 'EFECTIVO – CANAL PAGO', 'EFECTIVO – BILLETERA MOVIL', 'EFECTIVO – PAGO ONLINE', 'TARJETA – PAGO POSTERIOR', 'TARJETA – GIFT', 'TARJETA – CANAL PAGO', 'TARJETA – BILLETERA MOVIL', 'TARJETA – PAGO ONLINE', 'CHEQUE – VALES', 'CHEQUE – PAGO POSTERIOR', 'CHEQUE – TRANSFERENCIA BANCARIA', 'CHEQUE – DEPOSITO', 'CHEQUE – SWIFT', 'CHEQUE – GIFT', 'CHEQUE – CANAL PAGO', 'CHEQUE – BILLETERA', 'CHEQUE – PAGO ONLINE', 'VALES – GIFT', 'VALES – CANAL DE PAGO', 'VALES – BILLETERA MOVIL', 'VALES – PAGO ONLINE', 'PAGO POSTERIOR – TRANSFERENCIA BANCARIA', 'PAGO POSTERIOR – DEPOSITO EN CUENTA', 'PAGO POSTERIOR – SWIFT', 'PAGO POSTERIOR – GIFT', 'PAGO POSTERIOR – CANAL', 'PAGO POSTERIOR – BILLETERA', 'PAGO POSTERIOR – PAGO ONLINE', 'EFECTIVO', 'TRANSFERENCIA BANCARIA – GIFT-CARD', 'TARJETA', 'TRANSFERENCIA BANCARIA – CANAL DE PAGO', 'CHEQUE', 'TRANSFERENCIA BANCARIA – BILLETERA MOVIL', 'VALES', 'TRANSFERENCIA BANCARIA – PAGO ONLINE', 'OTROS', 'DEPOSITO EN CUENTA – GIFT-CARD', 'DEPOSITO EN CUENTA – CANAL DE PAGO', 'DEPOSITO EN CUENTA – BILLETERA MOVIL', 'DEPOSITO EN CUENTA  – PAGO ONLINE', 'SWIFT – GIFT', 'SWIFT – CANAL DE PAGO', 'SWIFT – BILLETERA MOVIL', 'SWIFT – PAGO ONLINE', 'GIFT-CARD – CANAL DE PAGO', 'GIFT – BILLETERA', 'GIFT – PAGO ONLINE', 'CANAL DE PAGO – BILLETERA MOVIL', 'CANAL DE PAGO – PAGO ONLINE', 'BILLETERA MOVIL – PAGO ONLINE', 'EFECTIVO - TARJETA - PAGO POSTERIOR', 'EFECTIVO - TARJETA - TRANSFERENCIA BANCARIA', 'EFECTIVO - TARJETA - DEPOSITO EN CUENTA', 'EFECTIVO - TARJETA - TRANSFERENCIA SWIFT', 'EFECTIVO - TARJETA - GIFT-CARD', 'EFECTIVO - TARJETA - CANAL DE PAGO', 'EFECTIVO - TARJETA - BILLETERA MOVIL', 'EFECTIVO - TARJETA - PAGO ONLINE', 'EFECTIVO – CHEQUE - PAGO POSTERIOR', 'EFECTIVO – CHEQUE - TRANSFERENCIA BANCARIA', 'EFECTIVO – CHEQUE - DEPOSITO EN CUENTA', 'EFECTIVO – CHEQUE - TRANSFERENCIA SWIFT', 'EFECTIVO – CHEQUE - GIFT-CARD', 'EFECTIVO – CHEQUE - CANAL DE PAGO', 'EFECTIVO – CHEQUE - BILLETERA MOVIL', 'EFECTIVO – CHEQUE - PAGO ONLINE', 'EFECTIVO – VALES - PAGO POSTERIOR', 'EFECTIVO – VALES - TRANSFERENCIA BANCARIA', 'EFECTIVO – VALES - DEPOSITO EN CUENTA', 'EFECTIVO – VALES - TRANSFERENCIA SWIFT', 'EFECTIVO – VALES - GIFT-CARD', 'EFECTIVO – VALES - CANAL DE PAGO', 'EFECTIVO – VALES - BILLETERA MOVIL', 'EFECTIVO – VALES - PAGO ONLINE', 'EFECTIVO – PAGO POSTERIOR - TRANSFERENCIA BANCARIA', 'EFECTIVO – PAGO POSTERIOR - DEPOSITO EN CUENTA', 'EFECTIVO – PAGO POSTERIOR - TRANSFERENCIA SWIFT', 'EFECTIVO – PAGO POSTERIOR - GIFT-CARD', 'EFECTIVO – PAGO POSTERIOR - CANAL DE PAGO', 'EFECTIVO – PAGO POSTERIOR - BILLETERA MOVIL', 'EFECTIVO – PAGO POSTERIOR - PAGO ONLINE', 'EFECTIVO – TRANSFERENCIA BANCARIA  – DEPOSITO EN CUENTA', 'EFECTIVO – TRANSFERENCIA BANCARIA  – TRANSFERENCIA SWIFT', 'EFECTIVO – TRANSFERENCIA BANCARIA  – GIFT-CARD', 'EFECTIVO – TRANSFERENCIA BANCARIA  – CANAL DE PAGO', 'EFECTIVO – TRANSFERENCIA BANCARIA  – BILLETERA MOVIL', 'EFECTIVO – TRANSFERENCIA BANCARIA  – PAGO ONLINE', 'EFECTIVO – DEPOSITO EN CUENTA  – TRANSFERENCIA SWIFT', 'EFECTIVO – DEPOSITO EN CUENTA  – GIFT-CARD', 'EFECTIVO – DEPOSITO EN CUENTA  – CANAL DE PAGO', 'EFECTIVO – DEPOSITO EN CUENTA  – BILLETERA MOVIL', 'EFECTIVO – DEPOSITO EN CUENTA  – PAGO ONLINE', 'EFECTIVO – SWIFT - GIFT-CARD', 'EFECTIVO – SWIFT - CANAL DE PAGO', 'EFECTIVO – SWIFT - BILLETERA MOVIL', 'EFECTIVO – SWIFT - PAGO ONLINE', 'EFECTIVO – GIFT CARD - CANAL DE PAGO', 'EFECTIVO – GIFT CARD - BILLETERA MOVIL', 'EFECTIVO – GIFT CARD - PAGO ONLINE', 'EFECTIVO – CANAL PAGO - BILLETERA MOVIL', 'EFECTIVO – CANAL PAGO - PAGO ONLINE', 'EFECTIVO – BILLETERA MOVIL - PAGO ONLINE', 'TARJETA – CHEQUE - PAGO POSTERIOR', 'TARJETA – CHEQUE - TRANSFERENCIA BANCARIA', 'TARJETA – CHEQUE - DEPOSITO EN CUENTA', 'TARJETA – CHEQUE - TRANSFERENCIA SWIFT', 'TARJETA – CHEQUE - GIFT-CARD', 'TARJETA – CHEQUE - CANAL DE PAGO', 'TARJETA – CHEQUE - BILLETERA MOVIL', 'TARJETA – CHEQUE - PAGO ONLINE', 'TARJETA – VALES - PAGO POSTERIOR', 'TARJETA – VALES - TRANSFERENCIA BANCARIA', 'TARJETA – VALES - DEPOSITO EN CUENTA', 'TARJETA – VALES - TRANSFERENCIA SWIFT', 'TARJETA – VALES - GIFT-CARD', 'TARJETA – VALES - CANAL DE PAGO', 'TARJETA – VALES - BILLETERA MOVIL', 'TARJETA – VALES - PAGO ONLINE', 'TARJETA – PAGO POSTERIOR - TRANSFERENCIA BANCARIA', 'TARJETA – PAGO POSTERIOR - DEPOSITO EN CUENTA', 'TARJETA – PAGO POSTERIOR - TRANSFERENCIA SWIFT', 'TARJETA – PAGO POSTERIOR - GIFT-CARD', 'TARJETA – PAGO POSTERIOR - CANAL DE PAGO', 'TARJETA – PAGO POSTERIOR - BILLETERA MOVIL', 'TARJETA – PAGO POSTERIOR - PAGO ONLINE', 'TARJETA – TRANSFERENCIA BANCARIA – DEPOSITO EN CUENTA', 'TARJETA – TRANSFERENCIA BANCARIA - TRANSFERENCIA SWIFT', 'TARJETA – TRANSFERENCIA BANCARIA – GIFT-CARD', 'TARJETA – TRANSFERENCIA BANCARIA – CANAL DE PAGO', 'TARJETA – TRANSFERENCIA  BANCARIA – BILLETERA MOVIL', 'TARJETA – TRANSFERENCIA BANCARIA – PAGO ONLINE', 'TARJETA – DEPOSITO EN CUENTA – TRANSFERENCIA SWIFT', 'TARJETA – DEPOSITO EN CUENTA – GIFT-CARD', 'TARJETA – DEPOSITO EN CUENTA – CANAL DE PAGO', 'TARJETA – DEPOSITO EN CUENTA  – BILLETERA MOVIL', 'TARJETA – DEPOSITO EN CUENTA – PAGO ONLINE', 'TARJETA – SWIFT - GIFT-CARD', 'TARJETA – SWIFT - CANAL DE PAGO', 'TARJETA – SWIFT - BILLETERA MOVIL', 'TARJETA – SWIFT - PAGO ONLINE', 'TARJETA – GIFT - CANAL DE PAGO', 'TARJETA – GIFT - BILLETERA MOVIL', 'TARJETA – GIFT - PAGO ONLINE', 'TARJETA – CANAL PAGO - BILLETERA MOVIL', 'TARJETA – CANAL PAGO - PAGO ONLINE', 'TARJETA – BILLETERA MOVIL - PAGO ONLINE', 'CHEQUE – VALES - PAGO POSTERIOR', 'CHEQUE – VALES - TRANSFERENCIA BANCARIA', 'CHEQUE – VALES - DEPOSITO EN CUENTA', 'CHEQUE – VALES - TRANSFERENCIA SWIFT', 'CHEQUE – VALES - GIFT-CARD', 'CHEQUE – VALES - CANAL DE PAGO', 'CHEQUE – VALES - BILLETERA MOVIL', 'CHEQUE – VALES - PAGO ONLINE', 'CHEQUE – PAGO POSTERIOR - TRANSFERENCIA BANCARIA', 'CHEQUE – PAGO POSTERIOR - DEPOSITO EN CUENTA', 'CHEQUE – PAGO POSTERIOR - TRANSFERENCIA SWIFT', 'CHEQUE – PAGO POSTERIOR - GIFT-CARD', 'CHEQUE – PAGO POSTERIOR - CANAL DE PAGO', 'CHEQUE – PAGO POSTERIOR - BILLETERA MOVIL', 'CHEQUE – PAGO POSTERIOR - PAGO ONLINE', 'CHEQUE – TRANSFERENCIA BANCARIA – DEPOSITO EN CUENTA', 'CHEQUE – TRANSFERENCIA BANCARIA – TRANSFERENCIA SWIFT', 'CHEQUE – TRANSFERENCIA BANCARIA – GIFT-CARD', 'CHEQUE – TRANSFERENCIA BANCARIA – CANAL DE PAGO', 'CHEQUE – TRANSFERENCIA BANCARIA – BILLETERA MOVIL', 'CHEQUE – TRANSFERENCIA BANCARIA – PAGO ONLINE', 'CHEQUE – DEPOSITO EN CUENTA - TRANSFERENCIA SWIFT', 'CHEQUE – DEPOSITO EN CUENTA - GIFT-CARD', 'CHEQUE – DEPOSITO EN CUENTA - CANAL DE PAGO', 'CHEQUE – DEPOSITO EN CUENTA - BILLETERA MOVIL', 'CHEQUE – DEPOSITO EN CUENTA - PAGO ONLINE', 'CHEQUE – SWIFT - GIFT-CARD', 'CHEQUE – SWIFT - CANAL DE PAGO', 'CHEQUE – SWIFT - BILLETERA MOVIL', 'CHEQUE – SWIFT - PAGO ONLINE', 'CHEQUE – GIFT - CANAL DE PAGO', 'CHEQUE – GIFT - BILLETERA MOVIL', 'CHEQUE – GIFT - PAGO ONLINE', 'CHEQUE – CANAL PAGO - BILLETERA MOVIL', 'CHEQUE – CANAL PAGO - PAGO ONLINE', 'CHEQUE – BILLETERA MOVIL  – PAGO ONLINE', 'VALES – SWIFT - TRANSFERENCIA BANCARIA', 'VALES – SWIFT - DEPOSITO EN CUENTA', 'VALES – SWIFT - TRANSFERENCIA SWIFT', 'VALES – SWIFT - GIFT-CARD', 'VALES – SWIFT - CANAL DE PAGO', 'VALES – SWIFT - BILLETERA MOVIL', 'VALES – SWIFT - PAGO ONLINE', 'VALES – GIFT - DEPOSITO EN CUENTA', 'VALES – GIFT - TRANSFERENCIA SWIFT', 'VALES – GIFT-CARD – TARJETA', 'VALES – GIFT - CANAL DE PAGO', 'VALES – GIFT - BILLETERA MOVIL', 'VALES – GIFT - PAGO ONLINE', 'VALES – CANAL DE PAGO  – TRANSFERENCIA SWIFT', 'VALES – CANAL DE PAGO  – GIFT-CARD', 'VALES – CANAL DE PAGO  – CANAL DE PAGO', 'VALES – CANAL DE PAGO  – BILLETERA MOVIL', 'VALES – CANAL DE PAGO  – PAGO ONLINE', 'VALES – BILLETERA MOVIL – GIFT-CARD', 'VALES – BILLETERA MOVIL – CANAL DE PAGO', 'VALES – BILLETERA MOVIL – BILLETERA MOVIL', 'VALES – BILLETERA MOVIL – PAGO ONLINE', 'VALES – PAGO ONLINE - CANAL DE PAGO', 'VALES – PAGO ONLINE - BILLETERA MOVIL', 'VALES – PAGO ONLINE - PAGO ONLINE', 'PAGO POSTERIOR – TRANSFERENCIA BANCARIA  – DEPOSITO EN CUENTA', 'PAGO POSTERIOR – TRANSFERENCIA BANCARIA  – TRANSFERENCIA SWIFT', 'PAGO POSTERIOR – TRANSFERENCIA BANCARIA  – GIFT-CARD', 'PAGO POSTERIOR – TRANSFERENCIA BANCARIA  – CANAL DE PAGO', 'PAGO POSTERIOR – TRANSFERENCIA BANCARIA  – BILLETERA MOVIL', 'PAGO POSTERIOR – TRANSFERENCIA BANCARIA  – PAGO ONLINE', 'PAGO POSTERIOR – DEPOSITO EN CUENTA  – TRANSFERENCIA SWIFT', 'PAGO POSTERIOR – DEPOSITO EN CUENTA  – GIFT-CARD', 'PAGO POSTERIOR – DEPOSITO EN CUENTA  – CANAL DE PAGO', 'PAGO POSTERIOR – DEPOSITO EN CUENTA  – BILLETERA MOVIL', 'PAGO POSTERIOR – DEPOSITO EN CUENTA  – PAGO ONLINE', 'PAGO POSTERIOR – SWIFT - GIFT-CARD', 'PAGO POSTERIOR – SWIFT - CANAL DE PAGO', 'PAGO POSTERIOR – SWIFT - BILLETERA MOVIL', 'PAGO POSTERIOR – SWIFT - PAGO ONLINE', 'PAGO POSTERIOR – GIFT - CANAL DE PAGO', 'PAGO POSTERIOR – GIFT - BILLETERA MOVIL', 'PAGO POSTERIOR – GIFT - PAGO ONLINE', 'PAGO POSTERIOR – CANAL DE PAGO - BILLETERA MOVIL', 'PAGO POSTERIOR – CANAL DE PAGO - PAGO ONLINE', 'PAGO POSTERIOR – BILLETERA MOVIL - PAGO ONLINE', 'TRANSFERENCIA BANCARIA – DEPOSITO EN CUENTA  – TRANSFERENCIA SWIFT', 'TRANSFERENCIA BANCARIA – DEPOSITO  EN CUENTA – GIFT-CARD', 'TRANSFERENCIA BANCARIA – DEPOSITO  EN CUENTA – CANAL DE PAGO', 'TRANSFERENCIA BANCARIA – DEPOSITO EN CUENTA   – BILLETERA MOVIL', 'TRANSFERENCIA BANCARIA– DEPOSITO  EN CUENTA – PAGO ONLINE', 'TRANSFERENCIA BANCARIA – SWIFT  – GIFT-CARD', 'TRANSFERENCIA BANCARIA – SWIFT  – CANAL DE PAGO', 'TRANSFERENCIA BANCARIA – SWIFT  – BILLETERA MOVIL', 'TRANSFERENCIA BANCARIA – SWIFT  – PAGO ONLINE', 'TRANSFERENCIA BANCARIA – GIFT-CARD  – CANAL DE PAGO', 'TRANSFERENCIA BANCARIA – GIFT-CARD  – BILLETERA MOVIL', 'TRANSFERENCIA BANCARIA – GIFT-CARD  – PAGO ONLINE', 'TRANSFERENCIA BANCARIA – CANAL DE PAGO – BILLETERA MOVIL', 'TRANSFERENCIA BANCARIA – CANAL DE PAGO – PAGO ONLINE', 'TRANSFERENCIA BANCARIA – BILLETERA MOVIL – PAGO ONLINE', 'DEPOSITO EN CUENTA  – SWIFT  – GIFT-CARD', 'DEPOSITO EN CUENTA  – SWIFT  – CANAL DE PAGO', 'DEPOSITO EN CUENTA  – SWIFT  – BILLETERA MOVIL', 'DEPOSITO EN CUENTA  – SWIFT  – PAGO ONLINE', 'DEPOSITO EN CUENTA – GIFT-CARD  – CANAL DE PAGO', 'DEPOSITO EN CUENTA – GIFT-CARD  – BILLETERA MOVIL', 'DEPOSITO EN CUENTA  – GIFT-CARD  – PAGO ONLINE', 'DEPOSITO EN CUENTA –  CANAL DE PAGO  – BILLETERA MOVIL', 'DEPOSITO EN CUENTA – CANAL DE PAGO   – PAGO ONLINE', 'DEPOSITO EN CUENTA – BILLETERA MOVIL  – PAGO ONLINE', 'SWIFT – GIFT - CANAL DE PAGO', 'SWIFT – GIFT - BILLETERA MOVIL', 'SWIFT – GIFT - PAGO ONLINE', 'SWIFT – CANAL DE PAGO  – BILLETERA MOVIL', 'SWIFT – CANAL  DE PAGO – PAGO ONLINE', 'SWIFT – BILLETERA MOVIL  – PAGO ONLINE', 'GIFT-CARD – CANAL DE PAGO  – BILLETERA MOVIL', 'GIFT-CARD – CANAL DE PAGO  – PAGO ONLINE', 'GIFT-CARD – BILLETERA MOVIL - PAGO ONLINE', 'CANAL DE PAGO – BILLETERA MOVIL  – PAGO ONLINE', 'DEBITO AUTOMATICO', 'DEBITO AUTOMATICO – EFECTIVO', 'DEBITO AUTOMATICO -TARJETA', 'DEBITO AUTOMATICO – CHEQUE']
2024-07-19 03:49:10,548 - DEBUG - Índice del método de pago predeterminado: 0
2024-07-19 03:49:10,559 - DEBUG - Método de pago seleccionado: EFECTIVO
2024-07-19 03:49:10,568 - INFO - Código clasificador del método de pago seleccionado: 1 (<class 'int'>)
2024-07-19 03:49:10,577 - DEBUG - Aplicar Descuento: True
2024-07-19 03:49:10,586 - DEBUG - Descuento adicional ingresado: 10
2024-07-19 03:49:10,594 - INFO - Verificando si el código clasificador 1 (<class 'int'>) está en la lista de códigos de gift card: [102, 109, 115, 120, 124, 128, 129, 130, 138, 146, 153, 159, 164, 168, 172, 173, 174, 182, 189, 195, 200, 204, 208, 209, 210, 217, 221, 222, 223, 224, 225, 226, 228, 232, 241, 246, 250, 254, 255, 256, 261, 265, 269, 270, 271, 275, 279, 280, 281, 285, 286, 287, 291, 292, 293, 30, 304, 35, 40, 49, 53, 60, 64, 68, 72, 76, 77, 78, 86, 94]
2024-07-19 03:49:10,602 - WARNING - El código del método de pago seleccionado (1) no permite aplicar Gift Card.
2024-07-19 03:49:10,612 - DEBUG - Descuento Adicional Final: 10
2024-07-19 03:49:10,620 - DEBUG - Monto Gift Card Final: 0
2024-07-19 03:49:10,640 - INFO - El CUF generado es: 178B43EFDB95AE6C220A4D9AE5EA7124E3205A678041B0EDB373D8E74
2024-07-19 03:49:10,648 - INFO - Iniciando la generación del XML de la factura.
2024-07-19 03:49:10,656 - DEBUG - Valores recibidos: nit_emisor=344096024, razon_social_emisor=BOLIVIAN FOODS & DRINKS S.R.L., municipio=LA PAZ, telefono=59112345678, numero_factura=460, cuf=178B43EFDB95AE6C220A4D9AE5EA7124E3205A678041B0EDB373D8E74, cufd=BQW9Dfm9pQUE=N0jIwOUI5RDBENjY=QnxdWG9XVEhZVUFM0OEY3NkRBRkU0R, codigo_sucursal=0, direccion=AVENIDA MONTENEGRO NRO. SN EDIF.: ARACELY PISO: PB DEPTO.: BLOQUE E7 ZONA/BARRIO: SAN MIGUEL, codigo_punto_venta=0, fecha_emision=2024-07-19T03:49:10.634, nombre_razon_social=pipo, codigo_tipo_documento_identidad=4, numero_documento=35565, complemento=None, codigo_cliente=35565, codigo_metodo_pago=1, ultimos_digitos_tarjeta=None, subtotal=400.00, total=390.00, codigo_moneda=1, tipo_cambio=1, monto_total_moneda=390.00, monto_giftcard=0, descuento_adicional=10, leyenda=Ley N° 453: Tienes derecho a recibir información sobre las características y contenidos de los servicios que utilices., usuario=don_bercho, codigo_documento_sector=1, lineas_productos=[{'nombre': 'C DON LUCHO SILVER', 'precio_venta': '400.00', 'codigo': 49, 'unidad': 'Unid', 'cantidad': 1, 'sub_total': 400.0}]
2024-07-19 03:49:10,668 - DEBUG - Validando y formateando la fecha: 2024-07-19T03:49:10.634
2024-07-19 03:49:10,677 - INFO - Fecha validada y formateada correctamente: 2024-07-19T03:49:10.634
2024-07-19 03:49:10,686 - DEBUG - Procesando la línea de producto: {'nombre': 'C DON LUCHO SILVER', 'precio_venta': '400.00', 'codigo': 49, 'unidad': 'Unid', 'cantidad': 1, 'sub_total': 400.0}
2024-07-19 03:49:10,698 - INFO - XML inicial guardado en xmls/factura_178B43EFDB95AE6C220A4D9AE5EA7124E3205A678041B0EDB373D8E74_antes_de_canonicalizar.xml
2024-07-19 03:49:10,709 - INFO - XML de la factura generado correctamente.
2024-07-19 03:49:10,716 - DEBUG - XML Generado:
<facturaElectronicaCompraVenta xmlns:xsi="http://www.w3.org/2001/XMLSchema-instance" xsi:noNamespaceSchemaLocation="schemas/facturaElectronicaCompraVenta.xsd"><cabecera><nitEmisor>344096024</nitEmisor><razonSocialEmisor>BOLIVIAN FOODS &amp; DRINKS S.R.L.</razonSocialEmisor><municipio>LA PAZ</municipio><telefono>59112345678</telefono><numeroFactura>460</numeroFactura><cuf>178B43EFDB95AE6C220A4D9AE5EA7124E3205A678041B0EDB373D8E74</cuf><cufd>BQW9Dfm9pQUE=N0jIwOUI5RDBENjY=QnxdWG9XVEhZVUFM0OEY3NkRBRkU0R</cufd><codigoSucursal>0</codigoSucursal><direccion>AVENIDA MONTENEGRO NRO. SN EDIF.: ARACELY PISO: PB DEPTO.: BLOQUE E7 ZONA/BARRIO: SAN MIGUEL</direccion><codigoPuntoVenta>0</codigoPuntoVenta><fechaEmision>2024-07-19T03:49:10.634</fechaEmision><nombreRazonSocial>PIPO</nombreRazonSocial><codigoTipoDocumentoIdentidad>4</codigoTipoDocumentoIdentidad><numeroDocumento>35565</numeroDocumento><complemento xsi:nil="true" /><codigoCliente>35565</codigoCliente><codigoMetodoPago>1</codigoMetodoPago><numeroTarjeta xsi:nil="true" /><montoTotal>390.00</montoTotal><montoTotalSujetoIva>390.00</montoTotalSujetoIva><codigoMoneda>1</codigoMoneda><tipoCambio>1.00</tipoCambio><montoTotalMoneda>390.00</montoTotalMoneda><montoGiftCard>0</montoGiftCard><descuentoAdicional>10</descuentoAdicional><codigoExcepcion xsi:nil="true" /><cafc xsi:nil="true" /><leyenda>Ley N° 453: Tienes derecho a recibir información sobre las características y contenidos de los servicios que utilices.</leyenda><usuario>don_bercho</usuario><codigoDocumentoSector>1</codigoDocumentoSector></cabecera><detalle><actividadEconomica>561110</actividadEconomica><codigoProductoSin>99100</codigoProductoSin><codigoProducto>49</codigoProducto><descripcion>C DON LUCHO SILVER</descripcion><cantidad>1</cantidad><unidadMedida>1</unidadMedida><precioUnitario>400.00</precioUnitario><montoDescuento xsi:nil="true" /><subTotal>400.0</subTotal><numeroSerie xsi:nil="true" /><numeroImei xsi:nil="true" /></detalle></facturaElectronicaCompraVenta>
2024-07-19 03:49:10,730 - INFO - Iniciando proceso de firma del XML
2024-07-19 03:49:10,740 - INFO - Hash del XML original: 40f86313189207e9801d40a9c116692c8f574e7bf44fda9e5eac0d8e59872805
2024-07-19 03:49:10,747 - INFO - XML canonicalizado exitosamente.
2024-07-19 03:49:10,755 - INFO - Hash del XML: 63cad4779904ac7db8609cb9f4f47201eb59064115a39ee0220606cbdaff8bd9
2024-07-19 03:49:10,762 - INFO - Hash del XML en Base64: Y8rUd5kErH24YJy59PRyAetZBkEVo57gIgYGy9r/i9k=
2024-07-19 03:49:10,769 - INFO - Etiquetas de signature añadidas al XML.
2024-07-19 03:49:10,776 - INFO - SignedInfo canonicalizado exitosamente.
2024-07-19 03:49:10,854 - INFO - SignedInfo firmado exitosamente.
2024-07-19 03:49:10,860 - INFO - SignatureValue en Base64: rtRmLSj57GwwUNWtlMH8cyCL3lNYiiti35X4l6y34c03mMhkM51QIQB7WLb25JA+kwE8JJDCVDkpB2Qm/y67NNZ6Tk8XbG/7W5igxtKmFPML0MXF0Nt2NujDWwYyWawiHVlSZHQ+JzIvDEoc+CS0ULTfuqDVBryBomlX52Dnb05ygZTqmwaCgPjTMC78dHazAidXeF9YiyHNj2D+AoogBOsrj2PvUrgTr2mQ5BjmkGzCOBu7sotuog/QQSkz1xJfI7MRJ55njOdGdzBD8JYzHm24aahsDYdVE8S+71R63zcElNL5WpvmOlo/hFYXrm+NcwFInOOBaGQSXiyUQm3J5A==
2024-07-19 03:49:10,867 - INFO - SignatureValue añadido al XML.
2024-07-19 03:49:10,879 - INFO - X509Certificate añadido al XML.
2024-07-19 03:49:10,889 - INFO - Hash del XML firmado (sin nodo de firma): 63cad4779904ac7db8609cb9f4f47201eb59064115a39ee0220606cbdaff8bd9
2024-07-19 03:49:10,897 - INFO - El XML no se ha modificado después de la firma.
2024-07-19 03:49:10,907 - DEBUG - Validando XML: xmls/factura_178B43EFDB95AE6C220A4D9AE5EA7124E3205A678041B0EDB373D8E74_.xml contra el esquema XSD: xmls/schemas/facturaElectronicaCompraVenta.xsd
2024-07-19 03:49:10,985 - INFO - El XML es válido contra el esquema principal.
2024-07-19 03:49:10,993 - DEBUG - Comprimiendo XML: xmls/factura_178B43EFDB95AE6C220A4D9AE5EA7124E3205A678041B0EDB373D8E74_.xml
2024-07-19 03:49:11,004 - INFO - Archivo comprimido: xmls/factura_178B43EFDB95AE6C220A4D9AE5EA7124E3205A678041B0EDB373D8E74_.xml.gz
2024-07-19 03:49:11,014 - DEBUG - Obteniendo hash SHA-256 del archivo: xmls/factura_178B43EFDB95AE6C220A4D9AE5EA7124E3205A678041B0EDB373D8E74_.xml.gz
2024-07-19 03:49:11,070 - INFO - Hash SHA-256 obtenido: d3819326626ea10679c297ede8249e78e1de5aac7b73870d78a639baa1be67f4
2024-07-19 03:49:11,087 - DEBUG - Enviando solicitud SOAP
2024-07-19 03:49:11,095 - DEBUG - Validando XML: xmls/factura_178B43EFDB95AE6C220A4D9AE5EA7124E3205A678041B0EDB373D8E74_.xml contra el esquema XSD: xmls/schemas/facturaElectronicaCompraVenta.xsd
2024-07-19 03:49:11,154 - INFO - El XML es válido contra el esquema principal.
2024-07-19 03:49:11,162 - DEBUG - Comprimiendo XML: xmls/factura_178B43EFDB95AE6C220A4D9AE5EA7124E3205A678041B0EDB373D8E74_.xml
2024-07-19 03:49:11,170 - INFO - Archivo comprimido: xmls/factura_178B43EFDB95AE6C220A4D9AE5EA7124E3205A678041B0EDB373D8E74_.xml.gz
2024-07-19 03:49:11,178 - DEBUG - Obteniendo hash SHA-256 del archivo: xmls/factura_178B43EFDB95AE6C220A4D9AE5EA7124E3205A678041B0EDB373D8E74_.xml.gz
2024-07-19 03:49:11,186 - INFO - Hash SHA-256 obtenido: d3819326626ea10679c297ede8249e78e1de5aac7b73870d78a639baa1be67f4
2024-07-19 03:49:11,196 - DEBUG - Construyendo cuerpo de la solicitud SOAP
2024-07-19 03:49:11,207 - DEBUG - Starting new HTTPS connection (1): pilotosiatservicios.impuestos.gob.bo:443
2024-07-19 03:49:11,854 - DEBUG - https://pilotosiatservicios.impuestos.gob.bo:443 "POST /v2/ServicioFacturacionCompraVenta HTTP/1.1" 200 455
2024-07-19 03:49:11,867 - INFO - Response status code: 200
2024-07-19 03:49:11,875 - DEBUG - Response content: <soap:Envelope xmlns:soap="http://schemas.xmlsoap.org/soap/envelope/"><soap:Body><ns2:recepcionFacturaResponse xmlns:ns2="https://siat.impuestos.gob.bo/"><RespuestaServicioFacturacion><codigoDescripcion>VALIDADA</codigoDescripcion><codigoEstado>908</codigoEstado><codigoRecepcion>634c8690-45a3-11ef-b7c9-0119fa8312bd</codigoRecepcion><transaccion>true</transaccion></RespuestaServicioFacturacion></ns2:recepcionFacturaResponse></soap:Body></soap:Envelope>
